====================================================================================
전략별 번호 순위 분석 — 기준 1216~1235회 (다음 회차 1236회 대상)
====================================================================================
모든 계산은 strategy_prob.py 로직 재사용 / 각 회차는 직전 20회만 사용(미래정보 차단)
[1][2] 확률: 전략당 100,000줄 시뮬 (분배회피는 마스터풀 200,000개 기반)
[3] 확률: 회차당 1,500줄 시뮬 × 1,215회차

━━━━━━━━━━━━━━━━━━━━━━━━━━━━━━━━━━━━━━━━━━━━━━━━━━━━━━━━━━━━━━━━━━━━━━━━━━━━━━━━━━━━
[1] 전략별 숫자 순위표 — 1~45번을 추출확률 높은 순으로
━━━━━━━━━━━━━━━━━━━━━━━━━━━━━━━━━━━━━━━━━━━━━━━━━━━━━━━━━━━━━━━━━━━━━━━━━━━━━━━━━━━━

◆ 🎯보너스추적  최고 63.3% / 최저 5.8% / 격차 57.5%p
   고정번호 후보: [20, 27, 29]
     순위   번호     확률%      순위   번호     확률%      순위   번호     확률%
        1   20*  63.3        16   14   10.8        31   16    9.4
        2   27*  56.0        17    8   10.7        32   37    9.4
        3   29*  44.7        18   24   10.6        33    4    9.4
        4    5   23.8        19   36   10.6        34    7    9.3
        5   40   14.9        20   12   10.5        35   35    9.0
        6   26   14.8        21   18   10.5        36   17    8.8
        7   38   13.5        22   22   10.2        37   44    8.5
        8    1   12.4        23   34   10.2        38   25    8.5
        9   42   12.0        24    9   10.1        39   41    7.9
       10   15   11.9        25    6   10.0        40    3    7.9
       11   10   11.8        26   32    9.9        41   19    7.4
       12   33   11.7        27   11    9.8        42   43    7.3
       13    2   11.6        28   31    9.7        43   45    7.2
       14   23   11.2        29   21    9.6        44   30    6.7
       15   13   10.8        30   39    9.5        45   28    5.8

◆ 🚀미출현폭탄  최고 100.0% / 최저 4.8% / 격차 95.2%p
   고정번호 후보: [5]
     순위   번호     확률%      순위   번호     확률%      순위   번호     확률%
        1    5* 100.0        16   44   12.4        31   17    9.6
        2   21   22.0        17   30   12.4        32   12    9.4
        3   40   18.6        18   16   12.1        33   45    9.4
        4   27   18.1        19   15   12.1        34   29    9.1
        5   26   17.3        20   28   12.1        35   43    8.8
        6   38   17.0        21   33   11.7        36    8    8.8
        7   42   15.7        22   25   11.5        37   41    8.7
        8   24   15.0        23   39   11.2        38   11    8.1
       10   18   14.3        24   37   10.8        39   13    8.0
       10   36   14.3        25   10   10.3        40    9    7.2
       11   20   13.5        26   14   10.2        41    1    6.6
       12   22   13.3        27   35   10.1        42    7    6.3
       13   23   13.3        28   19   10.0        43    6    5.5
       14   34   13.3        29    2    9.8        44    4    4.9
       15   32   12.7        30   31    9.6        45    3    4.8

◆ 🔄휴식회귀  최고 49.4% / 최저 8.0% / 격차 41.4%p
   고정번호 후보: [13, 18, 28]
     순위   번호     확률%      순위   번호     확률%      순위   번호     확률%
        1   28*  49.4        16    2   12.1        31   32    9.9
        2   18*  45.9        17   31   11.9        32   17    9.9
        3   13*  28.5        18   35   11.6        33    8    9.4
        4    5   26.1        19   42   11.3        34   16    9.3
        5   26   16.7        20    9   11.2        35   14    9.3
        6   21   15.6        21   24   11.2        36   41    9.2
        7   40   15.5        22    7   10.9        37   45    9.2
        8   23   14.6        23   36   10.8        38   43    9.2
        9   33   14.3        24   22   10.6        39   12    8.7
       10   38   13.6        25   20   10.5        40    6    8.6
       11    1   12.9        26   10   10.5        41    3    8.6
       12   11   12.5        27   27   10.4        42   30    8.5
       13   39   12.2        28   15   10.2        43   44    8.4
       14   37   12.2        29   34   10.1        44   29    8.3
       15   25   12.1        30   19   10.1        45    4    8.0

◆ 🔁이월수  최고 42.8% / 최저 5.9% / 격차 36.8%p
   고정번호 후보: [6, 7, 11, 15, 39, 43]
     순위   번호     확률%      순위   번호     확률%      순위   번호     확률%
        1    6*  42.8        16   21   12.5        31   37    9.0
        2   15*  33.8        17   42   11.7        32    1    9.0
        3   11*  28.1        18   27   11.6        33   31    9.0
        4   43*  26.9        19   33   11.6        34   14    8.8
        5   39*  26.2        20   28   11.4        35   13    8.8
        6    7*  25.7        21   36   10.9        36   12    8.7
        7   26   21.8        22   25   10.8        37   35    8.6
        8    5   15.5        23   16   10.7        38   44    8.6
        9   40   15.2        24   30   10.6        39    8    8.2
       10   23   14.0        25   19   10.3        40    2    8.1
       11   38   13.8        26   34   10.2        41    9    7.8
       12   22   13.5        27   17    9.9        42   41    7.6
       13   24   13.4        28   32    9.8        43    4    7.4
       14   18   13.3        29   10    9.4        44   45    7.3
       15   20   12.9        30   29    9.3        45    3    5.9

◆ ✨최약끝수  최고 49.7% / 최저 6.1% / 격차 43.6%p
   고정번호 후보: [7, 17, 27, 37]
     순위   번호     확률%      순위   번호     확률%      순위   번호     확률%
        1    7*  49.7        16   14   11.3        31   13    8.9
        2   37*  44.9        17   12   11.2        32    6    8.8
        3   17*  39.5        18   32   11.1        33   15    8.7
        4   27*  37.1        19   34   11.0        34   25    8.5
        5   26   19.7        20   16   10.6        35   19    8.4
        6    5   18.2        21   21   10.6        36   11    8.3
        7   40   16.8        22    2   10.6        37   31    8.0
        8   22   13.8        23   28   10.5        38   39    7.8
        9   38   13.6        24   36   10.5        39    9    7.8
       10   24   13.6        25   30   10.4        40   35    7.6
       11   42   13.4        26   33   10.0        41   29    7.4
       12   20   13.1        27   44    9.7        42   41    6.6
       13   10   12.3        28    8    9.6        43   45    6.2
       14   18   11.9        29    4    9.4        44    3    6.1
       15   23   11.6        30    1    9.3        45   43    6.1

◆ 🎲합계정밀  최고 25.7% / 최저 9.3% / 격차 16.4%p ← 확률 평평 (고정번호 없음, 사실상 순위 무의미)
     순위   번호     확률%      순위   번호     확률%      순위   번호     확률%
        1    5   25.7        16   13   13.7        31   35   11.9
        2   26   22.7        17   16   13.6        32    6   11.7
        3   23   17.8        18   17   13.6        33   25   11.6
        4   21   17.8        19   10   13.5        34   12   11.5
        5   40   17.7        20   30   13.2        35    7   11.4
        6   38   15.4        21   28   12.8        36   44   11.0
        7   24   15.4        22   36   12.7        37   45   11.0
        8   22   15.1        23    9   12.6        38   11   11.0
        9   33   14.7        24   31   12.5        39   15   10.7
       10   20   14.7        25   32   12.3        40    4   10.4
       11    1   14.1        26   14   12.3        41   43   10.2
       12   18   14.0        27   29   12.3        42   39   10.2
       13   19   13.9        28    8   12.1        43    3   10.2
       14   27   13.9        29   37   12.0        44   41   10.1
       15   42   13.7        30   34   12.0        45    2    9.3

◆ 🤫분배회피  최고 17.3% / 최저 9.5% / 격차 7.9%p ← 확률 평평 (고정번호 없음, 사실상 순위 무의미)
     순위   번호     확률%      순위   번호     확률%      순위   번호     확률%
        1   41   17.3        16   18   12.8        32    1   11.9
        2   40   17.2        17   23   12.8        32   28   11.9
        3   33   17.2        18   26   12.7        32   29   11.9
        4   34   17.1        19   16   12.5        34    2   11.8
        5   42   16.9        20   24   12.4        35   13   11.8
        6   35   16.8        22    8   12.4        36   30   11.7
        7   36   16.7        22   19   12.4        37   12   11.6
        8   32   16.6        23   21   12.3        38   10   11.4
        9   38   16.5        24   17   12.3        39    5   11.3
       10   44   16.5        25   22   12.2        40   11   11.3
       11   45   16.2        26   25   12.2        41    3   11.3
       12   37   15.7        27    4   12.2        42    6   11.2
       13   43   15.4        28   14   12.1        43   15   11.2
       14   39   15.2        29    9   11.9        44    7   11.0
       15   20   13.0        30   27   11.9        45   31    9.5

  * = 그 전략의 고정번호 후보

━━━━━━━━━━━━━━━━━━━━━━━━━━━━━━━━━━━━━━━━━━━━━━━━━━━━━━━━━━━━━━━━━━━━━━━━━━━━━━━━━━━━
[2] 지금 앱이 뽑은 번호의 순위 — 전략당 5줄 (1236회용)
━━━━━━━━━━━━━━━━━━━━━━━━━━━━━━━━━━━━━━━━━━━━━━━━━━━━━━━━━━━━━━━━━━━━━━━━━━━━━━━━━━━━

◆ 🎯보너스추적
   1줄:  5(4위)  20(1위)  25(38위)  29(3위)  31(28위)  40(5위)   평균 13.2위
   2줄:  7(34위)  24(18위)  25(38위)  27(2위)  29(3위)  44(37위)   평균 22.0위
   3줄: 12(20위)  18(21위)  20(1위)  26(6위)  27(2위)  31(28위)   평균 13.0위
   4줄:  5(4위)  10(11위)  13(15위)  29(3위)  31(28위)  42(9위)   평균 11.7위
   5줄:  1(8위)  15(10위)  20(1위)  28(45위)  30(44위)  45(43위)   평균 25.2위
   → 5줄 30개 번호의 평균 순위: 17.0위 (45개 중 무작위면 23.0위)

◆ 🚀미출현폭탄
   1줄:  5(1위)   8(36위)  28(20위)  31(30위)  35(27위)  37(24위)   평균 23.0위
   2줄:  3(45위)   5(1위)  14(26위)  27(4위)  30(17위)  44(16위)   평균 18.2위
   3줄:  5(1위)   9(40위)  25(22위)  30(17위)  31(30위)  44(16위)   평균 21.0위
   4줄:  5(1위)   7(42위)  10(25위)  29(34위)  41(37위)  44(16위)   평균 25.8위
   5줄:  5(1위)   6(43위)  11(38위)  24(8위)  26(5위)  38(6위)   평균 16.8위
   → 5줄 30개 번호의 평균 순위: 21.0위 (45개 중 무작위면 23.0위)

◆ 🔄휴식회귀
   1줄: 15(28위)  18(2위)  20(25위)  26(5위)  31(17위)  38(10위)   평균 14.5위
   2줄:  5(4위)   7(22위)  28(1위)  32(31위)  37(14위)  40(7위)   평균 13.2위
   3줄:  5(4위)  12(39위)  15(28위)  28(1위)  31(17위)  42(19위)   평균 18.0위
   4줄: 13(3위)  17(32위)  20(25위)  28(1위)  29(44위)  39(13위)   평균 19.7위
   5줄:  7(22위)  12(39위)  18(2위)  22(24위)  26(5위)  31(17위)   평균 18.2위
   → 5줄 30개 번호의 평균 순위: 16.7위 (45개 중 무작위면 23.0위)

◆ 🔁이월수
   1줄:  7(6위)  15(2위)  17(27위)  19(25위)  30(24위)  42(17위)   평균 16.8위
   2줄:  6(1위)   7(6위)  25(22위)  33(19위)  40(9위)  43(4위)   평균 10.2위
   3줄:  1(32위)   6(1위)  20(15위)  23(10위)  27(18위)  39(5위)   평균 13.5위
   4줄: 11(3위)  15(2위)  26(7위)  28(20위)  29(30위)  31(33위)   평균 15.8위
   5줄:  5(8위)  14(34위)  19(25위)  32(28위)  39(5위)  40(9위)   평균 18.2위
   → 5줄 30개 번호의 평균 순위: 14.9위 (45개 중 무작위면 23.0위)

◆ ✨최약끝수
   1줄:  7(1위)  10(13위)  28(23위)  37(2위)  38(9위)  40(7위)   평균 9.2위
   2줄:  2(22위)   7(1위)  19(35위)  26(5위)  36(24위)  39(38위)   평균 20.8위
   3줄:  5(6위)  12(17위)  17(3위)  25(34위)  38(9위)  39(38위)   평균 17.8위
   4줄:  7(1위)  16(20위)  19(35위)  24(10위)  30(25위)  40(7위)   평균 16.3위
   5줄:  7(1위)  11(36위)  17(3위)  19(35위)  30(25위)  34(19위)   평균 19.8위
   → 5줄 30개 번호의 평균 순위: 16.8위 (45개 중 무작위면 23.0위)

◆ 🎲합계정밀
   1줄:  7(35위)  13(16위)  18(12위)  26(2위)  38(6위)  41(44위)   평균 19.2위
   2줄: 13(16위)  18(12위)  20(10위)  28(21위)  31(24위)  33(9위)   평균 15.3위
   3줄:  3(43위)  15(39위)  26(2위)  33(9위)  35(31위)  38(6위)   평균 21.7위
   4줄:  5(1위)  14(26위)  17(18위)  23(3위)  32(25위)  44(36위)   평균 18.2위
   5줄:  2(45위)  13(16위)  21(4위)  30(20위)  35(31위)  42(15위)   평균 21.8위
   → 5줄 30개 번호의 평균 순위: 19.2위 (45개 중 무작위면 23.0위)

◆ 🤫분배회피
   1줄:  7(44위)  12(37위)  27(30위)  33(3위)  38(9위)  45(11위)   평균 22.3위
   2줄:  9(29위)  10(38위)  21(23위)  24(20위)  37(12위)  43(13위)   평균 22.5위
   3줄:  2(34위)   3(41위)  11(40위)  26(18위)  39(14위)  44(10위)   평균 26.2위
   4줄:  6(42위)  11(40위)  21(23위)  26(18위)  37(12위)  41(1위)   평균 22.7위
   5줄: 14(28위)  21(23위)  25(26위)  30(36위)  35(6위)  38(9위)   평균 21.3위
   → 5줄 30개 번호의 평균 순위: 23.0위 (45개 중 무작위면 23.0위)

  전략                    뽑은 번호 평균순위
  --------------------------------
  🔁이월수                      14.9위
  🔄휴식회귀                     16.7위
  ✨최약끝수                     16.8위
  🎯보너스추적                    17.0위
  🎲합계정밀                     19.2위
  🚀미출현폭탄                    21.0위
  🤫분배회피                     23.0위
  ※ 전략이 자기가 높게 평가한 번호를 뽑으므로 23위보다 위인 게 당연함(자기충족)

━━━━━━━━━━━━━━━━━━━━━━━━━━━━━━━━━━━━━━━━━━━━━━━━━━━━━━━━━━━━━━━━━━━━━━━━━━━━━━━━━━━━
[3] 회차별 실제 당첨번호의 순위 — 그 시점(직전 20회) 전략 순위에서 몇 위였나
━━━━━━━━━━━━━━━━━━━━━━━━━━━━━━━━━━━━━━━━━━━━━━━━━━━━━━━━━━━━━━━━━━━━━━━━━━━━━━━━━━━━
    회차 |     날짜     |   번호 |    보너스    미출현     휴식     이월     끝수     합계     분배
------------------------------------------------------------------------------------
  1235 | 2026-08-01 |    6 |     21     44     29     28     33     24     32
  1235 | 2026-08-01 |    7 |     33      8      6     21      1     21     36
  1235 | 2026-08-01 |   11 |     16     38      7     29     30     14     29
  1235 | 2026-08-01 |   15 |     45     36     20      4     36     38     43
  1235 | 2026-08-01 |   39 |     36     32     42     45     43     36     10
  1235 | 2026-08-01 |   43 |     44     28     45      5     42     30     14
  1234 | 2026-07-25 |    1 |     44     45     23     44     35     38     33
  1234 | 2026-07-25 |   15 |      3     39     29     30     19     29     30
  1234 | 2026-07-25 |   19 |     33     22     14     29     10     16     19
  1234 | 2026-07-25 |   31 |     21     16     28     13      8      6     45
  1234 | 2026-07-25 |   35 |     13     16     34      9     13      6      4
  1234 | 2026-07-25 |   43 |     38      5     45     18     16     45     10
  1233 | 2026-07-18 |    2 |     27     41      9     37     25     30     35
  1233 | 2026-07-18 |    7 |      4      2      3      7      1      1     38
  1233 | 2026-07-18 |   20 |      6      8     15     20      8      5     15
  1233 | 2026-07-18 |   25 |     37     27     26     36     40     28     23
  1233 | 2026-07-18 |   37 |     20     16     37     11      2     16     13
  1233 | 2026-07-18 |   40 |     10      1     31      9      5      3      1
  1232 | 2026-07-11 |   12 |      6      6      7     16      6      6     37
  1232 | 2026-07-11 |   15 |      3     26      1     42     30     35     30
  1232 | 2026-07-11 |   19 |     24     10     23     14     24     18     20
  1232 | 2026-07-11 |   22 |     30     16     12     26     26     12     22
  1232 | 2026-07-11 |   24 |     17     17     17     30     20      9     19
  1232 | 2026-07-11 |   36 |     38     42     31     34     28     34      6
  1231 | 2026-07-04 |    4 |     36     41     22     44     25     38     24
  1231 | 2026-07-04 |   13 |     28     39     40     36     36     37     30
  1231 | 2026-07-04 |   14 |     26     36     33     40     22     40     27
  1231 | 2026-07-04 |   18 |     12     11     14     20     17      9     17
  1231 | 2026-07-04 |   31 |     30     26     28     17     32     23     45
  1231 | 2026-07-04 |   38 |     38     26     38     30     33     19      8
  1230 | 2026-06-27 |    3 |     42     25     21     20     34     45     40
  1230 | 2026-06-27 |    8 |     37     37     16     27     42     40     23
  1230 | 2026-06-27 |    9 |     43     39     43     30     30     34     33
  1230 | 2026-06-27 |   22 |     12      6     10     14     26     13     22
  1230 | 2026-06-27 |   28 |      6      4      6      8      9      2     30
  1230 | 2026-06-27 |   42 |     11     37     41      6     35     14     13
  1229 | 2026-06-20 |   12 |      4      1      4      5      5      1     37
  1229 | 2026-06-20 |   13 |      2     40     25     23     23     43     36
  1229 | 2026-06-20 |   29 |     32     14     40      3     26     16     42
  1229 | 2026-06-20 |   34 |      9     28     14     36     42     15      3
  1229 | 2026-06-20 |   37 |     17      4     29     21      9      4     12
  1229 | 2026-06-20 |   42 |     26     40     42     45     43     32      5
  1228 | 2026-06-13 |   24 |      5      8      5     11     10      4     18
  1228 | 2026-06-13 |   29 |      7      6      4      8      6      3     33
  1228 | 2026-06-13 |   30 |     16     32     16     30      4     15     36
  1228 | 2026-06-13 |   31 |     40     15     28     34     27     34     45
  1228 | 2026-06-13 |   35 |     44     24     44     38     28     24      4
  1228 | 2026-06-13 |   44 |     34     14     35      5     33     12     14
  1227 | 2026-06-06 |    1 |     26     43     44     44     36     43     34
  1227 | 2026-06-06 |   14 |      7     25     33     17      3     11     24
  1227 | 2026-06-06 |   16 |      5      9      5     10      8      2     18
  1227 | 2026-06-06 |   34 |     28     24     10     14      2      9      4
  1227 | 2026-06-06 |   41 |      3     31     27     24     33     27      1
  1227 | 2026-06-06 |   44 |     44     35     45     39      5     29      9
  1226 | 2026-05-30 |    4 |      9      5     30     12      1     26     25
  1226 | 2026-05-30 |    6 |     24     41     26     26     40     41     24
  1226 | 2026-05-30 |   13 |     16     45     34     44     22     40     32
  1226 | 2026-05-30 |   17 |      8      9      9     16     10      8     23
  1226 | 2026-05-30 |   26 |      3     27     23     40     40     16     18
  1226 | 2026-05-30 |   28 |      2     32     24     31     34     18     27
  1225 | 2026-05-23 |    8 |     22     32     23     28     28     36     22
  1225 | 2026-05-23 |    9 |     19     30     34      1      1     32     44
  1225 | 2026-05-23 |   19 |     20     12     26     38      4     22     19
  1225 | 2026-05-23 |   25 |     35     20     32     40     34     18     23
  1225 | 2026-05-23 |   41 |     30     26     39     44     45     20      1
  1225 | 2026-05-23 |   42 |     44     34     30     30     36     27      5
  1224 | 2026-05-16 |    9 |      3     16     12     10      1     21     37
  1224 | 2026-05-16 |   18 |     26     30     12      3     22     13     38
  1224 | 2026-05-16 |   21 |      5      2     24     16     12      8     20
  1224 | 2026-05-16 |   27 |     20     14      1     21     38     21     28
  1224 | 2026-05-16 |   44 |     45     38     34     40     26     25      8
  1224 | 2026-05-16 |   45 |     40     22     44     36     43     32     10
  1223 | 2026-05-09 |   16 |      3     32     11     38     18     25     20
  1223 | 2026-05-09 |   18 |     12     19     14     34     22     17     16
  1223 | 2026-05-09 |   20 |     16     18     15     16     10      7     15
  1223 | 2026-05-09 |   32 |     34     39     34      5     16     20     14
  1223 | 2026-05-09 |   33 |     22      5     19     12     29     11      2
  1223 | 2026-05-09 |   39 |     21     27     43     29      2     33     10
  1222 | 2026-05-02 |    4 |      4      1      4      7      1      1     26
  1222 | 2026-05-02 |   11 |      9     34      5      8      6      3     32
  1222 | 2026-05-02 |   17 |     41     22     35     22     22     30     24
  1222 | 2026-05-02 |   22 |     16      9     11     36     33      7     23
  1222 | 2026-05-02 |   32 |     12      5      7     10     16      4      6
  1222 | 2026-05-02 |   41 |     29     29     38     23     32     16      2
  1221 | 2026-04-25 |    6 |     21     44     23     38     43     39     24
  1221 | 2026-04-25 |   13 |      5     23      5      8      7      5     33
  1221 | 2026-04-25 |   18 |     10     16      6     11     20      3     16
  1221 | 2026-04-25 |   28 |     13     11     22      2     21     24     42
  1221 | 2026-04-25 |   30 |     40     28     19     35     38     14     32
  1221 | 2026-04-25 |   36 |     18     27     30     36     39     25      7
  1220 | 2026-04-18 |    2 |     18     30     32      4     44     44     43
  1220 | 2026-04-18 |   22 |      5      7      4      9     16      3     23
  1220 | 2026-04-18 |   25 |      1     19     30     22     11      4     28
  1220 | 2026-04-18 |   28 |     19     32     39      2     32     22     44
  1220 | 2026-04-18 |   34 |      6      1      6      7      1      1      4
  1220 | 2026-04-18 |   43 |     39      2     28     11      6      6     10
  1219 | 2026-04-11 |    1 |     18     12      2     29     36     32     38
  1219 | 2026-04-11 |    2 |     12     27     41     43     24     42     37
  1219 | 2026-04-11 |   15 |     17     23     17     16     17      8     29
  1219 | 2026-04-11 |   28 |     31     31     44      2     34     28     43
  1219 | 2026-04-11 |   39 |      3     38     13     37      2     31     10
  1219 | 2026-04-11 |   45 |     45     42     42      5     45     20     14
  1218 | 2026-04-04 |    3 |     18     24     25     38     30     38     42
  1218 | 2026-04-04 |   28 |     22      3     37     32     21     41     32
  1218 | 2026-04-04 |   31 |     38     28     24      4     20     21     45
  1218 | 2026-04-04 |   32 |     28     39     37     42      2     34      8
  1218 | 2026-04-04 |   42 |     44     45     45     33      5     40      5
  1218 | 2026-04-04 |   45 |     45     43     35     31     36     19     13
  1217 | 2026-03-28 |    8 |     14     24     26     40     38     44     19
  1217 | 2026-03-28 |   10 |     20     35     41      2     45     40     44
  1217 | 2026-03-28 |   15 |     44     13     35      4     21     37     42
  1217 | 2026-03-28 |   20 |     18     19     22     18     36     17     15
  1217 | 2026-03-28 |   29 |      7      3      7      8      7      3     33
  1217 | 2026-03-28 |   31 |     42     41     20     36     34     28     45
  1216 | 2026-03-21 |    3 |     43     28     45     45     39     43     42
  1216 | 2026-03-21 |   10 |     30     36     29     18     38     34     41
  1216 | 2026-03-21 |   14 |      1      2      4      6      2      1     29
  1216 | 2026-03-21 |   15 |     42     37     44      4     24     37     43
  1216 | 2026-03-21 |   23 |      9      6     14     32     18     28     18
  1216 | 2026-03-21 |   24 |     19     14     18     16      4     14     18
  1215 | 2026-03-14 |   13 |      4      2      3      7      6      1     33
  1215 | 2026-03-14 |   15 |     37     43     44      5     19     23     41
  1215 | 2026-03-14 |   19 |      5      3     14      6      7     20     36
  1215 | 2026-03-14 |   21 |      8     10     18     12     10      8     22
  1215 | 2026-03-14 |   44 |     44     32     22     29      5     12      9
  1215 | 2026-03-14 |   45 |      2     34     24     28     30     10     11
  1214 | 2026-03-07 |   10 |      3      7     18     17     12     18     40
  1214 | 2026-03-07 |   15 |     26     44     37     32     38     37     30
  1214 | 2026-03-07 |   19 |      6      1      6     10      3      3     20
  1214 | 2026-03-07 |   27 |     15     24     16      2     28     16     42
  1214 | 2026-03-07 |   30 |     22     31     28     27     26     21     37
  1214 | 2026-03-07 |   33 |     20     12     19     23     31     25      2
  1213 | 2026-02-28 |    5 |     28     35     36      1     18     39     44
  1213 | 2026-02-28 |   11 |      6      1      4      7      6      1     29
  1213 | 2026-02-28 |   25 |     30     22     42      4     13     36     43
  1213 | 2026-02-28 |   27 |     28     14     13     24     11     19     33
  1213 | 2026-02-28 |   36 |     25     25     20     21     38     16      7
  1213 | 2026-02-28 |   38 |     27      9     12     15     23      4      9
  1212 | 2026-02-21 |    5 |     44     42     40     28     36     44     43
  1212 | 2026-02-21 |    8 |     43     30     34     14     42     39     22
  1212 | 2026-02-21 |   25 |      7      7      7     12      7      3     24
  1212 | 2026-02-21 |   31 |      1     14     15     31     23     11     45
  1212 | 2026-02-21 |   41 |     15     26     30     42     25     21      1
  1212 | 2026-02-21 |   44 |     33     11     12     32     31     23      6
  1211 | 2026-02-14 |   23 |     45     20     28     32     31     16     16
  1211 | 2026-02-14 |   26 |     43     33     45     35     42     12     18
  1211 | 2026-02-14 |   27 |     29     10     16      4      9     12     42
  1211 | 2026-02-14 |   35 |     28     12     17     19     12     10      6
  1211 | 2026-02-14 |   38 |     31     36     32      2     42     22     14
  1211 | 2026-02-14 |   40 |     34     39     42     14     36     35      3
  1210 | 2026-02-07 |    1 |     28     28     26     44     11     34     35
  1210 | 2026-02-07 |    7 |     33     24     18     42     34     41     37
  1210 | 2026-02-07 |    9 |     29     29     16     24     31     38     31
  1210 | 2026-02-07 |   17 |     40     15     36      4     22     18     43
  1210 | 2026-02-07 |   27 |     21     12     22     11     16      8     32
  1210 | 2026-02-07 |   38 |      7     19     20     34      2     34      7
  1209 | 2026-01-31 |    2 |     11      4     11     16      1     14     32
  1209 | 2026-01-31 |   17 |     15      3     18     13      6      7     28
  1209 | 2026-01-31 |   20 |     15     31      8     26     18     18     15
  1209 | 2026-01-31 |   35 |     34     11     26     29     15     12      6
  1209 | 2026-01-31 |   37 |     26     14     19     31     13     36     11
  1209 | 2026-01-31 |   39 |     26      7     29     23     17     40      9
  1208 | 2026-01-24 |    6 |     33     42     36     35     32     38     24
  1208 | 2026-01-24 |   27 |     11      8     44      2     18     44     43
  1208 | 2026-01-24 |   30 |     30     32     30     40     34     16     32
  1208 | 2026-01-24 |   36 |     14     26     12     30     36     20      6
  1208 | 2026-01-24 |   38 |     18     28      7      5      1     41     13
  1208 | 2026-01-24 |   42 |     14     38     20     41     43     43      5
  1207 | 2026-01-17 |   10 |     15     25     34     16     24     14     39
  1207 | 2026-01-17 |   22 |     13     10      5      8     13      3     22
  1207 | 2026-01-17 |   24 |     32     32     16     26     40     12     18
  1207 | 2026-01-17 |   27 |      3     14     32      5     22      6     42
  1207 | 2026-01-17 |   38 |      6     23      8     12      1     12      8
  1207 | 2026-01-17 |   45 |     26     18     33     30     39     39     12
  1206 | 2026-01-10 |    1 |     32     22     34      1     25     31     44
  1206 | 2026-01-10 |    3 |     28     10     33     38     24     10     42
  1206 | 2026-01-10 |   17 |     10      3      7     15      7      3     23
  1206 | 2026-01-10 |   26 |     34     28     30     26     37     22     16
  1206 | 2026-01-10 |   27 |      1      7     12     21      9     16     30
  1206 | 2026-01-10 |   42 |      6      2      5      8      4      6      4
  1205 | 2026-01-03 |    1 |     35     13     14     36      2     30     39
  1205 | 2026-01-03 |    4 |     30     41     40     38     28     44     28
  1205 | 2026-01-03 |   16 |     14     34     15      3     13      8     26
  1205 | 2026-01-03 |   23 |     45     15     35     22     42     16     18
  1205 | 2026-01-03 |   31 |     16     23     32      5      1     24     45
  1205 | 2026-01-03 |   41 |     40     43     34     29      5     42      2
  1204 | 2025-12-27 |    8 |     36     26     24     18     41     38     21
  1204 | 2025-12-27 |   16 |     21     24     36     25     32     10     19
  1204 | 2025-12-27 |   28 |     34     32     38     29     42     17     27
  1204 | 2025-12-27 |   30 |     30     35     29     32      4     20     37
  1204 | 2025-12-27 |   31 |     28     29     22     41     29     32     45
  1204 | 2025-12-27 |   44 |     14      1      8     14     37     26      9
  1203 | 2025-12-20 |    3 |     34     15     37     43     23     28     41
  1203 | 2025-12-20 |    6 |     24     36     31     40     41     37     26
  1203 | 2025-12-20 |   18 |      4      1      4      4      1      1     16
  1203 | 2025-12-20 |   29 |     44     44     44     44     44     44     30
  1203 | 2025-12-20 |   35 |     39     27     18     30     13     22      4
  1203 | 2025-12-20 |   39 |     36     21     17     34     21     26     10
  1202 | 2025-12-13 |    5 |     25     16     36     36     10     11     24
  1202 | 2025-12-13 |   12 |     15     38     36     23     31     24     27
  1202 | 2025-12-13 |   21 |      8      7     10     12      7      3     20
  1202 | 2025-12-13 |   33 |     39     28     26     28     14     19      8
  1202 | 2025-12-13 |   37 |      3     44     44     44     44     44     11
  1202 | 2025-12-13 |   40 |     28     33     10     15      2     34      5
  1201 | 2025-12-06 |    7 |      1     11     33     36     19     30     37
  1201 | 2025-12-06 |    9 |     36     18     40     38     20     14     30
  1201 | 2025-12-06 |   24 |     18     37     25     28     29     20     18
  1201 | 2025-12-06 |   27 |     41     20     22     22     22     22     34
  1201 | 2025-12-06 |   35 |     28     13     13     10      7     20      6
  1201 | 2025-12-06 |   36 |     22     39     30     32     40     36      7
  1200 | 2025-11-29 |    1 |     32     16     38     17     33     27     36
  1200 | 2025-11-29 |    2 |     12      7      8     14      1      5     28
  1200 | 2025-11-29 |    4 |     26     15     27     34     43     19     24
  1200 | 2025-11-29 |   16 |     35     28     16      1     34     17     30
  1200 | 2025-11-29 |   20 |     23     20      7     36     30     22     15
  1200 | 2025-11-29 |   32 |     10     33     24      5      2     25     13
  1199 | 2025-11-22 |   16 |     43     22      1     22     33     15     19
  1199 | 2025-11-22 |   24 |     35     31     36     32     36     30     20
  1199 | 2025-11-22 |   25 |     29      8     20     34     15     24     27
  1199 | 2025-11-22 |   30 |      2      6     14      2     18     14     44
  1199 | 2025-11-22 |   31 |     28     20     32     43     20     27     45
  1199 | 2025-11-22 |   32 |      9     35     18     24      2      9      5
  1198 | 2025-11-15 |   26 |     26     34     38      2     42     26     34
  1198 | 2025-11-15 |   30 |      1      1      4      7      6      1     37
  1198 | 2025-11-15 |   33 |     22     30     13     34     18     18      2
  1198 | 2025-11-15 |   38 |     24     30      7      9     24     12     10
  1198 | 2025-11-15 |   39 |     16     11     24     38      8     40     12
  1198 | 2025-11-15 |   41 |     34     36     22     19     20     41      1
  1197 | 2025-11-08 |    1 |     43      6     35     25     33     11     34
  1197 | 2025-11-08 |    5 |     18      8     24     32     20      5     41
  1197 | 2025-11-08 |    7 |     30      6     20     21     13     32     36
  1197 | 2025-11-08 |   26 |     30     40     16     39     36     28     17
  1197 | 2025-11-08 |   28 |     20     38     21     42     21     28     28
  1197 | 2025-11-08 |   43 |     34     43     43     44     28     42     10
  1196 | 2025-11-01 |    8 |     28     19     18     12     39     23     21
  1196 | 2025-11-01 |   12 |     23     29     26     24      5     22     38
  1196 | 2025-11-01 |   15 |     15      5      8      3     20     27     42
  1196 | 2025-11-01 |   29 |     34     21     22     38     10     30     34
  1196 | 2025-11-01 |   40 |     39     41     41     36     43     42      2
  1196 | 2025-11-01 |   45 |      8     39     39     28      7     31     11
  1195 | 2025-10-25 |    3 |     44      3      4      2     12     24     44
  1195 | 2025-10-25 |   15 |     35     20     27      4     21     22     42
  1195 | 2025-10-25 |   27 |     25     17     19     29     24     27     32
  1195 | 2025-10-25 |   33 |     17     38     40      7     13     33     13
  1195 | 2025-10-25 |   34 |      4      1      1      6      5      1      3
  1195 | 2025-10-25 |   36 |     14     43     45     32     44     40      6
  1194 | 2025-10-18 |    3 |     45     12      1     19     13     12     41
  1194 | 2025-10-18 |   13 |     37      6     23     28      7     21     38
  1194 | 2025-10-18 |   15 |     41     20     39     31     19     23     32
  1194 | 2025-10-18 |   24 |     11     15      9      6     23     23     26
  1194 | 2025-10-18 |   33 |     10     29      5      8      6      5      3
  1194 | 2025-10-18 |   37 |     33     37      2     13     36     44     14
  1193 | 2025-10-11 |    6 |     27     26      3     25     41     11     24
  1193 | 2025-10-11 |    9 |     40     12     37     20     30     13     37
  1193 | 2025-10-11 |   16 |      6      6      6      2     12      2     43
  1193 | 2025-10-11 |   19 |     16      4     13     11      9      6     20
  1193 | 2025-10-11 |   24 |      7      7      7     12     14      5     18
  1193 | 2025-10-11 |   28 |     20     35     36     40     44     32     29
  1192 | 2025-10-04 |   10 |      9      7     24     35      1      4     38
  1192 | 2025-10-04 |   16 |      8     10      2     11     20      7     18
  1192 | 2025-10-04 |   23 |      7      3      8     18     18     32     16
  1192 | 2025-10-04 |   36 |     19     37     15     15     30     42      5
  1192 | 2025-10-04 |   39 |     21     26      7     12     25     36     12
  1192 | 2025-10-04 |   40 |     40     43     38     43      2     44      2
  1191 | 2025-09-27 |    1 |     44     30     45     45     25     12     33
  1191 | 2025-09-27 |    4 |     27     36     41     29     42     24     24
  1191 | 2025-09-27 |   11 |     26      9      2     27     19     15     28
  1191 | 2025-09-27 |   12 |     21     31     40     24     40     11     39
  1191 | 2025-09-27 |   20 |     14     32     24     28      2     15     15
  1191 | 2025-09-27 |   41 |     40     42     38     44     33     44      1
  1190 | 2025-09-20 |    7 |     27     28      4     35     21     15     35
  1190 | 2025-09-20 |    9 |      1     32     43      1     20     14     44
  1190 | 2025-09-20 |   19 |     20     27     26      2     16     24     39
  1190 | 2025-09-20 |   23 |     15     19     14     29     11     19     17
  1190 | 2025-09-20 |   26 |      4      5      5      6      8      2     18
  1190 | 2025-09-20 |   45 |      6      1      3      8      5      3     11
  1189 | 2025-09-13 |    9 |      1     22     43     41      1     24     27
  1189 | 2025-09-13 |   19 |     16     16     20      2      3     28     35
  1189 | 2025-09-13 |   29 |     29     30     32     28      4     37     32
  1189 | 2025-09-13 |   35 |      3     39     34     37     40     34      6
  1189 | 2025-09-13 |   37 |     39     34     32     24     32     38     14
  1189 | 2025-09-13 |   38 |     22     35      8      9     14     36      9
  1188 | 2025-09-06 |    3 |      5      9      1     18     26     10     40
  1188 | 2025-09-06 |    4 |     20     16     40     41     19     20     28
  1188 | 2025-09-06 |   12 |     31     11     36     22     14     11     39
  1188 | 2025-09-06 |   19 |      4     13      9      8      3      1     20
  1188 | 2025-09-06 |   22 |     16      3      8     12      5      7     20
  1188 | 2025-09-06 |   27 |     15     18     19     34     28     19     30
  1187 | 2025-08-30 |    5 |      7      8     44     41     32     17     41
  1187 | 2025-08-30 |   13 |     16     32     42      5     43     31     44
  1187 | 2025-08-30 |   26 |     10     14      6     18     12      6     17
  1187 | 2025-08-30 |   29 |     23     26     14     13      4      9     30
  1187 | 2025-08-30 |   37 |     38     38     28     15     30     36     14
  1187 | 2025-08-30 |   40 |     43     41     11     26     34     38      3
  1186 | 2025-08-23 |    2 |      4      1      4      7      5      1     32
  1186 | 2025-08-23 |    8 |     26      8     34     35     17     18     23
  1186 | 2025-08-23 |   13 |     11     17     37     14     35     31     30
  1186 | 2025-08-23 |   16 |     25     20     31     44     19     20     20
  1186 | 2025-08-23 |   23 |     10      5      9     20     33     32     18
  1186 | 2025-08-23 |   28 |     30     10      8      3     14     32     39
  1185 | 2025-08-16 |    6 |     19     43      3     34     40     34     25
  1185 | 2025-08-16 |   17 |     10     19     31     38     14     25     23
  1185 | 2025-08-16 |   22 |      2      1     13      9      3      3     20
  1185 | 2025-08-16 |   28 |     30     11     11     16     35     32     28
  1185 | 2025-08-16 |   29 |     37     25     35     36     13     23     31
  1185 | 2025-08-16 |   32 |     34     22      9     12      2     20      8
  1184 | 2025-08-09 |   14 |     22     41     37     34     42     31     29
  1184 | 2025-08-09 |   16 |     20     30     17     39     33     26     18
  1184 | 2025-08-09 |   23 |     40     14      6      2     10     43     35
  1184 | 2025-08-09 |   25 |      8      7     20     25     12     10     24
  1184 | 2025-08-09 |   31 |      2     32     28     32     29     16     45
  1184 | 2025-08-09 |   37 |     16      9     24     22     17     33     13
  1183 | 2025-08-02 |    4 |     38     24     15     13     14     14     26
  1183 | 2025-08-02 |   15 |     30     18     38     40     30     24     32
  1183 | 2025-08-02 |   17 |     18     16     23     32     11     22     24
  1183 | 2025-08-02 |   23 |     26     32     10     21      8     17     18
  1183 | 2025-08-02 |   27 |     33     32     26     34     21     30     34
  1183 | 2025-08-02 |   36 |      8      4     27     24     24     43      7
  1182 | 2025-07-26 |    1 |      4      1      5      7      5      1     36
  1182 | 2025-07-26 |   13 |     36     40     42     43     21     34     28
  1182 | 2025-07-26 |   21 |      3     24     15     18     15     12     23
  1182 | 2025-07-26 |   25 |     32     30     30     18     16     20     26
  1182 | 2025-07-26 |   28 |      1     22     16     28     28     16     25
  1182 | 2025-07-26 |   31 |      5      9     10      9      6      4     45
  1181 | 2025-07-19 |    8 |     20     40     19     28     39     29     22
  1181 | 2025-07-19 |   10 |      4      1      3      7      1      1     40
  1181 | 2025-07-19 |   14 |     27     43     26     38     40     43     24
  1181 | 2025-07-19 |   20 |     20     26     15     18      3      9     15
  1181 | 2025-07-19 |   33 |     26     20     36     26     12     20      1
  1181 | 2025-07-19 |   41 |     26     18     44      4     31     26     12
  1180 | 2025-07-12 |    6 |      8     13      9     24     19     21     24
  1180 | 2025-07-12 |   12 |     11     40     22     40     36     25     40
  1180 | 2025-07-12 |   18 |     38     28     25      4     43     28     28
  1180 | 2025-07-12 |   37 |     32     38     39     28     27     41     13
  1180 | 2025-07-12 |   40 |     20     45     45      6      2     39     12
  1180 | 2025-07-12 |   41 |     12      2     37     11      5      7      1
  1179 | 2025-07-05 |    3 |     41     17     16     40     11     22     40
  1179 | 2025-07-05 |   16 |     23      9     27     19     26     18     20
  1179 | 2025-07-05 |   18 |     20     13     20     13     36     20     16
  1179 | 2025-07-05 |   24 |     25     32      3     23     40     33     18
  1179 | 2025-07-05 |   40 |     16     45     45     31      2     38      3
  1179 | 2025-07-05 |   44 |     30     42     44      4     45     34     14
  1178 | 2025-06-28 |    5 |     27     36     32     45     21     41     40
  1178 | 2025-06-28 |    6 |     20     30     33     40     36     45     30
  1178 | 2025-06-28 |   11 |     34     34     30     41     26     30     28
  1178 | 2025-06-28 |   27 |     40     30     26     34     25     18     30
  1178 | 2025-06-28 |   43 |     44     43     41      3     34     34     14
  1178 | 2025-06-28 |   44 |     13     16     43     21     31     39      9
  1177 | 2025-06-21 |    3 |     10     14     27     45     34     45     41
  1177 | 2025-06-21 |    7 |     20     34     35      1     20     27     42
  1177 | 2025-06-21 |   15 |      9     22     14     20     16     24     30
  1177 | 2025-06-21 |   16 |      6      7      8      9      3      8     20
  1177 | 2025-06-21 |   19 |      7      3      5     14      6      4     28
  1177 | 2025-06-21 |   43 |     37     41     30     32     22     38      4
  1176 | 2025-06-14 |    7 |     29     34     26     42     20     34     34
  1176 | 2025-06-14 |    9 |     37     38     20     40     32     45     29
  1176 | 2025-06-14 |   11 |     38     42     45     35     26     42     28
  1176 | 2025-06-14 |   21 |     32      8     17     13      9     12     23
  1176 | 2025-06-14 |   30 |     31     15     41     32     33     17     34
  1176 | 2025-06-14 |   35 |     16     18     16     24     23     38      5
  1175 | 2025-06-07 |    3 |      2     45     30     44     34     42     39
  1175 | 2025-06-07 |    4 |      4      1      4      7      6      1     24
  1175 | 2025-06-07 |    6 |     32     41     27     42      1     36     25
  1175 | 2025-06-07 |    8 |     24     39     17      1     33     29     40
  1175 | 2025-06-07 |   32 |      6     10      9     13     20      6      7
  1175 | 2025-06-07 |   42 |     15      6     20     14     35      3      5
  1174 | 2025-05-31 |    8 |     22     38      9     34     28     44     20
  1174 | 2025-05-31 |   11 |      6     36      7      8      3      2     30
  1174 | 2025-05-31 |   14 |      8      8     10     10      7     29     28
  1174 | 2025-05-31 |   17 |     40     28     34     36     27     12     23
  1174 | 2025-05-31 |   36 |      5      7      6      7      6      1      5
  1174 | 2025-05-31 |   39 |     34     20      1     26     34      9     12
  1173 | 2025-05-24 |    1 |      5      1      4      6      1      2     38
  1173 | 2025-05-24 |    5 |     37     44     35     26     42     42     40
  1173 | 2025-05-24 |   18 |     15     29     24     21     17     13     17
  1173 | 2025-05-24 |   20 |     25     20     11     19     13     20     15
  1173 | 2025-05-24 |   30 |     21     16     20     31     19     11     36
  1173 | 2025-05-24 |   35 |     41     26     34     35     34     26      4
  1172 | 2025-05-17 |    7 |     17     39     33      6      6     33     42
  1172 | 2025-05-17 |    9 |     39     41     34     43     23     42     28
  1172 | 2025-05-17 |   24 |     32     29     41     22     32     28     19
  1172 | 2025-05-17 |   40 |      6      4      7      7      2      4      3
  1172 | 2025-05-17 |   42 |     30     23     30     21     43     27      7
  1172 | 2025-05-17 |   44 |     20     18     22     10     45     16     12
  1171 | 2025-05-10 |    3 |     36     41     40      1     44     42     44
  1171 | 2025-05-10 |    6 |      5     12      5      8      7      5     25
  1171 | 2025-05-10 |    7 |     28     39     23     26     40     39     38
  1171 | 2025-05-10 |   11 |      4      1      4      7      3      1     36
  1171 | 2025-05-10 |   12 |     26     43     21     40     34     38     39
  1171 | 2025-05-10 |   17 |     25     25     17     10     16     10     28
  1170 | 2025-05-03 |    3 |     39     45     26     40     45     41     42
  1170 | 2025-05-03 |   13 |     31     42     18     39     40     32     30
  1170 | 2025-05-03 |   28 |     45      6     30     22     19      9     29
  1170 | 2025-05-03 |   34 |     19     32     36     33     24     24      3
  1170 | 2025-05-03 |   38 |     28     12      1     17      8     11      8
  1170 | 2025-05-03 |   42 |     25     24     41      6     33      5     13
  1169 | 2025-04-26 |    5 |      5     33      3      9      8      3     42
  1169 | 2025-04-26 |   12 |     24     42     29     29     42     35     37
  1169 | 2025-04-26 |   24 |      2     14     24      3      3     23     40
  1169 | 2025-04-26 |   26 |     32     11     20     16     36     18     19
  1169 | 2025-04-26 |   39 |      9     21     21     24     17     11     11
  1169 | 2025-04-26 |   42 |     41     24     44     28     40      8      4
  1168 | 2025-04-19 |    9 |     36     45      1     44     32     45     27
  1168 | 2025-04-19 |   21 |     30     32     37     31     19     36     22
  1168 | 2025-04-19 |   24 |      1      4      4      9      3      3     18
  1168 | 2025-04-19 |   30 |     23      9     10     24     26      4     36
  1168 | 2025-04-19 |   33 |      7      6      6     11     11      2      2
  1168 | 2025-04-19 |   37 |     36     32     40     30     34     23     12
  1167 | 2025-04-12 |    8 |     29     30     40     32     38     29     22
  1167 | 2025-04-12 |   23 |     42     16     30      3     14     35     30
  1167 | 2025-04-12 |   31 |     11     24     34     26     13     33     45
  1167 | 2025-04-12 |   35 |     24     35     44     40     20     26      6
  1167 | 2025-04-12 |   39 |      8     39     21     27     16      4     12
  1167 | 2025-04-12 |   40 |      4      1      4      7      1      1      2
  1166 | 2025-04-05 |   14 |      4      1      4      7      3      1     29
  1166 | 2025-04-05 |   23 |     10      2     21     17      6     12     18
  1166 | 2025-04-05 |   25 |     26     32     30     43     22     33     26
  1166 | 2025-04-05 |   27 |     18     20     24      3     14     32     42
  1166 | 2025-04-05 |   29 |     16      6     23      2     15     10     43
  1166 | 2025-04-05 |   42 |      8      5     41     42     26     41      5
  1165 | 2025-03-29 |    6 |      3     43     26     34     44     44     23
  1165 | 2025-03-29 |    7 |     38     31     40     43     26     44     38
  1165 | 2025-03-29 |   27 |      5      4      1     38      8     20     30
  1165 | 2025-03-29 |   29 |     24     21     41     36     15     33     28
  1165 | 2025-03-29 |   38 |     23     26     19      7     40     32     13
  1165 | 2025-03-29 |   45 |     17     37     40     45     34     34     11
  1164 | 2025-03-22 |   17 |     10      3     16     14     10      8     24
  1164 | 2025-03-22 |   18 |     22     20     17     33     40     18     16
  1164 | 2025-03-22 |   23 |      5      2     12      8      7      2     19
  1164 | 2025-03-22 |   25 |     22     28     44     29     18     15     25
  1164 | 2025-03-22 |   38 |     42     42     30     32     44     43      9
  1164 | 2025-03-22 |   39 |     40     30     42     42     28     36     10
  1163 | 2025-03-15 |    2 |     37     39     35     23     41     45     30
  1163 | 2025-03-15 |   13 |     36     40     32     32     21     29     38
  1163 | 2025-03-15 |   15 |     22     45      4     16     14     14     32
  1163 | 2025-03-15 |   16 |     11     22     22     36     29     25     20
  1163 | 2025-03-15 |   33 |     18      3     20     15     11     16      2
  1163 | 2025-03-15 |   43 |     41      4     41     41     24     42     11
  1162 | 2025-03-08 |   20 |     11     10     18      3      3     30     26
  1162 | 2025-03-08 |   21 |     38     42     29     21     17     24     22
  1162 | 2025-03-08 |   22 |     20     40     38     37     40     17     19
  1162 | 2025-03-08 |   25 |     39     43     22     23     24     19     28
  1162 | 2025-03-08 |   28 |     16     14     30     40     41      8     29
  1162 | 2025-03-08 |   29 |     21      3      9      9     15      7     32
  1161 | 2025-03-01 |    2 |     35     29     34     26     43     42     36
  1161 | 2025-03-01 |   12 |     31     31     36     26     35     18     38
  1161 | 2025-03-01 |   20 |      3     17     16     12     27      7     15
  1161 | 2025-03-01 |   24 |      5     13      7      8      4      5     20
  1161 | 2025-03-01 |   34 |     11     20     10     22      3     18      4
  1161 | 2025-03-01 |   42 |      6      2      6     13     11      4      6
  1160 | 2025-02-22 |    7 |      1      6     40     21     25     39     37
  1160 | 2025-02-22 |   13 |     20     34     34     41     22     34     36
  1160 | 2025-02-22 |   18 |     16     13     12     13     28      7     16
  1160 | 2025-02-22 |   36 |     12     32     18     19     33     26      8
  1160 | 2025-02-22 |   39 |     12     20     11      4     20     27     13
  1160 | 2025-02-22 |   45 |     34     42     24     36     35     22     11
  1159 | 2025-02-15 |    3 |     32     33     43     19      2     38     39
  1159 | 2025-02-15 |    9 |     25     24     39     38     37     39     30
  1159 | 2025-02-15 |   27 |     18      7     22      4     16      9     44
  1159 | 2025-02-15 |   28 |      2     30     20     26     25     12     25
  1159 | 2025-02-15 |   38 |     44     44     44      7     44     44     13
  1159 | 2025-02-15 |   39 |     12     18     22     38     28     20     10
  1158 | 2025-02-08 |   21 |     24     20     18     27     27     16     22
  1158 | 2025-02-08 |   25 |      8     16     13      4     14      4     39
  1158 | 2025-02-08 |   27 |     42     28     40     37     29     23     35
  1158 | 2025-02-08 |   32 |     16     32     23     30     24     17      8
  1158 | 2025-02-08 |   37 |     12     42     42     22     33     38     14
  1158 | 2025-02-08 |   38 |     20     34     29     17     21     29      9
  1157 | 2025-02-01 |    5 |     33      4     36     14     26     26     41
  1157 | 2025-02-01 |    7 |      1     30     42     22     41     37     40
  1157 | 2025-02-01 |   12 |     42      5      2     31     16     24     37
  1157 | 2025-02-01 |   20 |      4     10      5      9      6      2     15
  1157 | 2025-02-01 |   25 |     18      3      6     15     10      4     25
  1157 | 2025-02-01 |   26 |     25     39     18     28     21     35     16
  1156 | 2025-01-25 |   30 |     20     24     18     30     16     33     43
  1156 | 2025-01-25 |   31 |     32     26     26     31     43     23     45
  1156 | 2025-01-25 |   34 |      7     10      9     21     21     18      1
  1156 | 2025-01-25 |   39 |     17      7     30     44     33     43     13
  1156 | 2025-01-25 |   41 |     35     42     27     39     42     41      2
  1156 | 2025-01-25 |   45 |     34     43     34     43     39     42      9
  1155 | 2025-01-18 |   10 |     27     11     32     34      1     13     40
  1155 | 2025-01-18 |   16 |     13     14     19     28     28     13     18
  1155 | 2025-01-18 |   19 |     35     42      2     17     24     29     20
  1155 | 2025-01-18 |   27 |      1     43     43     26     30     34     32
  1155 | 2025-01-18 |   37 |     14     34     16     13     14     22     12
  1155 | 2025-01-18 |   38 |     20     24     25      6     42     43     14
  1154 | 2025-01-11 |    4 |     34     10     17     33     41     30     26
  1154 | 2025-01-11 |    8 |      1     24     30     36      1     17     21
  1154 | 2025-01-11 |   22 |     15     17     11     14     26     10     24
  1154 | 2025-01-11 |   26 |     12     30      6     13     29     34     18
  1154 | 2025-01-11 |   32 |     17      7     15     21     38     27      7
  1154 | 2025-01-11 |   38 |     18     21     30     27      2     40      9
  1153 | 2025-01-04 |    1 |     36     11     33      9      8      5     37
  1153 | 2025-01-04 |    9 |     42     23     28     14     10      4     34
  1153 | 2025-01-04 |   10 |     38     27     42     22      1     12     41
  1153 | 2025-01-04 |   13 |     38     38     44     33     23     24     36
  1153 | 2025-01-04 |   35 |     45     45     45      4     45     45     12
  1153 | 2025-01-04 |   44 |     17     28     26     45     42     40      7
  1152 | 2024-12-28 |   30 |     28     28     23     17      4     32     32
  1152 | 2024-12-28 |   31 |     32     34     26     31     28     30     45
  1152 | 2024-12-28 |   32 |     12      8      6     10     20      5      8
  1152 | 2024-12-28 |   35 |     22     30     21     30     22     38      6
  1152 | 2024-12-28 |   36 |     18     17     20     12     38     25      7
  1152 | 2024-12-28 |   37 |     44     44     44     44     44     44     14
  1151 | 2024-12-21 |    2 |     25     11     32     28     42     30     38
  1151 | 2024-12-21 |    3 |     14     32     40     34     17     14     40
  1151 | 2024-12-21 |    9 |     23     29     23      4     23     22     44
  1151 | 2024-12-21 |   15 |     21     36     28     26     14      5     29
  1151 | 2024-12-21 |   27 |     29     44     42     37     20     34     31
  1151 | 2024-12-21 |   29 |     34     41     34     36     34     27     30
  1150 | 2024-12-14 |    8 |     31     33     32      1     43     34     42
  1150 | 2024-12-14 |    9 |      9     26     26     33     28      9     32
  1150 | 2024-12-14 |   18 |      5      1      4      7      6      1     16
  1150 | 2024-12-14 |   35 |     21     32     18     16     17     40      6
  1150 | 2024-12-14 |   39 |     22      2     13     13      9     22     10
  1150 | 2024-12-14 |   45 |     34      8     42     36     32     44     11
  1149 | 2024-12-07 |    8 |     14      5     28     35     24      7     20
  1149 | 2024-12-07 |   15 |      5      7      7      1      7      5     40
  1149 | 2024-12-07 |   19 |     19     38     13     22     27     24     21
  1149 | 2024-12-07 |   21 |     22     24     19     33     18     28     22
  1149 | 2024-12-07 |   32 |      2      2     20     11     20      6      8
  1149 | 2024-12-07 |   36 |     26     14     15     10     20     13      7
  1148 | 2024-11-30 |    3 |      8      7      7     30     21     15     41
  1148 | 2024-11-30 |    6 |      3     10     14     27     41     36     22
  1148 | 2024-11-30 |   13 |     12      8     24     18     12     19     23
  1148 | 2024-11-30 |   15 |     31     27     30     41     16     32     36
  1148 | 2024-11-30 |   16 |     22     18     20     15     38     22     17
  1148 | 2024-11-30 |   22 |     15      4     28     16     28     13     20
  1147 | 2024-11-23 |    7 |     14      6      2     37     14     26     34
  1147 | 2024-11-23 |   11 |     22     29     44      3     28     18     43
  1147 | 2024-11-23 |   24 |     38     38     22     38     40     32     19
  1147 | 2024-11-23 |   26 |     34     40     27     30     42     23     17
  1147 | 2024-11-23 |   27 |     22     31     28     26     16     36     31
  1147 | 2024-11-23 |   37 |     27     27     38     36     26     38     12
  1146 | 2024-11-16 |    6 |      1     22     45     36     42     18     26
  1146 | 2024-11-16 |   11 |     16     26     44      3     20     17     43
  1146 | 2024-11-16 |   17 |     11     18     30     18     13     31     27
  1146 | 2024-11-16 |   19 |     10     24      1     14     12      6     22
  1146 | 2024-11-16 |   40 |     42     38     23     42     43     43      2
  1146 | 2024-11-16 |   43 |      8      4     16     30     12     42      8
  1145 | 2024-11-09 |    2 |     39     32     27     41      1     17     30
  1145 | 2024-11-09 |   11 |     26     16     26     38     24     10     29
  1145 | 2024-11-09 |   31 |     10     12     40     24     32     37     45
  1145 | 2024-11-09 |   33 |      7     12      3     28     21     33      2
  1145 | 2024-11-09 |   37 |     45     45     45     45     45     45     14
  1145 | 2024-11-09 |   44 |     44     44     28     33     44     41      8
  1144 | 2024-11-02 |    3 |     25     13     23     28     26     20     41
  1144 | 2024-11-02 |    4 |     39     36     16     42     42     34     25
  1144 | 2024-11-02 |   12 |     34     25     22     25      4     28     37
  1144 | 2024-11-02 |   15 |     28     18     24     32     25     16     32
  1144 | 2024-11-02 |   26 |     20     15      9     18     24      6     17
  1144 | 2024-11-02 |   34 |     26     34      2     21     30     30      4
  1143 | 2024-10-26 |   10 |     26     32     22     34     38     15     38
  1143 | 2024-10-26 |   16 |     30     20     17     26     28     12     19
  1143 | 2024-10-26 |   17 |     15     19     19     16     10     20     26
  1143 | 2024-10-26 |   27 |     36     22     27     25     16     32     29
  1143 | 2024-10-26 |   28 |     32     34     23      5     32     13     42
  1143 | 2024-10-26 |   36 |      5     10      6      9     13      6      5
  1142 | 2024-10-19 |    2 |     20     20     10     20      1      2     40
  1142 | 2024-10-19 |    8 |     28     34     32     42     42      8     26
  1142 | 2024-10-19 |   28 |     44     43      2     30     32     37     22
  1142 | 2024-10-19 |   30 |     38     39     26     18     35     31     42
  1142 | 2024-10-19 |   37 |     11     14     30     25     15     39     13
  1142 | 2024-10-19 |   41 |     16     38     40     28     26     42      2
  1141 | 2024-10-12 |    7 |     28     25     33      1     23     15     43
  1141 | 2024-10-12 |   11 |     25     16     17     20     19     17     30
  1141 | 2024-10-12 |   12 |     12     14     16     19      4     29     38
  1141 | 2024-10-12 |   21 |     22     15      3     37      8     41     23
  1141 | 2024-10-12 |   26 |      5      2      9      9     10     11     16
  1141 | 2024-10-12 |   35 |      3      9     15     35     12     37      7
  1140 | 2024-10-05 |    7 |     20     20     43     35     29     12     38
  1140 | 2024-10-05 |   10 |     24     36     34     24     31     14     39
  1140 | 2024-10-05 |   22 |      4      3     10      9      3      3     23
  1140 | 2024-10-05 |   29 |     30     24     19     27     22     32     37
  1140 | 2024-10-05 |   31 |     28     11     24     22     27     25     45
  1140 | 2024-10-05 |   38 |     45     45     45     45     45     45      7
  1139 | 2024-09-28 |    5 |     20     14     13     20     20     32     41
  1139 | 2024-09-28 |   12 |     23     16     29     32      4     18     36
  1139 | 2024-09-28 |   15 |     12     12      8     30     16     19     32
  1139 | 2024-09-28 |   30 |     29     24     41     42     36     36     33
  1139 | 2024-09-28 |   37 |     22     10      9     15     17     42     14
  1139 | 2024-09-28 |   40 |     32     42     45     44     41     40      2
  1138 | 2024-09-21 |   14 |     42     31      2     34     42     18     28
  1138 | 2024-09-21 |   16 |     26     22     27     18     24      7     18
  1138 | 2024-09-21 |   19 |     23     34     16     16     15     24     23
  1138 | 2024-09-21 |   20 |     32     44     42     23     32     39     15
  1138 | 2024-09-21 |   29 |      6     11      5      9      6      4     32
  1138 | 2024-09-21 |   34 |     12      8      1     17     28     26      3
  1137 | 2024-09-14 |    4 |      2     13     29     17     36     32     24
  1137 | 2024-09-14 |    9 |     40     18      8     20     24     31     34
  1137 | 2024-09-14 |   12 |     25      9      8      8      4      8     39
  1137 | 2024-09-14 |   15 |     32      8     14     22     16     13     32
  1137 | 2024-09-14 |   33 |     14     11      6      2     18     22     10
  1137 | 2024-09-14 |   45 |     24     42     31     44     29     38      8
  1136 | 2024-09-07 |   21 |     44     44     44      7     44     44     39
  1136 | 2024-09-07 |   33 |     30     38     38      4     29     38     13
  1136 | 2024-09-07 |   35 |     22     11     38     35     24     28      5
  1136 | 2024-09-07 |   38 |     28     34     35     20     40     38      8
  1136 | 2024-09-07 |   42 |      6      4     36     15      5     36      6
  1136 | 2024-09-07 |   44 |     16     36     43     18     33     42     10
  1135 | 2024-08-31 |    1 |     39     15     21     44     31     11     37
  1135 | 2024-08-31 |    6 |     27     37     26     42     42     21     26
  1135 | 2024-08-31 |   13 |     32     26     20      2     25     16     43
  1135 | 2024-08-31 |   19 |     26     18     14      5     13     22     30
  1135 | 2024-08-31 |   21 |     29     33     10     29     10     29     22
  1135 | 2024-08-31 |   33 |      3     45     45     45     45     45      2
  1134 | 2024-08-24 |    3 |     45     28     20     17     26     23     42
  1134 | 2024-08-24 |    7 |     37     12     24     24     22     15     37
  1134 | 2024-08-24 |    9 |     35     10     21     20     20     16     32
  1134 | 2024-08-24 |   13 |     25     18      6      1     21      5     44
  1134 | 2024-08-24 |   19 |     38     39     18     19     15     14     20
  1134 | 2024-08-24 |   24 |     30     34     37     36     31     35     19
  1133 | 2024-08-17 |   13 |     14      8      2     13     20      8     28
  1133 | 2024-08-17 |   14 |     23     16     32     30     36     11     30
  1133 | 2024-08-17 |   20 |      8     17     10     20     28     28     15
  1133 | 2024-08-17 |   28 |     18     43     35      2     42     26     43
  1133 | 2024-08-17 |   29 |     14      2     24     11      7     10     26
  1133 | 2024-08-17 |   34 |     38      5     37      5     24     37     14
  1132 | 2024-08-10 |    6 |     18     22     14      4     10      8     40
  1132 | 2024-08-10 |    7 |      9     19     10     30     32     26     34
  1132 | 2024-08-10 |   19 |     30     43     34     42      4     43     21
  1132 | 2024-08-10 |   28 |     38     38     21     24     17     15     27
  1132 | 2024-08-10 |   34 |     38     15     11     16     14     24      4
  1132 | 2024-08-10 |   41 |     26      9      7      9     18      5      1
  1131 | 2024-08-03 |    1 |      7     27     36     40     34     24     34
  1131 | 2024-08-03 |    2 |      6      4     32     15     16     23     33
  1131 | 2024-08-03 |    6 |     19     32     43     24     29     36     30
  1131 | 2024-08-03 |   14 |     20     18     23     23     11     12     24
  1131 | 2024-08-03 |   27 |      8      9      6      5      3      4     37
  1131 | 2024-08-03 |   38 |     44     44     37     27     25     35     12
  1130 | 2024-07-27 |   15 |      8     15     32     17     22     11     29
  1130 | 2024-07-27 |   19 |     22     28     34     22      4     29     22
  1130 | 2024-07-27 |   21 |     32     34     42     20     42     26     24
  1130 | 2024-07-27 |   25 |     30     42     43     39     36     21     27
  1130 | 2024-07-27 |   27 |     12      3      9     10     14      3     34
  1130 | 2024-07-27 |   28 |     34     44     22      6     16     22     42
  1129 | 2024-07-20 |    5 |     20     10     26      5     31     22     44
  1129 | 2024-07-20 |   10 |     21     13     22     42     20     14     40
  1129 | 2024-07-20 |   11 |     12      7     20     20     14      9     28
  1129 | 2024-07-20 |   17 |     16     43     44     41      4     44     23
  1129 | 2024-07-20 |   28 |      5     26      5      3      6      2     42
  1129 | 2024-07-20 |   34 |     36     12     14     27     26     40      2
  1128 | 2024-07-13 |    1 |     26      4     30     19      8     44     35
  1128 | 2024-07-13 |    5 |      7      7     22     10      7     26     41
  1128 | 2024-07-13 |    8 |     12      8      6     12      1      4     21
  1128 | 2024-07-13 |   16 |     26     29      2     39     30     25     19
  1128 | 2024-07-13 |   28 |     15      2      7     13      4      5     27
  1128 | 2024-07-13 |   33 |      8     10      9     11      9      6      2
  1127 | 2024-07-06 |   10 |     32     19     23     43     30     33     39
  1127 | 2024-07-06 |   15 |     31     18     29     32     20     30     30
  1127 | 2024-07-06 |   24 |     40     39     30     25     34     24     19
  1127 | 2024-07-06 |   30 |      2     29     17     10     37      8     37
  1127 | 2024-07-06 |   31 |     20     11      2     27     12     14     45
  1127 | 2024-07-06 |   37 |      8     12     11      3     17     10     14
  1126 | 2024-06-29 |    4 |     36     39     42     37     42     42     21
  1126 | 2024-06-29 |    5 |      4      1      4      7      5      1     40
  1126 | 2024-06-29 |    9 |     14     38     30     34     34     36     30
  1126 | 2024-06-29 |   11 |      7     35     19     13     15     15     35
  1126 | 2024-06-29 |   37 |     26     34     32     34     14     20     12
  1126 | 2024-06-29 |   40 |     35     29     39      6     39     29      9
  1125 | 2024-06-22 |    6 |     42     42     44     44     44     42     24
  1125 | 2024-06-22 |   14 |     30     21     12     19     34     29     28
  1125 | 2024-06-22 |   25 |      8      6     35     35      6     34     25
  1125 | 2024-06-22 |   33 |      5     17     17      5      8     21     11
  1125 | 2024-06-22 |   40 |     30     20     42     24     43     18      2
  1125 | 2024-06-22 |   44 |     41     11     31     21     36     10      9
  1124 | 2024-06-15 |    3 |     27     36     32     38     17     36     41
  1124 | 2024-06-15 |    8 |      3      3     18     11      1     27     21
  1124 | 2024-06-15 |   17 |     13     26     25     26     13     18     22
  1124 | 2024-06-15 |   30 |     26     20     16     14     33     10     33
  1124 | 2024-06-15 |   33 |      6      5     13     24      9      9      2
  1124 | 2024-06-15 |   34 |     44     44     44      6     44     44     14
  1123 | 2024-06-08 |   13 |     13     30     23     18     12     30     35
  1123 | 2024-06-08 |   19 |     13     38     35     36     25     27     21
  1123 | 2024-06-08 |   21 |     18     25     28      5     15     21     41
  1123 | 2024-06-08 |   24 |     35     30     22     24     36     16     18
  1123 | 2024-06-08 |   34 |      3     23     30      3     34     12     12
  1123 | 2024-06-08 |   35 |     20     16     32      4     11     18     14
  1122 | 2024-06-01 |    3 |      3     37      3     36     38     40     44
  1122 | 2024-06-01 |    6 |     40     41     39      1     39     38     42
  1122 | 2024-06-01 |   21 |     15     18     25     18     10     32     23
  1122 | 2024-06-01 |   30 |      8     24      1     28     23      4     32
  1122 | 2024-06-01 |   34 |      1     19      7     42     26      6      4
  1122 | 2024-06-01 |   35 |     21     13     28     16     16     20      7
  1121 | 2024-05-25 |    6 |     39     40     38     31     40     37     39
  1121 | 2024-05-25 |   24 |      4      6      5      7     10      1     23
  1121 | 2024-05-25 |   31 |     30     18     37      2     20     21     45
  1121 | 2024-05-25 |   32 |     26     17     24     31     31     18      2
  1121 | 2024-05-25 |   38 |     44     44     44      6      2     44     13
  1121 | 2024-05-25 |   44 |     44     44      2     44     44     44      6
  1120 | 2024-05-18 |    2 |     11      1      4      8      6      3     34
  1120 | 2024-05-18 |   19 |     19     24     14     30     11     18     20
  1120 | 2024-05-18 |   26 |     27     31      3     31     42     26     17
  1120 | 2024-05-18 |   31 |     38     25     29     35     29     20     45
  1120 | 2024-05-18 |   38 |      8     17     21     19      1      7     10
  1120 | 2024-05-18 |   41 |     14      8     38     25      9     20      2
  1119 | 2024-05-11 |    1 |     44     44     28     42     34     44     32
  1119 | 2024-05-11 |    9 |     17     31      7     19      8     22     30
  1119 | 2024-05-11 |   12 |     35     37     40     40     36     28     34
  1119 | 2024-05-11 |   13 |     39     36     17      5     16     39     44
  1119 | 2024-05-11 |   20 |     10     12      3     15     30     37     15
  1119 | 2024-05-11 |   45 |     24     17     30      3     25      8     14
  1118 | 2024-05-04 |   11 |     33     36     34     39     39     36     28
  1118 | 2024-05-04 |   13 |     30     24      1     20     29     29     35
  1118 | 2024-05-04 |   14 |     34     34     37     32     26     32     30
  1118 | 2024-05-04 |   15 |     13     26      8     18      4     24     31
  1118 | 2024-05-04 |   16 |     28     26     10     15     12     20     19
  1118 | 2024-05-04 |   45 |     16     16     32     16      5      6     11
  1117 | 2024-04-27 |    3 |      3     39      3     39     40     42     44
  1117 | 2024-04-27 |    4 |     37     37     15     22     14     30     29
  1117 | 2024-04-27 |    9 |     20     30      5      9     17     20     30
  1117 | 2024-04-27 |   30 |      6     11      9      3      8      4     41
  1117 | 2024-04-27 |   33 |     26     13     20     30     35     10      1
  1117 | 2024-04-27 |   36 |     29     20     26     11     18     11      5
  1116 | 2024-04-20 |   15 |     13      7     24     13      5     30     31
  1116 | 2024-04-20 |   16 |     23     13      7     11      8     28     19
  1116 | 2024-04-20 |   17 |     32     30     19     30     35     32     29
  1116 | 2024-04-20 |   25 |     17     10      9      9      3     10     28
  1116 | 2024-04-20 |   30 |     22     26     18     25     14     15     38
  1116 | 2024-04-20 |   31 |     19     27     36     34     29     21     45
  1115 | 2024-04-13 |    7 |     36     39      3     40     38     39     38
  1115 | 2024-04-13 |   12 |     38     35      2     37     22     30     39
  1115 | 2024-04-13 |   23 |     33     28     14     14     33     24     18
  1115 | 2024-04-13 |   32 |     10      9     18      2      9     10     13
  1115 | 2024-04-13 |   34 |     13     23     32     33     20     14      3
  1115 | 2024-04-13 |   36 |     19     15     30     35     18      6      6
  1114 | 2024-04-06 |   10 |     40     40     42     38     36     36     39
  1114 | 2024-04-06 |   16 |     36     30     30     32     19     28     18
  1114 | 2024-04-06 |   19 |     19     29     20     33     34     27     20
  1114 | 2024-04-06 |   32 |     24     10     33      3     11     18     13
  1114 | 2024-04-06 |   33 |     13     27     14     34     38     20      3
  1114 | 2024-04-06 |   38 |     22     20     36     29     18      8      9
  1113 | 2024-03-30 |   11 |     32     35     29     16     40     39     34
  1113 | 2024-03-30 |   13 |     34     33     37     16     40     34     41
  1113 | 2024-03-30 |   20 |     32     29     24      3     10     22     28
  1113 | 2024-03-30 |   21 |     13     20     12     13     28     21     21
  1113 | 2024-03-30 |   32 |     18      5      6     25      9      2      5
  1113 | 2024-03-30 |   44 |     30     30     38      5     26     18     14
  1112 | 2024-03-23 |   16 |     32     26     20     14     20     28     20
  1112 | 2024-03-23 |   20 |     29     24     27     13     10     22     15
  1112 | 2024-03-23 |   26 |     34     32     40     30     24     30     18
  1112 | 2024-03-23 |   36 |     18     15     11     24     12      2      6
  1112 | 2024-03-23 |   42 |     24      7     23     33     22     10      4
  1112 | 2024-03-23 |   44 |     22     12     21     39     27     16      8
  1111 | 2024-03-16 |    3 |     43     44     36      2     44     44     44
  1111 | 2024-03-16 |   13 |     20     35     39     42     43     33     29
  1111 | 2024-03-16 |   30 |     15      5     40     18      9     32     41
  1111 | 2024-03-16 |   33 |     12     20     41     36     38     11     11
  1111 | 2024-03-16 |   43 |     10     20      1     32     42     12      3
  1111 | 2024-03-16 |   45 |     16     30     44     34      5      6      5
  1110 | 2024-03-09 |    3 |     45     45     38     44     45     44     39
  1110 | 2024-03-09 |    7 |     22     39      8     29     27     36     38
  1110 | 2024-03-09 |   11 |     14     26      4     11     17      8     32
  1110 | 2024-03-09 |   20 |     26     16     15     31     13     31     15
  1110 | 2024-03-09 |   22 |     12     11     12     13     10     28     22
  1110 | 2024-03-09 |   41 |     35     30     43     42     42     14      1
  1109 | 2024-03-02 |   10 |     13     43     32     33     20     35     34
  1109 | 2024-03-02 |   12 |     28     38      4     32     31     40     26
  1109 | 2024-03-02 |   13 |     32     36     24     39     43     38     31
  1109 | 2024-03-02 |   19 |     26     29     27      3     32     31     41
  1109 | 2024-03-02 |   33 |     38     22     31     37     36     22      8
  1109 | 2024-03-02 |   40 |     33     16     42     36     18      9      2
  1108 | 2024-02-24 |    7 |     26     38     10     21     32     30     38
  1108 | 2024-02-24 |   19 |     24     29     14     16     33     22     22
  1108 | 2024-02-24 |   26 |     24     21     32     37     22     28     17
  1108 | 2024-02-24 |   37 |     44     44     44     45     44     44     14
  1108 | 2024-02-24 |   39 |     31     16     28     25     38      8     13
  1108 | 2024-02-24 |   44 |     27     26     43     44     30     15      7
  1107 | 2024-02-17 |    6 |     36     34     21     34     22     40     25
  1107 | 2024-02-17 |   14 |     42     38      3     40     33     29     28
  1107 | 2024-02-17 |   30 |      9      8      9     10      7      3     37
  1107 | 2024-02-17 |   31 |     33     28     30     33     37     31     45
  1107 | 2024-02-17 |   40 |     32      9     17     12     26      6      2
  1107 | 2024-02-17 |   41 |     26     10     26     30     42     14      1
  1106 | 2024-02-10 |    1 |     39     41     15     34     39     40     35
  1106 | 2024-02-10 |    3 |     35     31     11     21     27     33     41
  1106 | 2024-02-10 |    4 |     32     37      8     23     21     38     24
  1106 | 2024-02-10 |   29 |     44     44     44     44     44     44     30
  1106 | 2024-02-10 |   42 |     16      7     40     35     14      9      3
  1106 | 2024-02-10 |   45 |      5      6     26     31      5      4     11
  1105 | 2024-02-03 |    6 |     40     41     26     42     33     42     25
  1105 | 2024-02-03 |   16 |     34     25     14     20     13     28     20
  1105 | 2024-02-03 |   34 |     24     11     30     15     20      8      4
  1105 | 2024-02-03 |   37 |     15     10     15     34     30     10     12
  1105 | 2024-02-03 |   39 |     19     15     29     34     38     13     10
  1105 | 2024-02-03 |   40 |     23      8     33     11     14      3      3
  1104 | 2024-01-27 |    1 |     28     31     18     23     33     42     36
  1104 | 2024-01-27 |    7 |     15     38     16     11     30     32     39
  1104 | 2024-01-27 |   21 |     38     33      2     27     41     24     24
  1104 | 2024-01-27 |   30 |     44     44     44     45     44     44     36
  1104 | 2024-01-27 |   35 |     19     22     23     36      2     14      7
  1104 | 2024-01-27 |   38 |     18      6     11     31     12     13      8
  1103 | 2024-01-20 |   10 |      9     36     13     19     14     27     33
  1103 | 2024-01-20 |   12 |      3     24      1     17      8     10     22
  1103 | 2024-01-20 |   29 |     12     22     22     20     23     12     35
  1103 | 2024-01-20 |   31 |     30     30     18     25     38     31     45
  1103 | 2024-01-20 |   40 |     40      7      8     11     15      3      4
  1103 | 2024-01-20 |   44 |     42     21     30     26     32     11      7
  1102 | 2024-01-13 |   13 |     40     38     38      4     39     38     43
  1102 | 2024-01-13 |   14 |     29     32      2     27     13     19     27
  1102 | 2024-01-13 |   22 |      8      7      1     25      9     32     23
  1102 | 2024-01-13 |   26 |     18     22     43     39     27     26     17
  1102 | 2024-01-13 |   37 |     13     10     11     20     32      8     12
  1102 | 2024-01-13 |   38 |     21     14     21     30     19     17      8
  1101 | 2024-01-06 |    6 |     38     39     39     28     32     43     29
  1101 | 2024-01-06 |    7 |     36     40      2     24     40     37     38
  1101 | 2024-01-06 |   13 |     37     36     24     34     37     36     36
  1101 | 2024-01-06 |   28 |     22     17     24     38     16     15     28
  1101 | 2024-01-06 |   36 |      6      6      8     10     11      1      7
  1101 | 2024-01-06 |   42 |     20      8     14     25     15     18      4
  1100 | 2023-12-30 |   17 |     19     32     35     24     26     37     27
  1100 | 2023-12-30 |   26 |     11     14     15     18      9     26     16
  1100 | 2023-12-30 |   29 |     17     24     16     38     34     12     30
  1100 | 2023-12-30 |   30 |     14     12     24     40     20     24     32
  1100 | 2023-12-30 |   31 |     22     22     26     22     31     20     45
  1100 | 2023-12-30 |   43 |     20      8     14      5     36      4     14
  1099 | 2023-12-23 |    3 |     31     43     13     25     26     33     40
  1099 | 2023-12-23 |   20 |      7     10     23     20      9      4     15
  1099 | 2023-12-23 |   28 |     14     18     34     22     14     15     30
  1099 | 2023-12-23 |   38 |     33     17     37     33     23     23      8
  1099 | 2023-12-23 |   40 |     25     16     27     38     20      9      1
  1099 | 2023-12-23 |   43 |     15     12     11      3     32      7     14
  1098 | 2023-12-16 |   12 |      3     30     28     35     17     36     39
  1098 | 2023-12-16 |   16 |     30     18     35     18     11     30     22
  1098 | 2023-12-16 |   21 |      6     20      3     12     28     20     24
  1098 | 2023-12-16 |   24 |     21     11     18     12      7     14     18
  1098 | 2023-12-16 |   41 |      5      2      8     26     31      6      1
  1098 | 2023-12-16 |   43 |     22     33     36     40     44     10      6
  1097 | 2023-12-09 |   14 |     26     28     19     28     22     27     30
  1097 | 2023-12-09 |   33 |     40     22     13     39     36     25      2
  1097 | 2023-12-09 |   34 |      2     20     22     20     14     12      4
  1097 | 2023-12-09 |   35 |     30     30     11     21      2     21      7
  1097 | 2023-12-09 |   37 |     21      9      8     30     35     14     13
  1097 | 2023-12-09 |   40 |     43     23     15     27     19     20      3
  1096 | 2023-12-02 |    1 |      5     37      6      8     16      4     34
  1096 | 2023-12-02 |   12 |      1     36     44     36     32     36     36
  1096 | 2023-12-02 |   16 |     14     17     28     34     13     27     19
  1096 | 2023-12-02 |   19 |      7     18     13     13     24     15     22
  1096 | 2023-12-02 |   23 |     15     12     10     18     33     10     20
  1096 | 2023-12-02 |   43 |     41     27     32     44     45     19      9
  1095 | 2023-11-25 |    8 |     12     35     16     42     14     36     20
  1095 | 2023-11-25 |   14 |     17     30     30     36     17     27     26
  1095 | 2023-11-25 |   28 |     19     18     17     11      9      4     26
  1095 | 2023-11-25 |   29 |     34     25     32     25      3      7     31
  1095 | 2023-11-25 |   34 |     36     20     19     32     13     29      3
  1095 | 2023-11-25 |   40 |     42     40     44      4     43     32     13
  1094 | 2023-11-18 |    6 |     32     42     33     36     20     43     25
  1094 | 2023-11-18 |    7 |     26     39     19     23     38     29     36
  1094 | 2023-11-18 |   15 |     10     32      9     12     18      7     31
  1094 | 2023-11-18 |   22 |     12     16     16      4      9     38     39
  1094 | 2023-11-18 |   26 |     20     24     41     38     17     31     18
  1094 | 2023-11-18 |   40 |     40     30     44     40     29     27      2
  1093 | 2023-11-11 |   10 |      8     36     11      9     10     14     41
  1093 | 2023-11-11 |   17 |     32     18      7     38     38     25     22
  1093 | 2023-11-11 |   22 |      9      7     15     13      8      9     20
  1093 | 2023-11-11 |   30 |     16      5     20     14     21     28     34
  1093 | 2023-11-11 |   35 |     41      9     39     24     30     22      6
  1093 | 2023-11-11 |   43 |     45     20     42     32     39     26      8
  1092 | 2023-11-04 |    7 |     30     41     17     34     36     36     36
  1092 | 2023-11-04 |   18 |     16     32     34     44     16     23     15
  1092 | 2023-11-04 |   19 |      8      3      9     14      3      7     19
  1092 | 2023-11-04 |   26 |      7      6     10     14      6      4     16
  1092 | 2023-11-04 |   33 |     26     24     21     19     31     19      3
  1092 | 2023-11-04 |   45 |     43     27     34     30     43     12     13
  1091 | 2023-10-28 |    6 |     25     44     44     22     21     41     26
  1091 | 2023-10-28 |   20 |     10     16     17     32     15     10     15
  1091 | 2023-10-28 |   23 |     35     36     35     45     36     27     19
  1091 | 2023-10-28 |   24 |      7     10     11     11      9      8     18
  1091 | 2023-10-28 |   28 |     24     20     43     41     25      9     28
  1091 | 2023-10-28 |   30 |     30     22     31     35     28     29     36
  1090 | 2023-10-21 |   12 |     10      3     31     20      8     22     40
  1090 | 2023-10-21 |   19 |      7      1      8     11      3      5     20
  1090 | 2023-10-21 |   21 |     37     40     10     21     38     17     22
  1090 | 2023-10-21 |   29 |     36      5     32     27      4     30     36
  1090 | 2023-10-21 |   40 |      2     10     29     36     24     22      2
  1090 | 2023-10-21 |   45 |     41     26     34     42     36     24     11
  1089 | 2023-10-14 |    4 |     22     30     37     15     15     41     27
  1089 | 2023-10-14 |   18 |     11     24     20     26     27     12     16
  1089 | 2023-10-14 |   31 |      2     39     29     41     42     28     45
  1089 | 2023-10-14 |   37 |      3     18     12     17     34     14     12
  1089 | 2023-10-14 |   42 |     40     22     17     38     24     18      5
  1089 | 2023-10-14 |   43 |     42     34     33     34     44     37     10
  1088 | 2023-10-07 |   11 |     26     35     41     34     38     41     33
  1088 | 2023-10-07 |   21 |     14     28     34      1     31     13     43
  1088 | 2023-10-07 |   22 |     18      5     18     19     11     11     22
  1088 | 2023-10-07 |   30 |     35     14     28     37     27     12     35
  1088 | 2023-10-07 |   39 |      8      1      8     10      2      6     10
  1088 | 2023-10-07 |   44 |     45     45     45      7     45     45     14
  1087 | 2023-09-30 |   13 |     35     38     43     41     33     32     34
  1087 | 2023-09-30 |   14 |     21     17     38     25     18     24     28
  1087 | 2023-09-30 |   18 |      7     11     19     19     14      8     16
  1087 | 2023-09-30 |   21 |     17     15     32     26     28     10     21
  1087 | 2023-09-30 |   34 |     11      6      4      9      7      3      4
  1087 | 2023-09-30 |   44 |     42     35     20     36     26     34      9
  1086 | 2023-09-23 |   11 |     28     45     45     22     42     40     30
  1086 | 2023-09-23 |   16 |     18      5     11     24     11     37     17
  1086 | 2023-09-23 |   25 |      4      3     16     11      2      3     25
  1086 | 2023-09-23 |   27 |     39     30     23     27     37     15     32
  1086 | 2023-09-23 |   35 |     44     32     26     20      3     32      7
  1086 | 2023-09-23 |   36 |      2     14     10     30     27     34      8
  1085 | 2023-09-16 |    4 |     38     28     43     42     25     38     25
  1085 | 2023-09-16 |    7 |     32     23     44     26     35     44     34
  1085 | 2023-09-16 |   17 |      1     17     10      9     28      5     28
  1085 | 2023-09-16 |   18 |     22      6      3     18     11      9     16
  1085 | 2023-09-16 |   38 |     45     45     45     45     45     45      9
  1085 | 2023-09-16 |   44 |     20     25     36     37     29     38      8
  1084 | 2023-09-09 |    8 |     21     36     38     41     27     14     21
  1084 | 2023-09-09 |   12 |      6      3     14     30      6      3     35
  1084 | 2023-09-09 |   13 |     15     34     15     17     24     11     31
  1084 | 2023-09-09 |   29 |      5      9      4      7      3      2     36
  1084 | 2023-09-09 |   33 |     44     26     17     22     36     28      3
  1084 | 2023-09-09 |   42 |     32     13      9     10     16     31      5
  1083 | 2023-09-02 |    3 |     21     38      3     20     40     42     41
  1083 | 2023-09-02 |    7 |     42     43     43     26     43     32     38
  1083 | 2023-09-02 |   14 |     14     30     36     29     16     19     25
  1083 | 2023-09-02 |   15 |      9      2     16     11      2      5     29
  1083 | 2023-09-02 |   22 |     14     25     25     37     14     21     21
  1083 | 2023-09-02 |   38 |      3     44     44     44     45     44      6
  1082 | 2023-08-26 |   21 |     36     32     34     34     40     28     19
  1082 | 2023-08-26 |   26 |     20     14     11     15     22     11     17
  1082 | 2023-08-26 |   27 |     13     22     24     25      3     18     31
  1082 | 2023-08-26 |   32 |     32     16      3     28     24     24      8
  1082 | 2023-08-26 |   34 |      7      7      7      9      7      7      4
  1082 | 2023-08-26 |   42 |      6      5      5      8      6      6      5
  1081 | 2023-08-19 |    1 |     27     43     40     37     42     40     35
  1081 | 2023-08-19 |    9 |     31     39     33     35      2     20     33
  1081 | 2023-08-19 |   16 |     14     19     14      2     10     10     39
  1081 | 2023-08-19 |   23 |      7     16     13      3     24      9     42
  1081 | 2023-08-19 |   24 |     16     11     15     16     11     12     18
  1081 | 2023-08-19 |   38 |      2     12     22     30     22     19      9
  1080 | 2023-08-12 |   13 |     15      2     19     12     23     16     30
  1080 | 2023-08-12 |   16 |     12     18     12     18     12      8     18
  1080 | 2023-08-12 |   23 |     24     28      1     28     28     26     17
  1080 | 2023-08-12 |   31 |     36     26     31     24     39     28     45
  1080 | 2023-08-12 |   36 |     30     16     33     30     21     20      8
  1080 | 2023-08-12 |   44 |     38      9     23     31     13     18      9
  1079 | 2023-08-05 |    4 |     24     36     40     39     26     34     25
  1079 | 2023-08-05 |    8 |     31     15     37     41     12     36     21
  1079 | 2023-08-05 |   18 |     15     16      1     36     21     21     17
  1079 | 2023-08-05 |   24 |     43     43     43     44     43     43     20
  1079 | 2023-08-05 |   37 |     38     20     23     35     38     29     13
  1079 | 2023-08-05 |   45 |     37     28     32     18     37     26     11
  1078 | 2023-07-29 |    6 |     28     32     40     40     20     38     24
  1078 | 2023-07-29 |   10 |      2     33     38     40     26     32     38
  1078 | 2023-07-29 |   11 |     37     36     26     34     38     28     33
  1078 | 2023-07-29 |   14 |     40     37     37     37     25     36     26
  1078 | 2023-07-29 |   36 |     26      5     23     25     13     16      6
  1078 | 2023-07-29 |   38 |     21     13     34     30     24      9      8
  1077 | 2023-07-22 |    4 |     31     35     31     31     23     38     27
  1077 | 2023-07-22 |    8 |     19     10     32     37     15     30     20
  1077 | 2023-07-22 |   17 |      5     15      5      7     11      2     24
  1077 | 2023-07-22 |   30 |     43     43     43     44     43     43     39
  1077 | 2023-07-22 |   40 |     43     43     43     44     43     43      2
  1077 | 2023-07-22 |   43 |      9     18     20     26     36     21      8
  1076 | 2023-07-15 |    3 |     39     39      2     38     40     40     42
  1076 | 2023-07-15 |    7 |     36     38     36     37     32     36     36
  1076 | 2023-07-15 |    9 |     41     41     41     39      2     38     34
  1076 | 2023-07-15 |   33 |     30     19     26     35     36     28      3
  1076 | 2023-07-15 |   36 |      8     10      7     14     18      5      6
  1076 | 2023-07-15 |   37 |     17     26     12     34     28     25     11
  1075 | 2023-07-08 |    1 |     33     37     34      1     39     39     43
  1075 | 2023-07-08 |   23 |     24     14     28     26     26     19     17
  1075 | 2023-07-08 |   24 |     16     13     18     15     22     10     18
  1075 | 2023-07-08 |   35 |     43     43     43     44     43     43      6
  1075 | 2023-07-08 |   44 |     10      6     12      9     11      6     10
  1075 | 2023-07-08 |   45 |     40     28      3     31     40     34     11
  1074 | 2023-07-01 |    1 |     40     38     36     27     40     40     36
  1074 | 2023-07-01 |    6 |     18     35     30      1     23     32     43
  1074 | 2023-07-01 |   20 |     22     17     14     41     20     14     15
  1074 | 2023-07-01 |   27 |      2     24     31     21     36     15     31
  1074 | 2023-07-01 |   28 |     44     44     44      7     44     44     40
  1074 | 2023-07-01 |   41 |     34     24     38     16     35     36      1
  1073 | 2023-06-24 |    6 |      8     38     30     40     34     41     24
  1073 | 2023-06-24 |   18 |     16     26     13      4     18     27     30
  1073 | 2023-06-24 |   28 |     38     12     16     29     24     14     25
  1073 | 2023-06-24 |   30 |     30     17     19     41     15     12     34
  1073 | 2023-06-24 |   32 |     29     24     27      6     22     24     13
  1073 | 2023-06-24 |   38 |     28      8     18     26     16     35      9
  1072 | 2023-06-17 |   16 |     20     25     12     23     17     10     19
  1072 | 2023-06-17 |   18 |     10      6      7     13     11     23     17
  1072 | 2023-06-17 |   20 |     28     18     20     26     16     28     15
  1072 | 2023-06-17 |   23 |     25     22      1     34     34     25     18
  1072 | 2023-06-17 |   32 |     34     33      3     20     18     32      7
  1072 | 2023-06-17 |   43 |     37     40     22      8     13      2     10
  1071 | 2023-06-10 |    1 |     11     36      7     20     24     26     34
  1071 | 2023-06-10 |    2 |      4      1      3      8      5      2     35
  1071 | 2023-06-10 |   11 |     19     38     17     33     33     35     28
  1071 | 2023-06-10 |   21 |     21     22     32     29     38     24     23
  1071 | 2023-06-10 |   30 |     17     14     25      4     21      3     43
  1071 | 2023-06-10 |   35 |     40     31     36     28     37     15      6
  1070 | 2023-06-03 |    3 |      2     40      4     40     35     38     42
  1070 | 2023-06-03 |    6 |     38     37     26     35     19     35     32
  1070 | 2023-06-03 |   14 |     31     30     27     28      9     32     25
  1070 | 2023-06-03 |   22 |     28     13     19      1     22     16     37
  1070 | 2023-06-03 |   30 |     43     43     43     43     43     43     34
  1070 | 2023-06-03 |   41 |     16     20     22     12     30     10      2
  1069 | 2023-05-27 |    1 |      4      1      4      8      1      7     34
  1069 | 2023-05-27 |   10 |     26     33     20     30     24     37     40
  1069 | 2023-05-27 |   18 |      1     23     35     26     16     24     16
  1069 | 2023-05-27 |   22 |     27     21      1     16     18      8     21
  1069 | 2023-05-27 |   28 |      9      9     27     13     12      4     28
  1069 | 2023-05-27 |   31 |     34     26     13     30      2     15     45
  1068 | 2023-05-20 |    4 |     23     42     41     40     20     38     25
  1068 | 2023-05-20 |    7 |     16     39     22      1     40     40     43
  1068 | 2023-05-20 |   19 |     42     36     34      5      4     35     38
  1068 | 2023-05-20 |   26 |     37     16     42     20     16     18     17
  1068 | 2023-05-20 |   33 |     44     44     44      7     44     44     13
  1068 | 2023-05-20 |   35 |     28     33     20     27     40     24      4
  1067 | 2023-05-13 |    7 |     39     42     26     38     39     37     38
  1067 | 2023-05-13 |   10 |     15     28     20     39     22     34     40
  1067 | 2023-05-13 |   19 |     14     32     27      2      4     26     37
  1067 | 2023-05-13 |   23 |     32     24     32     34     28     28     19
  1067 | 2023-05-13 |   28 |      7      4     10     11      9      1     25
  1067 | 2023-05-13 |   33 |     44     44     44     44     44     44      2
  1066 | 2023-05-06 |    6 |     42     38     10     33     24     40     24
  1066 | 2023-05-06 |   11 |      7     39     14     31      4     22     34
  1066 | 2023-05-06 |   16 |     20     10      6     10      7     10     18
  1066 | 2023-05-06 |   19 |     27     37     42      6     44     36     41
  1066 | 2023-05-06 |   21 |     23     26     32     38      3     31     21
  1066 | 2023-05-06 |   32 |     24      8      9      2      9      7     13
  1065 | 2023-04-29 |    3 |     32     43     39      2     30     41     44
  1065 | 2023-04-29 |   18 |     10      4      5      1      3      1     32
  1065 | 2023-04-29 |   19 |     19     38     37     34     23     32     21
  1065 | 2023-04-29 |   23 |     18     31     44     37     13     36     19
  1065 | 2023-04-29 |   32 |     34     24     43     26     28     16      7
  1065 | 2023-04-29 |   45 |      6     12     24     14     16      3     12
  1064 | 2023-04-22 |    3 |     40     42     32      1     38     42     44
  1064 | 2023-04-22 |    6 |     43     41     41      6     26     39     43
  1064 | 2023-04-22 |    9 |     15      3     20     14      2     30     30
  1064 | 2023-04-22 |   18 |      7      1      9     16      8      8     16
  1064 | 2023-04-22 |   22 |     34     20     32      3     17     27     39
  1064 | 2023-04-22 |   35 |      5     11     10      9     27      2      7
  1063 | 2023-04-15 |    3 |     38     41     40     28     33     44     43
  1063 | 2023-04-15 |    6 |     44     40     44     24     37     42     25
  1063 | 2023-04-15 |   22 |     22     37     43     24     38     18     21
  1063 | 2023-04-15 |   23 |      9      4     27     21      6     36     17
  1063 | 2023-04-15 |   24 |     23     22     28     35     42     25     18
  1063 | 2023-04-15 |   38 |     32     20     32     45      2     12      8
  1062 | 2023-04-08 |   20 |     28     39     38     24     38     32     15
  1062 | 2023-04-08 |   31 |     24     23     23     36     14     32     45
  1062 | 2023-04-08 |   32 |      9     10     16     16     32      8      8
  1062 | 2023-04-08 |   40 |     44     44     44     44     44     44      2
  1062 | 2023-04-08 |   41 |     42      4     22     32      8     25      1
  1062 | 2023-04-08 |   45 |     25      8      9      4     13      2     13
  1061 | 2023-04-01 |    4 |     10     38     37     13     37     28     22
  1061 | 2023-04-01 |   24 |     18      4     11      1     21      8     42
  1061 | 2023-04-01 |   27 |      1     31     31     28     26     26     34
  1061 | 2023-04-01 |   35 |     44     44     44     44     44     44      4
  1061 | 2023-04-01 |   37 |     20      3      4     10      6      1     11
  1061 | 2023-04-01 |   45 |     34      7      8      4      7      2     14
  1060 | 2023-03-25 |    3 |     34     41     35     40     39     41     40
  1060 | 2023-03-25 |   10 |     11      6     20      5     34     30     44
  1060 | 2023-03-25 |   24 |      7      8     10     10     14      3     19
  1060 | 2023-03-25 |   33 |     21     27     12     22     15      9      2
  1060 | 2023-03-25 |   38 |     27      5     16     27      1     12      8
  1060 | 2023-03-25 |   45 |     44     44     44     44     44     44     12
  1059 | 2023-03-18 |    7 |     20     38     39     34     37     42     36
  1059 | 2023-03-18 |   10 |     19      2     18     16     19     14     39
  1059 | 2023-03-18 |   22 |     21     10     16     27     31     22     21
  1059 | 2023-03-18 |   25 |     12     13     20      4     13     34     41
  1059 | 2023-03-18 |   34 |     36     20     15     24     34     13      3
  1059 | 2023-03-18 |   40 |     40     26     22      5     41     26     13
  1058 | 2023-03-11 |   11 |     37     22     14     16     10     35     31
  1058 | 2023-03-11 |   23 |      7      5      8     11      7      4     19
  1058 | 2023-03-11 |   25 |      6      4      6     10      6      2     28
  1058 | 2023-03-11 |   30 |     41      7     12     15     29     21     33
  1058 | 2023-03-11 |   32 |     34     25     22     25     39     13      7
  1058 | 2023-03-11 |   40 |     20      6      7      3     26     11     13
  1057 | 2023-03-04 |    8 |      4     34      7      9      2      3     22
  1057 | 2023-03-04 |   13 |     28     37     38      1     22     39     44
  1057 | 2023-03-04 |   19 |     24     27     35     25     14     11     19
  1057 | 2023-03-04 |   27 |     26     16     23     11     15     14     27
  1057 | 2023-03-04 |   40 |     32     22     15     33     28     35      2
  1057 | 2023-03-04 |   45 |     43     14     20      5     16     19     14
  1056 | 2023-02-25 |   13 |     16     21     11     28      7     13     35
  1056 | 2023-02-25 |   20 |      8     27     34     31     30      8     15
  1056 | 2023-02-25 |   24 |     13     20     30     34     37     21     20
  1056 | 2023-02-25 |   32 |     42     25     26     40     40     38      7
  1056 | 2023-02-25 |   36 |     44     44     44     44     44     44      5
  1056 | 2023-02-25 |   45 |     43     20     24     32     33     26     12
  1055 | 2023-02-18 |    4 |      9      3     41     12     25     22     26
  1055 | 2023-02-18 |    7 |     43     37     42     42     32     43     37
  1055 | 2023-02-18 |   12 |     38     42      2     44     44     42     36
  1055 | 2023-02-18 |   14 |     18     32     35      1     34     18     43
  1055 | 2023-02-18 |   22 |     17     26     28     32     42     25     22
  1055 | 2023-02-18 |   33 |      1     16     11     20     14     20      4
  1054 | 2023-02-11 |   14 |     42     38      3     42     42     38     28
  1054 | 2023-02-11 |   19 |     19     29     10     26     16     24     20
  1054 | 2023-02-11 |   27 |     18     19      8     29     20     14     30
  1054 | 2023-02-11 |   28 |     14     20     22     40      4     10     28
  1054 | 2023-02-11 |   30 |      8     10     18      2     34     19     44
  1054 | 2023-02-11 |   45 |     39     24     35      4     18     22     14
  1053 | 2023-02-04 |   22 |     21     25     17     20     34     17     22
  1053 | 2023-02-04 |   26 |     17     16     19      4     26     10     39
  1053 | 2023-02-04 |   29 |     22     12     20     22     11     13     28
  1053 | 2023-02-04 |   30 |     17     24     25     17     34      6     34
  1053 | 2023-02-04 |   34 |     12     14     13     12     25     26      4
  1053 | 2023-02-04 |   45 |     36      5     10     18     12      5     11
  1052 | 2023-01-28 |    5 |     17     40     39     40     29     40     43
  1052 | 2023-01-28 |   17 |      1     22     19     20     25     16     24
  1052 | 2023-01-28 |   26 |     20     26     25      3     28      8     38
  1052 | 2023-01-28 |   27 |     16      9      8     20     16      9     27
  1052 | 2023-01-28 |   35 |      8      4     10      2      9      5     14
  1052 | 2023-01-28 |   38 |     40     17     37     42      2     34      6
  1051 | 2023-01-21 |   21 |     17     19     18     12      9      9     24
  1051 | 2023-01-21 |   26 |     44     44     44     44     44     44     17
  1051 | 2023-01-21 |   30 |      2      2      7     11      8      2     39
  1051 | 2023-01-21 |   32 |      3     44     44     44     44     44      6
  1051 | 2023-01-21 |   33 |     13      4     11     25     10     35      3
  1051 | 2023-01-21 |   35 |      8      6     14      2     12      7     12
  1050 | 2023-01-14 |    6 |     26     36     35     36     38     14     28
  1050 | 2023-01-14 |   12 |     37     41     36     34     42     26     40
  1050 | 2023-01-14 |   31 |     43     22     24     31      9     35     45
  1050 | 2023-01-14 |   35 |     44     44     44     44     44     44      7
  1050 | 2023-01-14 |   38 |     31     24     28     20      1     17      9
  1050 | 2023-01-14 |   43 |     21      8     12     26     19     25     11
  1049 | 2023-01-07 |    3 |     10     40     43     43     22     44     39
  1049 | 2023-01-07 |    5 |     34     44      2     42     34     42     41
  1049 | 2023-01-07 |   13 |      7      2     13     13     10      8     30
  1049 | 2023-01-07 |   20 |     30     20     24     19     37     12     15
  1049 | 2023-01-07 |   21 |      9     14     26      1      9      6     40
  1049 | 2023-01-07 |   37 |     11     13     16     28     16     30     12
  1048 | 2022-12-31 |    6 |     20     37     45     31     30     40     25
  1048 | 2022-12-31 |   12 |     35     44     42     38     39     36     40
  1048 | 2022-12-31 |   17 |     13     15      8     16     14     20     29
  1048 | 2022-12-31 |   21 |     11      6      9     10      9      5     23
  1048 | 2022-12-31 |   32 |      2     22      1     41     32     34      4
  1048 | 2022-12-31 |   39 |     27     10     24     42     16     31      8
  1047 | 2022-12-24 |    2 |     38     38      2     29     41     37     36
  1047 | 2022-12-24 |   20 |     13     18     24     12      3      9     15
  1047 | 2022-12-24 |   33 |     15     18     36     27     16     22      2
  1047 | 2022-12-24 |   40 |     36     26     24     14      2     18      3
  1047 | 2022-12-24 |   42 |     41     29     34     31     40     36      5
  1047 | 2022-12-24 |   44 |     44     32     42     34     44     34      8
  1046 | 2022-12-17 |    7 |     40     28     38     41     23     41     35
  1046 | 2022-12-17 |   16 |     20     26     17     27     32     29     19
  1046 | 2022-12-17 |   25 |      7      2      6      9      7      4     24
  1046 | 2022-12-17 |   29 |     24     27     20     39     28     26     30
  1046 | 2022-12-17 |   35 |     35     22      3     23     13     31      5
  1046 | 2022-12-17 |   36 |     42     29     43     26     43     37      6
  1045 | 2022-12-10 |    6 |     36     44     44     39     39     40     28
  1045 | 2022-12-10 |   14 |     23     40     38     42     44     25     27
  1045 | 2022-12-10 |   15 |     31     28     21     16     15     14     32
  1045 | 2022-12-10 |   19 |      2      8     11     17     21     35     19
  1045 | 2022-12-10 |   21 |     12      2      8     13     13      4     23
  1045 | 2022-12-10 |   41 |     38     24     32     16     25     36      2
  1044 | 2022-12-03 |   12 |     24     34     24      5     43      7     42
  1044 | 2022-12-03 |   17 |     32     20     12     22     12      9     22
  1044 | 2022-12-03 |   20 |     16     23     21     19      3     14     15
  1044 | 2022-12-03 |   26 |     21     40     32      4     37     28     24
  1044 | 2022-12-03 |   28 |      5      5      5      7     11      1     32
  1044 | 2022-12-03 |   36 |     18     32     40     26     41     32      7
  1043 | 2022-11-26 |    3 |     41     41     41     43     22     38     41
  1043 | 2022-11-26 |    5 |     39     34     28      2     26     22     44
  1043 | 2022-11-26 |   12 |     43     43      2     39     43     40     38
  1043 | 2022-11-26 |   22 |     14     32     19     24     34     15     22
  1043 | 2022-11-26 |   26 |     11     30     12     12     31      9     18
  1043 | 2022-11-26 |   31 |     32     38     39     37     28     32     45
  1042 | 2022-11-19 |    5 |     21     38      4     42     17     26     41
  1042 | 2022-11-19 |   14 |     22     29     15     34     42     25     25
  1042 | 2022-11-19 |   15 |     25     39     37     39     19     35     32
  1042 | 2022-11-19 |   23 |      9      2      8     11      8      5     17
  1042 | 2022-11-19 |   34 |     34     15     40     33     36     30      4
  1042 | 2022-11-19 |   43 |     38      5     30     16     16     22     10
  1041 | 2022-11-12 |    6 |     40     10     20     41     31     44     28
  1041 | 2022-11-12 |    7 |     42     23     34     38     13     36     38
  1041 | 2022-11-12 |    9 |     38     43     44     34     28     42     36
  1041 | 2022-11-12 |   11 |      2     41     45     33     26     45     31
  1041 | 2022-11-12 |   17 |     22     31     15     30     16     27     22
  1041 | 2022-11-12 |   18 |     29     18     11     30     27     10     16
  1040 | 2022-11-05 |    8 |     26     11     13     22     23     28     21
  1040 | 2022-11-05 |   16 |     16     17     10     20     32      9     18
  1040 | 2022-11-05 |   26 |      1     29     18     24     44     17     17
  1040 | 2022-11-05 |   29 |     13     19      3     12     27     12     34
  1040 | 2022-11-05 |   31 |      2     24     30     28     22     24     45
  1040 | 2022-11-05 |   36 |     27      7     24      4     33     10     13
  1039 | 2022-10-29 |    2 |      1     13     22     36     27     44     40
  1039 | 2022-10-29 |    3 |     43      4     19     20     19     42     41
  1039 | 2022-10-29 |    6 |     36     23     30     34     39     40     38
  1039 | 2022-10-29 |   19 |     18      6     40     40      9     28     20
  1039 | 2022-10-29 |   36 |     28      8     11     36     42     16     10
  1039 | 2022-10-29 |   39 |      3     44     33     44     30     42     12
  1038 | 2022-10-22 |    7 |     27     13     30     38     12     36     36
  1038 | 2022-10-22 |   16 |     10     20     29     31     32     10     19
  1038 | 2022-10-22 |   24 |     21     40     36     36     36     14     20
  1038 | 2022-10-22 |   27 |     27     42     40      5     28     24     44
  1038 | 2022-10-22 |   37 |     30     19     27     12     13     39     13
  1038 | 2022-10-22 |   44 |     44     45     40     34     44     26     10
  1037 | 2022-10-15 |    2 |      2     13     42      1     39     36     43
  1037 | 2022-10-15 |   14 |     20     23     32     34     37     20     25
  1037 | 2022-10-15 |   15 |     36     15     23     28     17     22     30
  1037 | 2022-10-15 |   22 |     27      8     14      5     30     30     42
  1037 | 2022-10-15 |   27 |     32     38     20     31     31     16     34
  1037 | 2022-10-15 |   33 |     24     28     11     29     23     10      3
  1036 | 2022-10-08 |    2 |      1      2      7     10     12      4     36
  1036 | 2022-10-08 |    5 |     37     10      2     30      9     26     42
  1036 | 2022-10-08 |   22 |      8      6     12     13     32     30     22
  1036 | 2022-10-08 |   32 |      9     24      8     37     31     26      4
  1036 | 2022-10-08 |   34 |     35     37     37      4     42     28     12
  1036 | 2022-10-08 |   45 |     12     41      3     26     22     12     10
  1035 | 2022-10-01 |    9 |     45     34     43     24     38     42     35
  1035 | 2022-10-01 |   14 |     43     21     18     33     36     33     29
  1035 | 2022-10-01 |   34 |     27     35     24     38     37     24      2
  1035 | 2022-10-01 |   35 |     15     39     42     37     27     24      5
  1035 | 2022-10-01 |   41 |     17     41     28     36     19     11      1
  1035 | 2022-10-01 |   42 |     37     45     27     45     44     16      3
  1034 | 2022-09-24 |   26 |     22     12     14     11     33     29     16
  1034 | 2022-09-24 |   31 |     29     34     22     29     36     34     45
  1034 | 2022-09-24 |   32 |     25     28     28     32     38     41      7
  1034 | 2022-09-24 |   33 |     27     36     36     44     19     17      3
  1034 | 2022-09-24 |   38 |     36     42     45     42     43     37      9
  1034 | 2022-09-24 |   40 |     10     38     11      8      2      8      2
  1033 | 2022-09-17 |    3 |     34     28     34     45     24     42     39
  1033 | 2022-09-17 |   11 |     29     21     12     34     14     30     31
  1033 | 2022-09-17 |   15 |     24     33     32     40     26     33     33
  1033 | 2022-09-17 |   20 |     40      8     24     22      3      6     15
  1033 | 2022-09-17 |   35 |     31     40     32     31     32     36      5
  1033 | 2022-09-17 |   44 |      5     41     28     10     30      3      8
  1032 | 2022-09-10 |    1 |     24      2      7     11      6      7     33
  1032 | 2022-09-10 |    6 |     14     17     19      1     31     41     42
  1032 | 2022-09-10 |   12 |     36     25     24     28     34     38     38
  1032 | 2022-09-10 |   19 |      3     10      8      8      9      4     22
  1032 | 2022-09-10 |   36 |     11     28     35      6     41     28     12
  1032 | 2022-09-10 |   42 |     36     43     45     37     45     34      5
  1031 | 2022-09-03 |    6 |      5      6      5     14      8      3     28
  1031 | 2022-09-03 |    7 |     26      3     10     30      9     32     37
  1031 | 2022-09-03 |   22 |     30      9     18     13     24     28     23
  1031 | 2022-09-03 |   32 |     26     23     37      9     39     24      7
  1031 | 2022-09-03 |   35 |     37     40     41     30     36     34      6
  1031 | 2022-09-03 |   36 |     15     38     38     18     37     38      8
  1030 | 2022-08-27 |    2 |      4      2      4      6      5      1     36
  1030 | 2022-08-27 |    5 |      3     39     45     31     30     44     41
  1030 | 2022-08-27 |   11 |     38     33     43     25     27     41     37
  1030 | 2022-08-27 |   17 |     34     16     32     11      8     36     27
  1030 | 2022-08-27 |   24 |      1      3     22     28     26     37     19
  1030 | 2022-08-27 |   29 |     21      6      1     12     10      4     30
  1029 | 2022-08-20 |   12 |     16     19     30      5     37     31     43
  1029 | 2022-08-20 |   30 |     14     21     26     13      4      9     38
  1029 | 2022-08-20 |   32 |     12     30     39     12     38     10      7
  1029 | 2022-08-20 |   37 |     20     28     13     27     14     12     13
  1029 | 2022-08-20 |   39 |     32     36     32     28     35     20     12
  1029 | 2022-08-20 |   41 |     10     19     16     22     28      7      1
  1028 | 2022-08-13 |    5 |      2     42     40     38     44     43     42
  1028 | 2022-08-13 |    7 |      3      3     11     11      2     22     37
  1028 | 2022-08-13 |   12 |     38     32     25     13     14     31     38
  1028 | 2022-08-13 |   13 |     35     35     30     36     36     38     30
  1028 | 2022-08-13 |   18 |      8      5     21     32     16     41     16
  1028 | 2022-08-13 |   35 |     33     28     41      2     42     10     12
  1027 | 2022-08-06 |   14 |     38     28     30     34     20     38     30
  1027 | 2022-08-06 |   16 |     24     25     24     17     25     30     18
  1027 | 2022-08-06 |   27 |     23     20     25     38      4     20     36
  1027 | 2022-08-06 |   35 |     31     24     38     24     32      7      5
  1027 | 2022-08-06 |   39 |     18     31     40     38     39     10     11
  1027 | 2022-08-06 |   45 |     16     32      2     39     45     23     10
  1026 | 2022-07-30 |    5 |     42     41     30     41     20     45     40
  1026 | 2022-07-30 |   12 |     11     23      3     10     27      9     37
  1026 | 2022-07-30 |   13 |     12     16      6      9      7      4     35
  1026 | 2022-07-30 |   31 |     14     31     28     30     26     24     45
  1026 | 2022-07-30 |   32 |      8      2     12     11     12      3      7
  1026 | 2022-07-30 |   41 |     13     20     37     28     31     16      1
  1025 | 2022-07-23 |    8 |     34     39     24     45     33     30     19
  1025 | 2022-07-23 |    9 |     45     44     34      1     31     43     44
  1025 | 2022-07-23 |   20 |     29     14     19      4      3     35     22
  1025 | 2022-07-23 |   25 |      1     22     28     35     16     10     24
  1025 | 2022-07-23 |   29 |     26      9     22     16     21     19     34
  1025 | 2022-07-23 |   33 |      6      4     40     28     10     36      3
  1024 | 2022-07-16 |    9 |     29     22     16     38     31     45     32
  1024 | 2022-07-16 |   18 |     25     14     10      2     28      5     35
  1024 | 2022-07-16 |   20 |      7      9      6     12      3      2     15
  1024 | 2022-07-16 |   22 |     22     13     19     19     35      7     22
  1024 | 2022-07-16 |   38 |     26     25     41     31     40     35      8
  1024 | 2022-07-16 |   44 |     41     42     45     41     45     14      9
  1023 | 2022-07-09 |   10 |     17      3      9     16      1     24     40
  1023 | 2022-07-09 |   14 |     45     42     31     28     42     38     28
  1023 | 2022-07-09 |   16 |      2     34     38     23     36     32     19
  1023 | 2022-07-09 |   18 |     27     12      1     13     14     13     16
  1023 | 2022-07-09 |   29 |     15      8     15      1     16      8     42
  1023 | 2022-07-09 |   35 |     23     20     22     33     21     15      6
  1022 | 2022-07-02 |    5 |      8     11     19     16      6     35     38
  1022 | 2022-07-02 |    6 |      3      3     16     16     26     33     29
  1022 | 2022-07-02 |   11 |     15     31      1     24     27     34     28
  1022 | 2022-07-02 |   29 |      8      5      9      6      8      4     42
  1022 | 2022-07-02 |   42 |     16      4     41     38     24     20      5
  1022 | 2022-07-02 |   45 |     14      8     10      5     22      8     14
  1021 | 2022-06-25 |   12 |     34     34     44      1     37     31     44
  1021 | 2022-06-25 |   15 |     18     11      3     19     14     32     32
  1021 | 2022-06-25 |   17 |     15     14     27     21     16     28     26
  1021 | 2022-06-25 |   24 |      7      9      8     13     20      4     19
  1021 | 2022-06-25 |   29 |     20     22     33      4     24     27     42
  1021 | 2022-06-25 |   45 |     38     20     13      5     18      6     14
  1020 | 2022-06-18 |   12 |     24     39     40     31     29     26     37
  1020 | 2022-06-18 |   27 |      9      6      8     16     17     32     33
  1020 | 2022-06-18 |   29 |     18     23     32     21     25     20     32
  1020 | 2022-06-18 |   38 |     38     22     20     28     36     10      9
  1020 | 2022-06-18 |   41 |     36     22     24     30     34     11      1
  1020 | 2022-06-18 |   45 |     38     18     32     40     34     24     11
  1019 | 2022-06-11 |    1 |     28     45     45     44     18     45     34
  1019 | 2022-06-11 |    4 |     11      3     40     17     36     40     24
  1019 | 2022-06-11 |   13 |      7     27     30     19      6      3     36
  1019 | 2022-06-11 |   17 |     16     30     30     39     23     31     22
  1019 | 2022-06-11 |   34 |     39      9     14     12     18     10      4
  1019 | 2022-06-11 |   39 |     32      6     14     29     25     30     12
  1018 | 2022-06-04 |    3 |     25     45     44     30     23     44     41
  1018 | 2022-06-04 |   19 |     18     34     28     41     20     41     20
  1018 | 2022-06-04 |   21 |      1     17     31     24     24     10     22
  1018 | 2022-06-04 |   25 |     12      8     16     15     10     10     27
  1018 | 2022-06-04 |   37 |     28     10     25     11     24      6     14
  1018 | 2022-06-04 |   45 |     43     12      1     19     30      7     13
  1017 | 2022-05-28 |   12 |     24     37     42     39     42     39     40
  1017 | 2022-05-28 |   18 |     34     38     20     38     40     30     16
  1017 | 2022-05-28 |   22 |     33     21     18     35     30     16     22
  1017 | 2022-05-28 |   23 |     16     16     14     12      8      8     19
  1017 | 2022-05-28 |   30 |     37     25     31     29      4     18     34
  1017 | 2022-05-28 |   34 |     22     24     36      2     34     12     13
  1016 | 2022-05-21 |   15 |      6     12      1     12      6      3     27
  1016 | 2022-05-21 |   26 |     16     30     10     14     24      6     17
  1016 | 2022-05-21 |   28 |      5      5      4      8     10      2     30
  1016 | 2022-05-21 |   34 |     45     32     29     34     39     38      2
  1016 | 2022-05-21 |   41 |     39     18     38     42     32     18      1
  1016 | 2022-05-21 |   42 |     43     29     27     45     45     10      5
  1015 | 2022-05-14 |   14 |      8     28      9      3     26      8     39
  1015 | 2022-05-14 |   23 |      4      6      5      7      5      2     16
  1015 | 2022-05-14 |   31 |     22     10      8     11      9      6     45
  1015 | 2022-05-14 |   33 |     30      7     10      8      8      5      3
  1015 | 2022-05-14 |   37 |     39     30     45     26     22     36     14
  1015 | 2022-05-14 |   40 |      6      9      6      9      2      3      2
  1014 | 2022-05-07 |    3 |      1     41     45     26     22     36     42
  1014 | 2022-05-07 |   11 |     21     37     34     12     20     16     32
  1014 | 2022-05-07 |   14 |     29     39     37     33     33     38     28
  1014 | 2022-05-07 |   18 |      7     22     17     24     32      6     16
  1014 | 2022-05-07 |   26 |     28     34     20      3     41     10     37
  1014 | 2022-05-07 |   27 |     19     20     19     31     21     14     29
  1013 | 2022-04-30 |   21 |      4     12      4     14      5      1     20
  1013 | 2022-04-30 |   22 |     14      4     25      9     15      7     22
  1013 | 2022-04-30 |   26 |      6     10     12     10     21      4     15
  1013 | 2022-04-30 |   34 |     24     23     24     25     30     20      4
  1013 | 2022-04-30 |   36 |     32     21     15     20     31     18      6
  1013 | 2022-04-30 |   41 |     36      6      6     13     12      9      1
  1012 | 2022-04-23 |    5 |      4      1      5      8      5      2     41
  1012 | 2022-04-23 |   11 |     23     36     35     41     31     27     34
  1012 | 2022-04-23 |   18 |     25     22     34     30     35     12     16
  1012 | 2022-04-23 |   20 |      3     11     27     26      3      9     15
  1012 | 2022-04-23 |   35 |     14     16     10      4     18     30     14
  1012 | 2022-04-23 |   45 |     44     44     44     44     44     44     11
  1011 | 2022-04-16 |    1 |     42     42      2     42     38     41     36
  1011 | 2022-04-16 |    9 |     36     35     34      1     25     35     42
  1011 | 2022-04-16 |   12 |     16     30     32      5     37     33     43
  1011 | 2022-04-16 |   26 |      5      6     11     18     18      4     17
  1011 | 2022-04-16 |   35 |     18      8     12     27     20      9      4
  1011 | 2022-04-16 |   38 |     14     20     24     16     36     11      7
  1010 | 2022-04-09 |    9 |     18     35     32     30     22     27     34
  1010 | 2022-04-09 |   12 |     22     32     28     25     35     32     36
  1010 | 2022-04-09 |   15 |     21     30     23      1     21     22     43
  1010 | 2022-04-09 |   25 |     17     24     25     22     19      8     26
  1010 | 2022-04-09 |   34 |     13      7      6      2     25      4     13
  1010 | 2022-04-09 |   36 |      8      4      5     10     10      3      5
  1009 | 2022-04-02 |   15 |     32     27     32     28     14     30     33
  1009 | 2022-04-02 |   23 |      5      3      8     11      6      3     20
  1009 | 2022-04-02 |   29 |     44     43     43     43     43     43     30
  1009 | 2022-04-02 |   34 |     31      2      6     12     18      6      3
  1009 | 2022-04-02 |   40 |      1      8      3      8      1      2      1
  1009 | 2022-04-02 |   44 |     40     15     10      3     32     10     14
  1008 | 2022-03-26 |    9 |      5      6     29     26      7     17     26
  1008 | 2022-03-26 |   11 |     22     34     35      5     28     33     42
  1008 | 2022-03-26 |   30 |     34     20     22     27      3     30     32
  1008 | 2022-03-26 |   31 |     28     24     16     20     22     11     45
  1008 | 2022-03-26 |   41 |     40     26     13     15     26     24      1
  1008 | 2022-03-26 |   44 |     43     43     43     43     43     43     10
  1007 | 2022-03-19 |    8 |     35     36     37      1     38     38     40
  1007 | 2022-03-19 |   11 |     26     22     31      6     30     33     44
  1007 | 2022-03-19 |   16 |     37     10     30      3     26     14     32
  1007 | 2022-03-19 |   19 |     19     12     20     20     15     10     20
  1007 | 2022-03-19 |   21 |      6      8     14     14     12      8     21
  1007 | 2022-03-19 |   25 |     13     15     11     22     11      8     23
  1006 | 2022-03-12 |    8 |     33     32     40      1     38     35     35
  1006 | 2022-03-12 |   11 |     23      5     12     22     10     28     27
  1006 | 2022-03-12 |   15 |     18     21     36     29     28     22     32
  1006 | 2022-03-12 |   16 |     37     12     22     27     24     13     18
  1006 | 2022-03-12 |   17 |      3      9     13     25     12     10     23
  1006 | 2022-03-12 |   37 |     20     20     20     21     13     30     14
  1005 | 2022-03-05 |    8 |     42     25     35     39     36     42     22
  1005 | 2022-03-05 |   13 |     13     16      2     18      8     16     32
  1005 | 2022-03-05 |   18 |      2     34      1     14     37     27     16
  1005 | 2022-03-05 |   24 |     19     18     30     28     36     24     20
  1005 | 2022-03-05 |   27 |     21     23     26     26     18     16     30
  1005 | 2022-03-05 |   29 |     26      9     18     30     25     26     33
  1004 | 2022-02-26 |    7 |     39     38     33     42     16     26     35
  1004 | 2022-02-26 |   15 |      1     39     32     38     16     34     28
  1004 | 2022-02-26 |   30 |     18     14     34     16      4     11     37
  1004 | 2022-02-26 |   37 |     42     28     14     36     21     36     11
  1004 | 2022-02-26 |   39 |      3     41     22      2     18     18     13
  1004 | 2022-02-26 |   44 |     44     44     44     45     44     44      9
  1003 | 2022-02-19 |    1 |     39     39     43     37     42     44     34
  1003 | 2022-02-19 |    4 |     25     41      3     11     24     24     26
  1003 | 2022-02-19 |   29 |     38     36     30     40      4     28     28
  1003 | 2022-02-19 |   39 |      2     43     32     43      2     40      8
  1003 | 2022-02-19 |   43 |     30     16      7     22     23      3      9
  1003 | 2022-02-19 |   45 |     44     42     36      7     36     32     13
  1002 | 2022-02-12 |   17 |     23     12     17     19     38     19     26
  1002 | 2022-02-12 |   25 |     26      8     20     13     34      7     27
  1002 | 2022-02-12 |   33 |     42     38     24     22     42     30      3
  1002 | 2022-02-12 |   35 |     42     32     22     28     40     34      5
  1002 | 2022-02-12 |   38 |     39     40     43     38     26     40      9
  1002 | 2022-02-12 |   45 |     45     43     45     24     43     40     13
  1001 | 2022-02-05 |    6 |     23     34     18     45     24     28     22
  1001 | 2022-02-05 |   10 |     16     30     20     44     29     35     39
  1001 | 2022-02-05 |   12 |     14      6      8     29      7     20     36
  1001 | 2022-02-05 |   14 |     15     21     13     37     14     18     25
  1001 | 2022-02-05 |   20 |     13     14     10     22     22     11     15
  1001 | 2022-02-05 |   42 |     41     39      6      4     17     43     13
  1000 | 2022-01-29 |    2 |     25     21     20     45     11     44     28
  1000 | 2022-01-29 |    8 |     28      4      9     38      8     36     20
  1000 | 2022-01-29 |   19 |      4      1      3      7      2      1     21
  1000 | 2022-01-29 |   22 |      8      3      6      9      5      2     22
  1000 | 2022-01-29 |   32 |     37      6     24     12      7     39      8
  1000 | 2022-01-29 |   42 |     45     41     41     26     28     28      5
   999 | 2022-01-22 |    1 |     21     41     34     32     40     36     37
   999 | 2022-01-22 |    3 |      7     39     32     34     44     43     40
   999 | 2022-01-22 |    9 |      4      1      4      7      1      1     32
   999 | 2022-01-22 |   14 |     23     26     16     39     15     26     24
   999 | 2022-01-22 |   18 |     38     36     35      4     23     35     31
   999 | 2022-01-22 |   28 |      3      6      8      9      8      3     27
   998 | 2022-01-15 |   13 |      6      6     31     36     30     36     33
   998 | 2022-01-15 |   17 |     32     42     36     24     33     16     24
   998 | 2022-01-15 |   18 |     44     20     12     32     18     10     16
   998 | 2022-01-15 |   20 |      2     20     14     30     22     15     15
   998 | 2022-01-15 |   42 |     25     28     38     31     30     33      5
   998 | 2022-01-15 |   45 |     29     34     45     24     45     30     11
   997 | 2022-01-08 |    4 |     35     32     43     38     20     42     23
   997 | 2022-01-08 |    7 |      1     15     14     41     33     26     36
   997 | 2022-01-08 |   14 |     30     20     40     41     21     36     27
   997 | 2022-01-08 |   16 |     13      9     36     13     12     14     19
   997 | 2022-01-08 |   24 |     11      7     20      2      7      3     43
   997 | 2022-01-08 |   44 |      3     42      3     28     30     29      9
   996 | 2022-01-01 |    6 |      6     12     11     10      5      4     25
   996 | 2022-01-01 |   11 |      7      8     21     14     24      6     32
   996 | 2022-01-01 |   15 |     17     16     42     43     38     33     31
   996 | 2022-01-01 |   24 |     16     14     12     12     10     28     17
   996 | 2022-01-01 |   32 |     25     41     18     25     15     27      8
   996 | 2022-01-01 |   39 |     35     43     16      6      3     21     14
   995 | 2021-12-25 |    1 |      9     26     45      2     35     37     41
   995 | 2021-12-25 |    4 |     23     22     43     38     18     28     33
   995 | 2021-12-25 |   13 |     12     20     33     41     41     32     31
   995 | 2021-12-25 |   29 |     39     29     28     32      4     24     32
   995 | 2021-12-25 |   38 |     32     12     30     22     16     40      1
   995 | 2021-12-25 |   39 |     14      3      6     14      3     10     12
   994 | 2021-12-18 |    1 |     17     30     42     37     40     37     38
   994 | 2021-12-18 |    3 |      9     12     40     30     42     45     44
   994 | 2021-12-18 |    8 |     22      3     24     24      7     29     19
   994 | 2021-12-18 |   24 |      1     11     10      5     11     27     30
   994 | 2021-12-18 |   27 |     26     36     36     18     36     24     33
   994 | 2021-12-18 |   35 |     38     39     44     26     39     40      7
   993 | 2021-12-11 |    6 |      4      1      4      6      6      1     23
   993 | 2021-12-11 |   14 |     38     42     34     38     38     32     28
   993 | 2021-12-11 |   16 |     17      8      2     11     26     13     18
   993 | 2021-12-11 |   18 |     32     22     29     23      3     10     15
   993 | 2021-12-11 |   24 |      1     32     23     42     34     28     17
   993 | 2021-12-11 |   42 |     44     44     25     40     43     20      4
   992 | 2021-12-04 |   12 |     24     17     12     16     22      8     37
   992 | 2021-12-04 |   20 |     28     19     13     16     42      9     15
   992 | 2021-12-04 |   26 |      3     38     28     35     44     22     18
   992 | 2021-12-04 |   33 |     18     31     14      6      9     19     12
   992 | 2021-12-04 |   44 |     36     33      8      4     31      6     14
   992 | 2021-12-04 |   45 |     39     42     27     38     16     44     11
   991 | 2021-11-27 |   13 |      6      7     12     14      6      5     36
   991 | 2021-11-27 |   18 |     38     32     15     28      4      8     16
   991 | 2021-11-27 |   25 |     43     34     28      4     23     18     42
   991 | 2021-11-27 |   31 |     14     20     22     15     13     20     45
   991 | 2021-11-27 |   33 |     19     33     26     32     16     25      3
   991 | 2021-11-27 |   44 |     40     41     23     34     44     42      9
   990 | 2021-11-20 |    2 |     34     28      7     13     37     16     31
   990 | 2021-11-20 |    4 |     11     28     16     27     40     26     30
   990 | 2021-11-20 |   25 |     42     12     14     34      8      5     24
   990 | 2021-11-20 |   26 |      1     36     26     30     40     24     16
   990 | 2021-11-20 |   36 |     22     39     44     20     38     27      7
   990 | 2021-11-20 |   37 |     14     21      1     20     14     25     14
   989 | 2021-11-13 |   17 |     37     42     30     40     29     26     25
   989 | 2021-11-13 |   18 |      9     14     14     18      3     14     15
   989 | 2021-11-13 |   21 |     10     27     20     22      9      6     21
   989 | 2021-11-13 |   27 |      3     24     14     20     12     36     32
   989 | 2021-11-13 |   29 |     30     29     40     40     28     26     34
   989 | 2021-11-13 |   33 |      8     11      7      9      6      2      2
   988 | 2021-11-06 |    2 |     36     22     33      1     38     14     43
   988 | 2021-11-06 |   13 |     24     32     40     30     16     13     34
   988 | 2021-11-06 |   20 |      4     27      3      8     13      2     15
   988 | 2021-11-06 |   30 |      8      8      4     12     20     11     33
   988 | 2021-11-06 |   31 |     26     22     24     34     21     31     45
   988 | 2021-11-06 |   41 |     45     41     36     36     32     43      1
   987 | 2021-10-30 |    2 |     34     38      1     43     44     30     40
   987 | 2021-10-30 |    4 |      4      2     30     12     14      3     23
   987 | 2021-10-30 |   15 |      5     12      6      8      6      2     33
   987 | 2021-10-30 |   23 |     12     26     34     24     10     40     32
   987 | 2021-10-30 |   29 |      7     10      4     10      7      4     37
   987 | 2021-10-30 |   38 |     43      8     16     17      2     10      1
   986 | 2021-10-23 |    7 |     40     44     44     29     26     43     38
   986 | 2021-10-23 |   10 |     24     32     43     26     37     29     39
   986 | 2021-10-23 |   16 |     37     22     30     42     40     28     19
   986 | 2021-10-23 |   28 |      8     11      6     11      3      5     24
   986 | 2021-10-23 |   41 |     22     16     13     38     12     35      1
   986 | 2021-10-23 |   42 |      9     24     11     22     44     39      4
   985 | 2021-10-16 |   17 |     35     28     32     29     19     11     24
   985 | 2021-10-16 |   21 |     17     24     25     25     14     22     23
   985 | 2021-10-16 |   23 |     26     33     34      4     17      9     41
   985 | 2021-10-16 |   30 |      7      1      6      8     12      2     38
   985 | 2021-10-16 |   34 |     40     18     24     33     38     26      4
   985 | 2021-10-16 |   44 |     36     41     26     38     45     45      8
   984 | 2021-10-09 |    3 |     39     34     45     44     22     32     43
   984 | 2021-10-09 |   10 |     25     30     44     15      2     14     42
   984 | 2021-10-09 |   23 |     20     22     16      3     12     24     35
   984 | 2021-10-09 |   35 |     29     29     11      6     14     15     13
   984 | 2021-10-09 |   36 |     34     24     33     26     41     34      7
   984 | 2021-10-09 |   37 |     38     20      9     38     24     38     12
   983 | 2021-10-02 |   13 |     36     13     42      5     20     20     42
   983 | 2021-10-02 |   23 |     17     14     11     18     10     10     18
   983 | 2021-10-02 |   26 |     14     34      9     12     26     40     15
   983 | 2021-10-02 |   31 |     22     24      5      9      6      6     45
   983 | 2021-10-02 |   35 |     33      9     16     29     17     27      6
   983 | 2021-10-02 |   43 |     42     30     28     42     34     38      9
   982 | 2021-09-25 |    5 |      5      7     21      8      5      4     43
   982 | 2021-09-25 |    7 |     19     24     41     34     20     34     39
   982 | 2021-09-25 |   13 |     22     11     36     28     16     40     38
   982 | 2021-09-25 |   20 |      4      1      3      4      2      1     15
   982 | 2021-09-25 |   21 |      8     36     10     26      8      9     22
   982 | 2021-09-25 |   44 |     43     41     33     45     41     39      7
   981 | 2021-09-18 |   27 |      4     11      6      9      5      3     29
   981 | 2021-09-18 |   36 |     26     28     21     14     37     41      5
   981 | 2021-09-18 |   37 |      6      5      3     11      8     13     13
   981 | 2021-09-18 |   41 |     18     30     34     38     28     44      1
   981 | 2021-09-18 |   43 |     13     32     43     30     32     45     10
   981 | 2021-09-18 |   45 |     12     33     24     34     26     39     12
   980 | 2021-09-11 |    3 |     32     45     45     45     22     39     41
   980 | 2021-09-11 |   13 |     28     38     41     40     18     31     35
   980 | 2021-09-11 |   16 |      3     22     28      3     30      9     38
   980 | 2021-09-11 |   23 |     26     14     17     34      9     11     18
   980 | 2021-09-11 |   24 |      1     16     17     13     26     20     20
   980 | 2021-09-11 |   35 |      5      6     39     26      8     42      4
   979 | 2021-09-04 |    7 |     41     31     45      5     16     26     44
   979 | 2021-09-04 |   11 |     36     30     22     34     23     22     32
   979 | 2021-09-04 |   16 |      2     23     24     24     28     19     19
   979 | 2021-09-04 |   21 |      9     28      3     10     14      3     26
   979 | 2021-09-04 |   27 |      4      1      4      6      5      1     30
   979 | 2021-09-04 |   33 |      5     18      6     12      6      6      3
   978 | 2021-08-28 |    1 |     44     38     36     42     14     17     35
   978 | 2021-08-28 |    7 |     18     13      9     11      6      4     36
   978 | 2021-08-28 |   15 |     34     18     13     18     13      8     30
   978 | 2021-08-28 |   32 |     24     12      8     28     38     20      6
   978 | 2021-08-28 |   34 |     26     25     19     35     41     18      4
   978 | 2021-08-28 |   42 |     16     37     42     40     45     45      5
   977 | 2021-08-21 |    2 |      3     18     33     34     34     41     31
   977 | 2021-08-21 |    9 |     24     23     13     13     11     16     34
   977 | 2021-08-21 |   10 |     41      6     35     28      1     28     38
   977 | 2021-08-21 |   14 |     38     20     16      5     39     20     41
   977 | 2021-08-21 |   22 |     12     15     22     20     22     32     23
   977 | 2021-08-21 |   44 |     17     32     34     30     45     44      9
   976 | 2021-08-14 |    4 |     20      2      7     14     11      5     33
   976 | 2021-08-14 |   12 |     22     20      8     29     22     30     27
   976 | 2021-08-14 |   14 |     32     22     20     28     23     24     24
   976 | 2021-08-14 |   25 |     44     45     28     43     40     40     29
   976 | 2021-08-14 |   35 |     15     30     40     14     34     18     11
   976 | 2021-08-14 |   37 |     12     18     32     11     28     11     14
   975 | 2021-08-07 |    7 |      4      1      4      7      1      1     36
   975 | 2021-08-07 |    8 |     24      3     10     16      7     14     20
   975 | 2021-08-07 |    9 |      6     35      3     20     19     11     32
   975 | 2021-08-07 |   17 |     10     22     20     34      4     16     25
   975 | 2021-08-07 |   22 |     18     12      7     12      9      7     22
   975 | 2021-08-07 |   24 |      2     32      2     29     22     25     18
   974 | 2021-07-31 |    1 |     15     24      2     10     28     41     37
   974 | 2021-07-31 |    2 |     40     44     44     32     24     44     42
   974 | 2021-07-31 |   11 |     22     38     22     22     36     16     35
   974 | 2021-07-31 |   16 |     38     26     27     14     20     18     15
   974 | 2021-07-31 |   39 |     10     19     15     34     35     31     11
   974 | 2021-07-31 |   44 |      6      4      4     18      5      2      6
   973 | 2021-07-24 |   22 |      8     14     11     12     10      6     24
   973 | 2021-07-24 |   26 |      1     34     42     15     11     32     17
   973 | 2021-07-24 |   31 |     28     28     22     37     44     22     45
   973 | 2021-07-24 |   37 |      9     24      8      6      2     14     14
   973 | 2021-07-24 |   41 |     26     39     29     32     37     36      1
   973 | 2021-07-24 |   42 |     28     43     20     23     20     33      5
   972 | 2021-07-17 |    3 |     33      5     31     25     27     20     44
   972 | 2021-07-17 |    6 |     35     35     15      5      9     11     41
   972 | 2021-07-17 |   17 |     18     10     18      4      4      8     36
   972 | 2021-07-17 |   23 |     33      7     19     20     21     30     17
   972 | 2021-07-17 |   37 |     39     29      4     18      2     36     14
   972 | 2021-07-17 |   39 |     31     34     45     15     34     24     12
   971 | 2021-07-10 |    2 |     34     39      7     43     26     35     33
   971 | 2021-07-10 |    6 |     41     40     12     35     29     36     25
   971 | 2021-07-10 |   17 |     10      3      4      8      3      2     24
   971 | 2021-07-10 |   18 |     13     30     14     36     14     28     16
   971 | 2021-07-10 |   21 |     20      6     11      1     15      4     41
   971 | 2021-07-10 |   26 |     24     33     26     28     30     16     18
   970 | 2021-07-03 |    9 |      3     32     17      5     42     32     41
   970 | 2021-07-03 |   11 |     32     20     28     40     32     22     32
   970 | 2021-07-03 |   16 |      6     19      8     10     11      6     22
   970 | 2021-07-03 |   21 |     29     12     16     19     28     15     24
   970 | 2021-07-03 |   28 |     24     44      3     32     29     36     32
   970 | 2021-07-03 |   36 |     20     29     22     16     17     12      7
   969 | 2021-06-26 |    3 |     15     18     44     32     28     34     41
   969 | 2021-06-26 |    9 |      2     32      3     37     32     44     33
   969 | 2021-06-26 |   10 |     31     38     37     40     19     42     40
   969 | 2021-06-26 |   29 |     22     20     23     20     36     22     29
   969 | 2021-06-26 |   40 |     20      5     15     13      9      5      2
   969 | 2021-06-26 |   45 |     44     12     26     12     39     12     12
   968 | 2021-06-19 |    2 |     22     40     24     32     18     37     32
   968 | 2021-06-19 |    5 |      4      1      4      7      5      2     41
   968 | 2021-06-19 |   12 |     36     30     26     41     21     36     37
   968 | 2021-06-19 |   14 |     29     35     21     36     26     29     28
   968 | 2021-06-19 |   24 |     19     10     23     28     24     22     19
   968 | 2021-06-19 |   39 |     30     18     22     42     31     26     10
   967 | 2021-06-12 |    1 |     12     42     42      1     42     43     44
   967 | 2021-06-12 |    6 |     36     43     32     23     25     36     25
   967 | 2021-06-12 |   13 |     10     37     34     38     39     33     33
   967 | 2021-06-12 |   37 |     37     18     23      6      1      9     14
   967 | 2021-06-12 |   38 |     38      4     13     16     17     16     11
   967 | 2021-06-12 |   40 |     45     44     44     44     44     44      3
   966 | 2021-06-05 |    1 |     10     45     34     42     37     44     30
   966 | 2021-06-05 |   21 |     11     18     14     23     18     22     24
   966 | 2021-06-05 |   25 |     31     29     28      3     39     21     40
   966 | 2021-06-05 |   29 |     36     25     36      6     34      8     42
   966 | 2021-06-05 |   34 |      2      9     20     26     13     11      4
   966 | 2021-06-05 |   37 |     34     18     28     26      2     38     13
   965 | 2021-05-29 |    2 |     21     39     42     35     29     41     38
   965 | 2021-05-29 |   13 |      5     18      5      8     12      3     32
   965 | 2021-05-29 |   25 |      9     14      7     10     20      4     25
   965 | 2021-05-29 |   28 |     29     15     20     21     25      8     29
   965 | 2021-05-29 |   29 |     30     19     13     20     40     22     28
   965 | 2021-05-29 |   36 |     35     10     19      4     21     12     12
   964 | 2021-05-22 |    6 |      8     15      7      1      1     34     43
   964 | 2021-05-22 |   21 |     14     21      9     22     18     26     22
   964 | 2021-05-22 |   36 |     42     19     36     35      2     20      4
   964 | 2021-05-22 |   38 |     32      4     19     11     15      4      7
   964 | 2021-05-22 |   39 |     36      5     19     10      7      2     10
   964 | 2021-05-22 |   43 |      3     32     41     43     37     18      9
   963 | 2021-05-15 |    6 |      6      1     16     16      2     34     26
   963 | 2021-05-15 |   12 |     30     32     24     37     38     30     38
   963 | 2021-05-15 |   19 |     16     21     20     40     12     25     21
   963 | 2021-05-15 |   23 |      8      3     13     19      6     10     18
   963 | 2021-05-15 |   34 |     34     18     14      5     32      9     13
   963 | 2021-05-15 |   42 |     42      8     15     34     30     24      4
   962 | 2021-05-08 |    1 |     30     44     43     32     35     42     35
   962 | 2021-05-08 |   18 |     21     26     33     24     42     26     15
   962 | 2021-05-08 |   28 |     20     21     24     27     40      8     28
   962 | 2021-05-08 |   31 |     35     27     12      3     23     34     45
   962 | 2021-05-08 |   34 |     29      8      8     10     15      4      3
   962 | 2021-05-08 |   43 |      2     30     14     44     25     36      7
   961 | 2021-05-01 |   11 |      7     14      5      8      6      3     34
   961 | 2021-05-01 |   20 |     16     27      7     34     26     17     15
   961 | 2021-05-01 |   29 |      4      6      4      9      8      4     33
   961 | 2021-05-01 |   31 |     42     22     36     34     17     29     45
   961 | 2021-05-01 |   33 |     45     45      2     45     45     45      3
   961 | 2021-05-01 |   42 |     22      8     40     36     30     30      5
   960 | 2021-04-24 |    2 |     33     39     26     40     38     44     35
   960 | 2021-04-24 |   18 |      8     16     21     15     29      6     16
   960 | 2021-04-24 |   24 |     18     23     36      1     39     14     39
   960 | 2021-04-24 |   30 |     10      8      1     10     20      4     36
   960 | 2021-04-24 |   32 |      5      6     11      8     11      2      6
   960 | 2021-04-24 |   45 |     41     22     19     42     17     31     12
   959 | 2021-04-17 |    1 |      2     44     18     45     35     45     34
   959 | 2021-04-17 |   14 |     40     38     24     34     33     18     27
   959 | 2021-04-17 |   15 |     42     41     19     44     33     44     30
   959 | 2021-04-17 |   24 |     13     17     20     15     36     11     17
   959 | 2021-04-17 |   40 |      1     14     35     24     31      8      2
   959 | 2021-04-17 |   41 |     20      9      8     12     12      8      1
   958 | 2021-04-10 |    2 |     44     43     43     45     21     43     32
   958 | 2021-04-10 |    9 |     39     39     32     26     41     37     34
   958 | 2021-04-10 |   10 |     19     28     30     24     13     10     39
   958 | 2021-04-10 |   16 |     16     20     23     28     25     24     20
   958 | 2021-04-10 |   35 |     28     32     21      2     36     25     14
   958 | 2021-04-10 |   37 |     24     22     10     22      2     18     12
   957 | 2021-04-03 |    4 |     32     34     43     40     43     44     26
   957 | 2021-04-03 |   15 |     24     35     25     38     29     38     31
   957 | 2021-04-03 |   24 |     13     18     10     17     34     10     17
   957 | 2021-04-03 |   35 |     29     24     30     30     20     30      6
   957 | 2021-04-03 |   36 |     38     18     28     21      1     27      5
   957 | 2021-04-03 |   40 |      2      9      1     16     22     23      1
   956 | 2021-03-27 |   10 |     17     35      2     14     36     14     41
   956 | 2021-03-27 |   11 |     22     34     31     43     24     38     26
   956 | 2021-03-27 |   20 |     27     15     13     11     30      8     15
   956 | 2021-03-27 |   21 |      6      6      6      9      8      6     22
   956 | 2021-03-27 |   25 |      7      3     16     21      7      9     23
   956 | 2021-03-27 |   41 |     38     31     41     43     28     42      1
   955 | 2021-03-20 |    4 |     10     29      9     10     20      9     27
   955 | 2021-03-20 |    9 |      9     34     35      5     16     22     41
   955 | 2021-03-20 |   23 |      6      2      6     11      9      6     19
   955 | 2021-03-20 |   26 |     20      9      8      3      3      7     33
   955 | 2021-03-20 |   29 |     26     10      7     37      8     24     29
   955 | 2021-03-20 |   33 |     40     33     32     36     14     29      1
   954 | 2021-03-13 |    1 |     25     42     44     37     38     34     34
   954 | 2021-03-13 |    9 |     21     39     35      6     16     29     42
   954 | 2021-03-13 |   26 |      5      6      5      8      2      2     18
   954 | 2021-03-13 |   28 |     36     23     40     35     26     23     29
   954 | 2021-03-13 |   30 |     28     16     21     11     40     12     36
   954 | 2021-03-13 |   41 |     19     12     11     30     10     31      1
   953 | 2021-03-06 |    7 |      5     16      6      8      7      3     37
   953 | 2021-03-06 |    9 |     21     27     31     28     21     40     34
   953 | 2021-03-06 |   22 |     42     34     37      4     43     19     42
   953 | 2021-03-06 |   27 |     17     33     20     18     26     28     31
   953 | 2021-03-06 |   37 |     36      5     20     28      9     30     12
   953 | 2021-03-06 |   42 |     40     13     24     14     30     32      3
   952 | 2021-02-27 |    4 |     23     40     36     15     10     27     28
   952 | 2021-02-27 |   12 |     37     44     38      4     26     41     43
   952 | 2021-02-27 |   22 |     25     10     20     18      9     10     21
   952 | 2021-02-27 |   24 |     12      5     12     10      8      6     18
   952 | 2021-02-27 |   33 |     13     18     24     38     32     36      2
   952 | 2021-02-27 |   41 |     18     14     10     29     31     20      1
   951 | 2021-02-20 |    2 |     45     44     45     42     26     44     35
   951 | 2021-02-20 |   12 |     37     32     40     39     21     28     36
   951 | 2021-02-20 |   30 |      1     10     14     10      9      4     32
   951 | 2021-02-20 |   31 |     25     34     26     29     37     30     45
   951 | 2021-02-20 |   39 |     13     11     11     28     41     24     12
   951 | 2021-02-20 |   43 |     16     28     28     31     44     36     10
   950 | 2021-02-13 |    3 |     34     33     39     24     44     44     41
   950 | 2021-02-13 |    4 |     45     45     32     36     22     43     24
   950 | 2021-02-13 |   15 |     10     22      3     22     30     26     28
   950 | 2021-02-13 |   22 |     19      9      9     17     12     32     20
   950 | 2021-02-13 |   28 |     27     14      8     12     10      2     31
   950 | 2021-02-13 |   40 |     17     38     44      7     25     20      9
   949 | 2021-02-06 |   14 |     30     27     10     27     37     40     29
   949 | 2021-02-06 |   21 |      8      5      4      8      6      2     22
   949 | 2021-02-06 |   35 |     18     18     40     41     25     19      7
   949 | 2021-02-06 |   36 |     30     21      1     32      1     12      6
   949 | 2021-02-06 |   40 |     10     11     41     32     32     26      1
   949 | 2021-02-06 |   44 |     35     40     44     44     43     23      9
   948 | 2021-01-30 |   13 |     11     29     13     24     11     18     34
   948 | 2021-01-30 |   18 |     38     27     20     24     40     28     15
   948 | 2021-01-30 |   30 |     44     36     30     28     36     17     35
   948 | 2021-01-30 |   31 |     27     12     35     35     22     22     45
   948 | 2021-01-30 |   38 |     38     18     40     15     37     36      8
   948 | 2021-01-30 |   41 |     16     14     24     11      6      8      1
   947 | 2021-01-23 |    3 |     29     45     45     39     45     45     41
   947 | 2021-01-23 |    8 |     32     40     43     44     28     24     20
   947 | 2021-01-23 |   17 |      5     11      5      8      3      3     25
   947 | 2021-01-23 |   20 |      1     32     22     43     19     29     15
   947 | 2021-01-23 |   27 |     16     35      9     13      4     12     29
   947 | 2021-01-23 |   35 |     13      9     19     36     36     34      6
   946 | 2021-01-16 |    9 |     17     26     28      2     34     18     41
   946 | 2021-01-16 |   18 |     35     28     26     19     22     16     16
   946 | 2021-01-16 |   19 |     23     16     36     29     39     21     20
   946 | 2021-01-16 |   30 |     40     24     42      1     16     19     43
   946 | 2021-01-16 |   34 |     22      2      6     11      8      6      3
   946 | 2021-01-16 |   40 |     42     20     25     22     14     39      2
   945 | 2021-01-09 |    9 |      5     10      5      9     11      4     31
   945 | 2021-01-09 |   10 |     28     32     43     39     26     43     39
   945 | 2021-01-09 |   15 |     25     17      3     40     37     30     29
   945 | 2021-01-09 |   30 |     16      6     12     10     10      5     35
   945 | 2021-01-09 |   33 |     38     22     18      4     31     35     12
   945 | 2021-01-09 |   37 |     40      3     30     31      1     38     13
   944 | 2021-01-02 |    2 |      8     14     24     14      9     32     32
   944 | 2021-01-02 |   13 |     40     40     37      3     39     39     43
   944 | 2021-01-02 |   16 |     11     31     37     21     20     28     20
   944 | 2021-01-02 |   19 |     16      8      6     12     29      6     21
   944 | 2021-01-02 |   32 |     20     24     23     25     13     16      7
   944 | 2021-01-02 |   33 |     35     16     26     38     36     30      3
   943 | 2020-12-26 |    1 |     38     43     22     40     43     43     36
   943 | 2020-12-26 |    8 |     15     30     28     42     32     42     23
   943 | 2020-12-26 |   13 |     39     39     16     26     38     31     34
   943 | 2020-12-26 |   36 |     21      5      1     20     13      4      5
   943 | 2020-12-26 |   44 |     44     44     44     45     44     44      7
   943 | 2020-12-26 |   45 |     43     17     42     34     38      8     10
   942 | 2020-12-19 |   10 |     26     32     19     16     37     21     38
   942 | 2020-12-19 |   12 |     38     31     38      1     38     33     44
   942 | 2020-12-19 |   18 |     15     20     12     12     38      9     17
   942 | 2020-12-19 |   35 |      1      5      7      9     10      3      6
   942 | 2020-12-19 |   42 |     18     21     34     42     40     12      4
   942 | 2020-12-19 |   43 |     35     25     43     28     20     30      9
   941 | 2020-12-12 |   12 |     35     11     18     25     38     20     38
   941 | 2020-12-12 |   14 |     14     10      5     10      8      2     25
   941 | 2020-12-12 |   25 |     33     40     38     26     34     26     23
   941 | 2020-12-12 |   27 |     28     42     40     37     27     11     30
   941 | 2020-12-12 |   39 |     19     20     44     14     12     16     12
   941 | 2020-12-12 |   40 |      8     28     31     29     24     19      2
   940 | 2020-12-05 |    3 |     43     42      1     18     40     29     39
   940 | 2020-12-05 |   15 |     36     44      2     37     45     41     30
   940 | 2020-12-05 |   20 |     13     10     11     17     10     36     15
   940 | 2020-12-05 |   22 |     18     28     18     28     18     18     24
   940 | 2020-12-05 |   24 |     14     11      8     13      9      4     19
   940 | 2020-12-05 |   41 |     20     24     42     38     43     27      1
   939 | 2020-11-28 |    4 |     12     23     25      1      9      9     41
   939 | 2020-11-28 |   11 |     24     37     37     32     35     22     28
   939 | 2020-11-28 |   28 |     20     14     17     32     26     10     27
   939 | 2020-11-28 |   39 |     44     33     39     24      2     34     11
   939 | 2020-11-28 |   42 |     37     21     22     36     36     45      5
   939 | 2020-11-28 |   45 |     39     34     35     20     44     40     12
   938 | 2020-11-21 |    4 |     24     44     25     43     44     43     27
   938 | 2020-11-21 |    8 |      6      3     10     24     36      7     22
   938 | 2020-11-21 |   10 |     20     42     19      6     43     38     44
   938 | 2020-11-21 |   16 |      8      2      7     15      3      4     19
   938 | 2020-11-21 |   31 |     35     19     37     21     19     15     45
   938 | 2020-11-21 |   36 |     34     14     24     26      1     20      5
   937 | 2020-11-14 |    2 |     32     26     24     29     43     41     29
   937 | 2020-11-14 |   10 |     28     25     23     38      2     38     40
   937 | 2020-11-14 |   13 |     35     17     34      4     14     11     44
   937 | 2020-11-14 |   22 |     18      6     10     14     24     39     22
   937 | 2020-11-14 |   29 |     21     19     26      3     27     30     42
   937 | 2020-11-14 |   40 |      4      1      3      7      1      1      3
   936 | 2020-11-07 |    7 |     19     15     20     24     14     22     40
   936 | 2020-11-07 |   11 |     34     14     18     22     18     40     30
   936 | 2020-11-07 |   13 |     31     17     34     16     13     28     36
   936 | 2020-11-07 |   17 |     22      8     16     13     10     12     24
   936 | 2020-11-07 |   18 |      2     14     16     38     34     14     15
   936 | 2020-11-07 |   29 |      7      6     25      8     12      4     39
   935 | 2020-10-31 |    4 |     44     30     30     35     40     37     27
   935 | 2020-10-31 |   10 |     25     26     27     23      2     18     40
   935 | 2020-10-31 |   20 |     15     22     32     13      3      8     15
   935 | 2020-10-31 |   32 |     26     38     38     42     37     30      6
   935 | 2020-10-31 |   38 |     32     37     32     26     34     40      7
   935 | 2020-10-31 |   44 |     41     43      2     37     45     45      9
   934 | 2020-10-24 |    1 |     36     12     38     30     19     39     35
   934 | 2020-10-24 |    3 |     19      3      1     24      7     44     43
   934 | 2020-10-24 |   30 |      4      1      4      8      3      1     32
   934 | 2020-10-24 |   33 |     41     13     32     35     13     12      2
   934 | 2020-10-24 |   36 |     37     32     14      5     31     10     13
   934 | 2020-10-24 |   39 |     43     45     44     45     33     30     11
   933 | 2020-10-17 |   23 |     11     22     18     13     10     11     20
   933 | 2020-10-17 |   27 |     41     36     27     24     26     38     34
   933 | 2020-10-17 |   29 |      4      1      4      6      5      1     34
   933 | 2020-10-17 |   31 |     29     39     39     41     33     36     45
   933 | 2020-10-17 |   36 |     39     43     34      2     30     40     12
   933 | 2020-10-17 |   45 |      5     34      5     10     12      7     11
   932 | 2020-10-10 |    1 |      8      4     28     23      6     27     32
   932 | 2020-10-10 |    6 |     26     15      3     15     34     18     26
   932 | 2020-10-10 |   15 |     19     33     12      5     16     22     43
   932 | 2020-10-10 |   36 |     43     44     40     35     42     33      6
   932 | 2020-10-10 |   37 |     40     43     32     44     28     45     12
   932 | 2020-10-10 |   38 |     31     30      9     20     35     11      9
   931 | 2020-10-03 |   14 |     40     20     31     31     36     14     26
   931 | 2020-10-03 |   15 |     16     29     12     34     16     30     28
   931 | 2020-10-03 |   23 |     12     12      9     20     12     37     19
   931 | 2020-10-03 |   25 |     23     37     38      4     24     28     44
   931 | 2020-10-03 |   35 |      6     10      7     12      8     13      6
   931 | 2020-10-03 |   43 |     16     40     42     43     34     44      9
   930 | 2020-09-26 |    8 |     16      4     18     36     11     10     20
   930 | 2020-09-26 |   21 |     12     30     18     28     13      9     23
   930 | 2020-09-26 |   25 |     14     12      9     21      7      7     26
   930 | 2020-09-26 |   38 |     36     37     42     23     39     37      9
   930 | 2020-09-26 |   39 |     24     40     45     31     30     36     11
   930 | 2020-09-26 |   44 |     44     45     41     22     44     44     12
   929 | 2020-09-19 |    7 |     18     24     44     35     19     30     38
   929 | 2020-09-19 |    9 |      4      4      6      8      6      2     31
   929 | 2020-09-19 |   12 |     42     18     42     41     33     30     37
   929 | 2020-09-19 |   15 |     10      3     18     15      7     19     35
   929 | 2020-09-19 |   19 |      7     15      9     12      9      7     21
   929 | 2020-09-19 |   23 |     27     23     21     26     28     11     18
   928 | 2020-09-12 |    3 |     32      9     23     28     13     24     41
   928 | 2020-09-12 |    4 |      3     24     34      1     41     36     43
   928 | 2020-09-12 |   10 |     35      3     24     12      2     28     39
   928 | 2020-09-12 |   20 |     11      8     10      8      3      2     15
   928 | 2020-09-12 |   28 |     28     32     19     26     35     18     32
   928 | 2020-09-12 |   44 |     44     44     44     44     44     44      8
   927 | 2020-09-05 |    4 |      3      4      9     18     21     13     29
   927 | 2020-09-05 |   15 |      5      1      4      7      5      1     35
   927 | 2020-09-05 |   22 |     20      5      3     13     26      3     21
   927 | 2020-09-05 |   38 |     23     16      6     12     29     30      9
   927 | 2020-09-05 |   41 |     12     42     38     20     36     17      2
   927 | 2020-09-05 |   43 |     44     44     44     44     44     44     11
   926 | 2020-08-29 |   10 |      4      1      4      6      1      1     40
   926 | 2020-08-29 |   16 |     31     30     24     22     38     22     19
   926 | 2020-08-29 |   18 |     25     26     26     20     36     15     17
   926 | 2020-08-29 |   20 |     16      2     12      9      3      3     15
   926 | 2020-08-29 |   25 |      5      6      5      8      6      2     27
   926 | 2020-08-29 |   31 |     10     23     30     35     16     21     45
   925 | 2020-08-22 |   13 |      1     29     37     34     11     29     34
   925 | 2020-08-22 |   24 |     26     18     16     12     17     11     19
   925 | 2020-08-22 |   32 |     32     31     25     30     40     12      6
   925 | 2020-08-22 |   34 |     28     20     25      4     39     13     11
   925 | 2020-08-22 |   39 |     21     21     16     36     21     18      8
   925 | 2020-08-22 |   42 |     44     44     44      5     44     44     12
   924 | 2020-08-15 |    3 |     20     37     41      1     10     16     44
   924 | 2020-08-15 |   11 |     21     41     44     39     22     39     31
   924 | 2020-08-15 |   34 |     18     18     21     18     30     18      3
   924 | 2020-08-15 |   42 |     34     40     27     22     40     34      4
   924 | 2020-08-15 |   43 |     36     11     12     42     25     40      7
   924 | 2020-08-15 |   44 |     45     45     45     45     45     45      9
   923 | 2020-08-08 |    3 |     45     42     39     45     21     42     40
   923 | 2020-08-08 |   17 |     24      9     18      2     11     11     39
   923 | 2020-08-08 |   18 |     20     18     14     19     31      8     16
   923 | 2020-08-08 |   23 |     14     11     20     13     13     25     18
   923 | 2020-08-08 |   36 |      1      8      8      8     17      6      6
   923 | 2020-08-08 |   41 |     44     28     23     24     16     36      1
   922 | 2020-08-01 |    2 |     14     39     25     41     40     38     35
   922 | 2020-08-01 |    6 |     28     10      8     42     28     42     24
   922 | 2020-08-01 |   13 |     40      4     19     40      6     18     36
   922 | 2020-08-01 |   17 |     40     23     43     38     19     28     26
   922 | 2020-08-01 |   27 |     26     12      2     12     15     10     32
   922 | 2020-08-01 |   43 |     32     36     34     33     32     41      9
   921 | 2020-07-25 |    5 |      3     16     26     29      8     11     41
   921 | 2020-07-25 |    7 |     36     42     32     42     22     27     38
   921 | 2020-07-25 |   12 |     28     41     29     36     40     28     39
   921 | 2020-07-25 |   22 |      6     14      2     16     28      8     22
   921 | 2020-07-25 |   28 |     13     10     21     17     31      7     30
   921 | 2020-07-25 |   41 |     26      2      7     15     10     20      1
   920 | 2020-07-18 |    2 |     25     25      3     30     34     21     34
   920 | 2020-07-18 |    3 |     36     38     38     42     24     38     40
   920 | 2020-07-18 |   26 |      5      6     10     10     21      4     16
   920 | 2020-07-18 |   33 |     42     29     32     35     27     24      3
   920 | 2020-07-18 |   34 |      2     30     14     32     36     18      4
   920 | 2020-07-18 |   43 |     40     41     26     40     29     32      9
   919 | 2020-07-11 |    9 |      4      1      4      7      5      1     30
   919 | 2020-07-11 |   14 |     21     37     40     22     35     18     28
   919 | 2020-07-11 |   17 |      3     27     27     12      8      5     26
   919 | 2020-07-11 |   18 |     14     13     36     18     26     10     17
   919 | 2020-07-11 |   42 |     36     24     15     34     44     44      4
   919 | 2020-07-11 |   44 |     33     36     30     30     45     39      9
   918 | 2020-07-04 |    7 |     32     45     38     45     17     45     38
   918 | 2020-07-04 |   11 |     24     44     36     41     30     34     32
   918 | 2020-07-04 |   12 |     23      4     19     19     12     17     36
   918 | 2020-07-04 |   31 |     10      6     34     36     11     41     45
   918 | 2020-07-04 |   33 |     43     23     26     40     20     38      2
   918 | 2020-07-04 |   38 |     31     22      2     24     37     28      9
   917 | 2020-06-27 |    1 |     30      9     42     18      6     26     33
   917 | 2020-06-27 |    3 |     42     45     45     41     25     38     40
   917 | 2020-06-27 |   23 |     30     31     22     23     14     13     19
   917 | 2020-06-27 |   24 |     11     10     18     14     19      9     18
   917 | 2020-06-27 |   27 |      3     42     41     32     20     15     31
   917 | 2020-06-27 |   43 |     18      4     31     38     13     45      8
   916 | 2020-06-20 |    6 |      7     12     17      5     23     10     40
   916 | 2020-06-20 |   21 |     26     39     37     30     30     13     22
   916 | 2020-06-20 |   22 |     10      4      4      2     17     14     38
   916 | 2020-06-20 |   32 |     32     32     16     27     43     33      8
   916 | 2020-06-20 |   35 |     26     37      1     34     20     33      7
   916 | 2020-06-20 |   36 |     20     35     22     13     32     22      5
   915 | 2020-06-13 |    2 |     33     44     35     24     42     43     36
   915 | 2020-06-13 |    6 |     17     39     20     30     39     44     25
   915 | 2020-06-13 |   11 |      5     32      6      8      8      4     32
   915 | 2020-06-13 |   13 |      8      3     33     14      6     15     30
   915 | 2020-06-13 |   22 |     22      5     11     21     32     27     19
   915 | 2020-06-13 |   37 |     26     21     22     20     14     29     11
   914 | 2020-06-06 |   16 |     18     25     20      5     36     31     34
   914 | 2020-06-06 |   19 |     23     29     30     40     18     14     20
   914 | 2020-06-06 |   24 |     13      8     13     30     22      9     17
   914 | 2020-06-06 |   33 |     22      3     29     37     13     40      3
   914 | 2020-06-06 |   42 |     39     26     27     17     42     34      6
   914 | 2020-06-06 |   44 |     42     17     31     33     36     18      9
   913 | 2020-05-30 |    6 |     27     40     44     43     40     38     23
   913 | 2020-05-30 |   14 |     21     21     24     40     28     18     25
   913 | 2020-05-30 |   16 |      5      4      1     13     24     41     18
   913 | 2020-05-30 |   21 |     10      6     16      2     13      8     41
   913 | 2020-05-30 |   27 |     17      9     39      9     10     26     33
   913 | 2020-05-30 |   37 |     31     30     17     34     26     24     13
   912 | 2020-05-23 |    5 |     25     38     30      5     21     40     44
   912 | 2020-05-23 |    8 |     16     44     37     44     34     42     21
   912 | 2020-05-23 |   18 |     11     24      2     31     28     10     16
   912 | 2020-05-23 |   21 |     13      7      6      8      8      4     24
   912 | 2020-05-23 |   22 |     17     20     42     24     39     28     23
   912 | 2020-05-23 |   38 |     34      3      3     40     26     41      7
   911 | 2020-05-16 |    4 |     26     45     36     30     44     43     26
   911 | 2020-05-16 |    5 |     19     35     16     45     22     40     40
   911 | 2020-05-16 |   12 |     11     37     30     24     35     31     37
   911 | 2020-05-16 |   14 |      5     21      6      9     12      9     27
   911 | 2020-05-16 |   32 |     43     34     39     19     39     34      7
   911 | 2020-05-16 |   42 |     41     38     45     27     42     36      5
   910 | 2020-05-09 |    1 |     12     41     15     18     15     44     36
   910 | 2020-05-09 |   11 |      8      2      7     11      5     10     35
   910 | 2020-05-09 |   17 |     30     31     43     35     20     28     27
   910 | 2020-05-09 |   27 |     22     10     24     23      9     11     24
   910 | 2020-05-09 |   35 |     36     20     20      5     14     13     14
   910 | 2020-05-09 |   39 |     37     14      2     32     16      9     12
   909 | 2020-05-02 |    7 |     22     36     35     21     23     43     40
   909 | 2020-05-02 |   24 |     10      5      8     10      9      4     18
   909 | 2020-05-02 |   29 |     37     33     29     44     29     20     30
   909 | 2020-05-02 |   30 |      2      7      5      8      4      1     34
   909 | 2020-05-02 |   34 |     25     17     18     11     31      7      4
   909 | 2020-05-02 |   35 |     35     16     38     18     21     12      8
   908 | 2020-04-25 |    3 |     35     43     36     27     26     43     40
   908 | 2020-04-25 |   16 |     11     22     28     21     27     18     20
   908 | 2020-04-25 |   21 |     38      8     18      1     23     13     41
   908 | 2020-04-25 |   22 |     12     11     17     31     32     10     22
   908 | 2020-04-25 |   23 |     27     13     10     34     10     18     18
   908 | 2020-04-25 |   44 |     28     22     29      6     39     11     13
   907 | 2020-04-18 |   21 |     41      8     27     16     10      9     25
   907 | 2020-04-18 |   27 |     43     26     30     17     20     15     32
   907 | 2020-04-18 |   29 |     24     24     24     35     30     18     30
   907 | 2020-04-18 |   38 |     10     28     15     12     28      5      8
   907 | 2020-04-18 |   40 |     42     45     42     35      3     40      2
   907 | 2020-04-18 |   44 |     19      2      6     11     31      4      9
   906 | 2020-04-11 |    2 |     26     36     39     44     36     44     31
   906 | 2020-04-11 |    5 |     20     25     12     36     13     34     41
   906 | 2020-04-11 |   14 |     15     29     16     36     32     29     28
   906 | 2020-04-11 |   28 |     11     12      8     14     28      4     28
   906 | 2020-04-11 |   31 |     24     19     31     24     24     11     45
   906 | 2020-04-11 |   32 |     12     27     20     18     26      9      5
   905 | 2020-04-04 |    3 |     28     24     22     44     12     29     39
   905 | 2020-04-04 |    4 |     26     32     19     36     37     37     24
   905 | 2020-04-04 |   16 |      7     18      8     19     29     12     18
   905 | 2020-04-04 |   27 |     29     19     32     26     19     11     27
   905 | 2020-04-04 |   38 |     33     32      1     40     42     37     10
   905 | 2020-04-04 |   40 |     27     22     39     17      2      4      2
   904 | 2020-03-28 |    2 |      5     22      5      1      8      4     41
   904 | 2020-03-28 |    6 |      6      5     10     24     18     35     26
   904 | 2020-03-28 |    8 |     13     42     22     38     39     45     20
   904 | 2020-03-28 |   26 |     39     36      2     36     41     30     17
   904 | 2020-03-28 |   43 |     45     43     41     23     22     13     11
   904 | 2020-03-28 |   45 |      2     20      4     13     10     28     13
   903 | 2020-03-21 |    2 |      4      1      4      7      5      4     37
   903 | 2020-03-21 |   15 |     29      6     15     18      6     24     28
   903 | 2020-03-21 |   16 |     38     20     12     19     30     27     18
   903 | 2020-03-21 |   21 |      1     24     32     44     33     21     21
   903 | 2020-03-21 |   22 |     31     13      7     16     14      8     18
   903 | 2020-03-21 |   28 |     32     22     30     26     39     13     27
   902 | 2020-03-14 |    7 |     27     38     22     26     16     38     40
   902 | 2020-03-14 |   19 |     12     15     17     34     12     20     18
   902 | 2020-03-14 |   23 |     11     11     12      2     10     22     38
   902 | 2020-03-14 |   24 |      9      7      7     11     13      5     17
   902 | 2020-03-14 |   36 |     40     33     38     38     42     20      5
   902 | 2020-03-14 |   39 |     26     17     35     13     20      4     13
   901 | 2020-03-07 |    5 |     14     10     27     15      5     40     25
   901 | 2020-03-07 |   18 |     33     32     16      2     42     28     38
   901 | 2020-03-07 |   20 |     13     24      9     25      4     24     18
   901 | 2020-03-07 |   23 |     19     34     38     22     18     29     32
   901 | 2020-03-07 |   30 |      5      4      6      7      2      1     42
   901 | 2020-03-07 |   34 |     26     22     26     20     32     31      1
   900 | 2020-02-29 |    7 |     34     39     43     44     31     42     37
   900 | 2020-02-29 |   13 |     29     34     39     31     16     38     34
   900 | 2020-02-29 |   16 |     11      9      7     11     19     12     18
   900 | 2020-02-29 |   18 |     20     31     28     25     30     31     15
   900 | 2020-02-29 |   35 |     40     28     18     24     25     16      4
   900 | 2020-02-29 |   38 |     26     29     22     29     41     12      8
   899 | 2020-02-22 |    8 |      8     35     37     12     28     32     21
   899 | 2020-02-22 |   19 |     33     15      9     16     12     23     19
   899 | 2020-02-22 |   20 |     28      8     35     42      3     33     15
   899 | 2020-02-22 |   21 |     41     36     20      3     14     29     43
   899 | 2020-02-22 |   33 |     25      7      8     15      8     12      3
   899 | 2020-02-22 |   39 |     38     11     12     41     35     14     10
   898 | 2020-02-15 |   18 |     13     27      4     24     23     13     16
   898 | 2020-02-15 |   21 |      7      1      3      6      5      1     22
   898 | 2020-02-15 |   28 |     31     38     20     38     34     12     27
   898 | 2020-02-15 |   35 |     37     14     24     12     24     12      7
   898 | 2020-02-15 |   37 |     40      5      6     13      7     28     14
   898 | 2020-02-15 |   42 |     24     20     25     30     42     25      5
   897 | 2020-02-08 |    6 |      5     18     11      9     14      5     25
   897 | 2020-02-08 |    7 |     36     27     34     30     18     41     38
   897 | 2020-02-08 |   12 |     16     30     34      5     36     32     43
   897 | 2020-02-08 |   22 |     28     20     33     35     14     40     21
   897 | 2020-02-08 |   26 |     22     36     32      2     38     29     39
   897 | 2020-02-08 |   36 |     23     34     10     17     34      9      6
   896 | 2020-02-01 |    5 |     29     32     34     23     29     41     28
   896 | 2020-02-01 |   12 |      8     23     10     10     25      6     26
   896 | 2020-02-01 |   25 |     31     30     19     31     13     19     24
   896 | 2020-02-01 |   26 |     25     39     14      2     32      9     39
   896 | 2020-02-01 |   38 |     26     41     43      4     44     16     11
   896 | 2020-02-01 |   45 |      1      6      1     18     17      2      8
   895 | 2020-01-25 |   16 |     19     32     12     11     20     11     20
   895 | 2020-01-25 |   26 |     31     34     22     24     44     25     17
   895 | 2020-01-25 |   31 |     29     11     28     39     20      8     45
   895 | 2020-01-25 |   38 |     43     37     42     43     45     18      8
   895 | 2020-01-25 |   39 |     42     16     33     38     29     12      9
   895 | 2020-01-25 |   41 |     36     14     44      7     31     22      7
   894 | 2020-01-18 |   19 |      2      9      3     28     22      7     20
   894 | 2020-01-18 |   32 |     36     29     31     14     35     27      6
   894 | 2020-01-18 |   37 |     45     45     45     45     45     45     14
   894 | 2020-01-18 |   40 |      4      1      5      7      1      1      2
   894 | 2020-01-18 |   41 |     27     42     41      6     28     20     10
   894 | 2020-01-18 |   43 |     41     34     44     41     20     25     11
   893 | 2020-01-11 |    1 |     39     26     29     37     26     39     31
   893 | 2020-01-11 |   15 |     12      6     20     26      6      9     31
   893 | 2020-01-11 |   17 |     22      9     30      5      8     28     43
   893 | 2020-01-11 |   23 |     27     26      3     32     13     16     16
   893 | 2020-01-11 |   25 |      9      3     41     36      5     37     24
   893 | 2020-01-11 |   41 |      7     34     40     20     26     29      2
   892 | 2020-01-04 |    4 |     32     18      9     18     33     37     28
   892 | 2020-01-04 |    9 |     32     21     30      1     22     35     42
   892 | 2020-01-04 |   17 |     24      6     24     21     13      9     25
   892 | 2020-01-04 |   18 |     25     16     11     14     28     12     17
   892 | 2020-01-04 |   26 |      3     32     25     19     39     22     16
   892 | 2020-01-04 |   42 |     45     45     45     45     45     45      4
   891 | 2019-12-28 |    9 |      6      7      6      9      7      3     30
   891 | 2019-12-28 |   13 |     12     21     32     41     20     22     29
   891 | 2019-12-28 |   28 |     36     31     31     34     42     10     27
   891 | 2019-12-28 |   31 |     19     30     22     17     22     20     45
   891 | 2019-12-28 |   39 |     31     38     35     15     26     44     13
   891 | 2019-12-28 |   41 |     11      2     16     11     11      7      1
   890 | 2019-12-21 |    1 |     18     33     28     40     24     45     35
   890 | 2019-12-21 |    4 |     34      3      1     14     18     43     27
   890 | 2019-12-21 |   14 |     39     21     37     30     39     24     30
   890 | 2019-12-21 |   18 |     35     18      4     21     32     30     16
   890 | 2019-12-21 |   29 |      6     20     13      3      9      4     42
   890 | 2019-12-21 |   37 |     38     42     31     44     25     36     11
   889 | 2019-12-14 |    3 |     36     31     41      1     20     43     44
   889 | 2019-12-14 |   13 |     14     15     14     27      8     14     37
   889 | 2019-12-14 |   29 |      4      1      3      6      5      1     36
   889 | 2019-12-14 |   38 |     38     32     30      5     41     30     14
   889 | 2019-12-14 |   39 |      6     32      6     32     14     10     10
   889 | 2019-12-14 |   42 |     45     45     45     45     45     45      4
   888 | 2019-12-07 |    3 |     38     40     38     38     26     36     39
   888 | 2019-12-07 |    7 |     31      4     18     30     10     33     36
   888 | 2019-12-07 |   12 |     33     20     30     18     36     29     37
   888 | 2019-12-07 |   31 |      1      5     26     11     13     25     45
   888 | 2019-12-07 |   34 |     43     43     43     43     43     43      4
   888 | 2019-12-07 |   38 |      5      1      6      8      7      2      8
   887 | 2019-11-30 |    8 |      5      1      4      4      7      3     21
   887 | 2019-11-30 |   14 |     26     30     34     14     19     31     27
   887 | 2019-11-30 |   17 |      3     22      3     38     38     28     24
   887 | 2019-11-30 |   27 |     22      7     13     42     32     17     28
   887 | 2019-11-30 |   36 |      8      2     10     16      8      4      5
   887 | 2019-11-30 |   45 |      8     10      6      5     14      4     13
   886 | 2019-11-23 |   19 |     32     23      2     38     23     26     20
   886 | 2019-11-23 |   23 |     42     12     34     42     18     28     16
   886 | 2019-11-23 |   28 |     16     26     10     21      4     12     34
   886 | 2019-11-23 |   37 |     23     37     16     36     18     11     12
   886 | 2019-11-23 |   42 |     24     43     21     20     41     10      5
   886 | 2019-11-23 |   45 |     44     44     44      7     44     44     14
   885 | 2019-11-16 |    1 |     40     26     40     40      4     38     33
   885 | 2019-11-16 |    3 |     32     19     39     42     39     40     39
   885 | 2019-11-16 |   24 |     38     33     34     32     17     24     18
   885 | 2019-11-16 |   27 |     19     10     20     32     26     11     27
   885 | 2019-11-16 |   39 |     10     11      9     13     32      4     12
   885 | 2019-11-16 |   45 |     43     43     43      5     43     43     13
   884 | 2019-11-09 |    4 |     35     33     40     33     42     36     24
   884 | 2019-11-09 |   14 |     21     26     36     14     36     26     30
   884 | 2019-11-09 |   23 |      2     19     34     34     19     13     17
   884 | 2019-11-09 |   28 |     20     18     25     22      4     15     33
   884 | 2019-11-09 |   37 |     22     28     13      5     17     35     14
   884 | 2019-11-09 |   45 |     35     42     14     44     26     17     10
   883 | 2019-11-02 |    9 |      1     10      8      9      8     19     33
   883 | 2019-11-02 |   18 |     16     26     36      1      3     11     43
   883 | 2019-11-02 |   32 |     24     45     44     42     43     21      7
   883 | 2019-11-02 |   33 |     30     18     13     41     17     29      3
   883 | 2019-11-02 |   37 |     44     31     15     42     29     33      9
   883 | 2019-11-02 |   44 |     43     41     40      7     44     23     12
   882 | 2019-10-26 |   18 |     12     22      7      2      3      8     29
   882 | 2019-10-26 |   34 |     12      5      1     34     37     34      3
   882 | 2019-10-26 |   39 |     34     26      4     14     28     23     11
   882 | 2019-10-26 |   43 |     36     15      2     16     27     25     10
   882 | 2019-10-26 |   44 |     42     39     45     43     42     20      9
   882 | 2019-10-26 |   45 |     45     21     42     30     31     22     12
   881 | 2019-10-19 |    4 |     40     39     12     29     42     42     23
   881 | 2019-10-19 |   18 |      9     13      6     11      3      3     17
   881 | 2019-10-19 |   20 |      1      9      5      8      7      2     15
   881 | 2019-10-19 |   26 |     29     32     34     28     34     21     16
   881 | 2019-10-19 |   27 |      5      2     14     26      5     12     28
   881 | 2019-10-19 |   32 |     25     22     24     14     43     22      7
   880 | 2019-10-12 |    7 |      4      1      4     11      5      2     35
   880 | 2019-10-12 |   17 |     33     36     38     28     40     23     25
   880 | 2019-10-12 |   19 |     31     30      3     30     25     25     22
   880 | 2019-10-12 |   23 |     22     34     23     34     20     24     18
   880 | 2019-10-12 |   24 |      9      4     18     13     13      5     20
   880 | 2019-10-12 |   45 |     16     22     35     24     32     30     12
   879 | 2019-10-05 |    1 |      4      1      2      7      5      3     34
   879 | 2019-10-05 |    4 |     44     38     30     43     45     40     26
   879 | 2019-10-05 |   10 |     40     40     33     41     44     42     42
   879 | 2019-10-05 |   14 |      9     10      3      8      6      1     25
   879 | 2019-10-05 |   15 |     35     36      9     34     10     36     29
   879 | 2019-10-05 |   35 |     17     27     31     19     20     16      6
   878 | 2019-09-28 |    2 |     41     21     28     40     35     44     35
   878 | 2019-09-28 |    6 |     39     24     20     42      2     41     30
   878 | 2019-09-28 |   11 |      5     17      4      8      7      5     34
   878 | 2019-09-28 |   16 |     13      7     10     16      3     36     19
   878 | 2019-09-28 |   25 |     38     30      2     45     31     20     22
   878 | 2019-09-28 |   31 |      4      1      3      7      5      1     45
   877 | 2019-09-21 |    5 |     12     39     24      1     43     41     44
   877 | 2019-09-21 |   17 |     20     22     29     32     40     37     25
   877 | 2019-09-21 |   18 |     22      9     14     16      8      9     16
   877 | 2019-09-21 |   22 |     24      6     11     17     10      8     20
   877 | 2019-09-21 |   23 |     10     11      6      9     17      2     18
   877 | 2019-09-21 |   43 |     19     25      3     45     27     33      7
   876 | 2019-09-14 |    5 |      6     24      9     10     11     38     42
   876 | 2019-09-14 |   16 |     25     16     25     28      4     30     20
   876 | 2019-09-14 |   21 |     16     29     18     38     24     25     21
   876 | 2019-09-14 |   26 |     29     19     19     20      3     18     18
   876 | 2019-09-14 |   34 |     41     42     45      3     44     26     12
   876 | 2019-09-14 |   42 |     44     30     42     45     45     14      4
   875 | 2019-09-07 |   19 |     34     34     20      5     29     31     37
   875 | 2019-09-07 |   22 |     21      9      1     21     33     19     22
   875 | 2019-09-07 |   30 |     35     31     38     28     36     14     34
   875 | 2019-09-07 |   34 |     38     12     22     17     38      6      4
   875 | 2019-09-07 |   39 |     33     29      9     24      8      3     12
   875 | 2019-09-07 |   44 |     44     36     36     30     44     13      8
   874 | 2019-08-31 |    1 |      4      2      4      9      1      3     37
   874 | 2019-08-31 |   15 |     18     40     23     40     39     37     32
   874 | 2019-08-31 |   19 |     22     36     22     28     24     21     19
   874 | 2019-08-31 |   23 |     13      1      8     14     11      7     18
   874 | 2019-08-31 |   28 |     26     19     30     18     13     18     34
   874 | 2019-08-31 |   42 |     40      9     25     11     22      8      4
   873 | 2019-08-24 |    3 |     35     44     43     43     44     44     39
   873 | 2019-08-24 |    5 |     10      1     35     19     28     40     41
   873 | 2019-08-24 |   12 |     21     36     37     36     26     38     38
   873 | 2019-08-24 |   13 |     33     38     40     31     38     30     34
   873 | 2019-08-24 |   33 |     28     20     26      5     37     16     11
   873 | 2019-08-24 |   39 |     39     16     10     16     30      2      9
   872 | 2019-08-17 |    2 |     34     43     42      2     37     43     41
   872 | 2019-08-17 |    4 |      3     41     35     33     14     31     26
   872 | 2019-08-17 |   30 |     25     20     24      5     19     10     43
   872 | 2019-08-17 |   32 |     35     10     14     25     11      5      5
   872 | 2019-08-17 |   33 |     26     28     16     22     34     16      2
   872 | 2019-08-17 |   43 |     33     13      9     12     40      2     10
   871 | 2019-08-10 |    2 |     42     41     44     23     45     45     33
   871 | 2019-08-10 |    6 |     27     44     45     32      2     41     24
   871 | 2019-08-10 |   12 |      6      4     22     22     28     30     37
   871 | 2019-08-10 |   26 |     36     14     26     41      3     15     17
   871 | 2019-08-10 |   30 |     38     17     32      4     38     16     43
   871 | 2019-08-10 |   34 |     18      8     29     29     32      9      3
   870 | 2019-08-03 |   21 |     25     35     34     45      3     33     22
   870 | 2019-08-03 |   25 |      2     36      1     30     35     28     25
   870 | 2019-08-03 |   30 |      5      4      5      8      6      1     35
   870 | 2019-08-03 |   32 |     26     20     30     26     34     18      9
   870 | 2019-08-03 |   40 |     45     12     38     34     24     16      2
   870 | 2019-08-03 |   42 |     14      4     44     41     10     12      5
   869 | 2019-07-27 |    2 |     11     19     36     11     10     44     37
   869 | 2019-07-27 |    6 |     15      7     29     20     16     39     27
   869 | 2019-07-27 |   20 |     19     32     40     18     24     24     15
   869 | 2019-07-27 |   27 |     34     23     27     39     38     20     32
   869 | 2019-07-27 |   37 |     37     16     24     32     42     28     12
   869 | 2019-07-27 |   39 |     18     12      9     15     30      3     11
   868 | 2019-07-20 |   12 |      2      1      4      7      6      2     36
   868 | 2019-07-20 |   17 |      8     19     12      3     25     22     42
   868 | 2019-07-20 |   28 |     10     11     17     25     11     12     25
   868 | 2019-07-20 |   41 |      1     32     36     32      4     10      1
   868 | 2019-07-20 |   43 |     21      8      1     13     32      4     10
   868 | 2019-07-20 |   44 |     45     45     45     45     45     45      8
   867 | 2019-07-13 |   14 |     30     22      7     12      9     21     29
   867 | 2019-07-13 |   17 |     22     37      2     39      3     33     26
   867 | 2019-07-13 |   19 |     11     31     14     26     40     22     21
   867 | 2019-07-13 |   22 |     24     12     10     10      8     17     23
   867 | 2019-07-13 |   24 |     18      9     15     16     11     30     19
   867 | 2019-07-13 |   40 |     37     16     39     40     22      5      3
   866 | 2019-07-06 |    9 |      6     18     18     20     24     32     31
   866 | 2019-07-06 |   15 |     18     38     32      4     44     37     42
   866 | 2019-07-06 |   29 |     10     34     19     24     30     33     34
   866 | 2019-07-06 |   34 |     34     20     28     39     20     11      3
   866 | 2019-07-06 |   37 |      4      1      4      7      1      1     12
   866 | 2019-07-06 |   39 |     14     43     14     34     33      5     10
   865 | 2019-06-29 |    3 |      5      2      4      1     12     33     44
   865 | 2019-06-29 |   15 |     11     13     26     42     28     39     30
   865 | 2019-06-29 |   22 |     43     21     30     23     23     28     23
   865 | 2019-06-29 |   32 |      2     18     40     26     20     12      7
   865 | 2019-06-29 |   33 |     38     33     24     30     31     14      2
   865 | 2019-06-29 |   45 |     26     43     43     28     40      6     12
   864 | 2019-06-22 |    3 |      4      2      2      7      6      2     41
   864 | 2019-06-22 |    7 |     12      5      7     16      2     36     36
   864 | 2019-06-22 |   10 |     43     35     29     21     27     40     40
   864 | 2019-06-22 |   13 |     22     28     14     20     39     35     35
   864 | 2019-06-22 |   25 |     14     20     10     32     33     22     24
   864 | 2019-06-22 |   36 |     38     19     40     29     24     18      7
   863 | 2019-06-15 |   16 |     22     15      1     14     22     27     19
   863 | 2019-06-15 |   21 |     10     18     12     12     34     21     24
   863 | 2019-06-15 |   28 |     41      3      4     32      7     31     29
   863 | 2019-06-15 |   35 |     28     34     10     40     32     10      5
   863 | 2019-06-15 |   39 |     25     33      9     39     26      4      9
   863 | 2019-06-15 |   43 |     35     44     30      5     44      8     14
   862 | 2019-06-08 |   10 |     31     19     30     37     22     36     42
   862 | 2019-06-08 |   34 |     38     18     22     12     21     12      4
   862 | 2019-06-08 |   38 |     40     33     39     18     24      6     11
   862 | 2019-06-08 |   40 |     30     17     28     13     12     11      2
   862 | 2019-06-08 |   42 |      1     20     41     26     24      7      5
   862 | 2019-06-08 |   43 |     34     36      9     23     30      2     12
   861 | 2019-06-01 |   11 |     14     40     12     35     40     42     27
   861 | 2019-06-01 |   17 |     15     22     24     23      4     33     23
   861 | 2019-06-01 |   19 |     16     24     13     21     37     28     20
   861 | 2019-06-01 |   21 |      6     10      7      8     22      6     21
   861 | 2019-06-01 |   22 |     44      6     16     19      8     29     22
   861 | 2019-06-01 |   25 |     39     39     40      2     33     31     41
   860 | 2019-05-25 |    4 |      7     16     11     13      8     33     26
   860 | 2019-05-25 |    8 |     35     28     42      1     34     41     44
   860 | 2019-05-25 |   18 |     10      6     23     10     16     25     15
   860 | 2019-05-25 |   25 |     45     40     34     24     39     28     22
   860 | 2019-05-25 |   27 |     28     24     26     24      3     24     18
   860 | 2019-05-25 |   32 |     22     12     28     43     21     18      6
   859 | 2019-05-18 |    8 |     10     10     11     33     21     42     21
   859 | 2019-05-18 |   22 |     26     22     23     21     22     25     24
   859 | 2019-05-18 |   35 |     40     38     28     42     35     31      6
   859 | 2019-05-18 |   38 |     32     44     33      2     24     13     14
   859 | 2019-05-18 |   39 |     29     36     15      5     32      3     13
   859 | 2019-05-18 |   41 |     42     43     37     42     44     24      1
   858 | 2019-05-11 |    9 |     36     35     40     24     40     42     35
   858 | 2019-05-11 |   13 |     35     29     24     16     34     39     36
   858 | 2019-05-11 |   32 |     18     27     21     24     14     13      7
   858 | 2019-05-11 |   38 |     30     40     22      6     23      9     14
   858 | 2019-05-11 |   39 |     42     39     33     18     38     21     10
   858 | 2019-05-11 |   43 |      1     36     29     15     30      4      9
   857 | 2019-05-04 |    6 |      4      2      3      6      5      1     25
   857 | 2019-05-04 |   10 |     29     14     14      1     17     29     44
   857 | 2019-05-04 |   16 |     32     28     32     37     24     35     19
   857 | 2019-05-04 |   28 |     10      5      1     19      9      9     29
   857 | 2019-05-04 |   34 |      8     18     35     22     10     11      2
   857 | 2019-05-04 |   38 |      6     30     16     43     15     18      7
   856 | 2019-04-27 |   10 |     28      3      9     12      7     23     39
   856 | 2019-04-27 |   24 |      4      5     30     30      6     33     18
   856 | 2019-04-27 |   40 |      9     33     37     18     17      7      3
   856 | 2019-04-27 |   41 |     21      9     28     35     26     11      1
   856 | 2019-04-27 |   43 |     18     16     20      6     38     28     13
   856 | 2019-04-27 |   44 |     16     34     44      5     24      9     14
   855 | 2019-04-20 |    8 |     39     34     23     27     32     33     22
   855 | 2019-04-20 |   15 |     35     22     26      9     26     14     28
   855 | 2019-04-20 |   17 |     32     21     18     20      3     24     24
   855 | 2019-04-20 |   19 |     27     24     20     31     22     37     21
   855 | 2019-04-20 |   43 |     26     40     42      5     40      6     14
   855 | 2019-04-20 |   44 |     15     34     38     42     28      4      8
   854 | 2019-04-13 |   20 |      5      3      4      8      5      2     15
   854 | 2019-04-13 |   25 |      8     22     18     24     32     10     24
   854 | 2019-04-13 |   31 |     16     36     29     14     28     12     45
   854 | 2019-04-13 |   32 |      7     14      9     19      8      8      8
   854 | 2019-04-13 |   36 |     15     39     19     21     20     24      6
   854 | 2019-04-13 |   43 |     43     42     43     26     34     28     10
   853 | 2019-04-06 |    2 |     32     13     22     29     27     35     34
   853 | 2019-04-06 |    8 |     30      6     13     16     19     37     22
   853 | 2019-04-06 |   23 |      4      1      3      7      5      1     17
   853 | 2019-04-06 |   26 |     44     44     44     44     44     44     19
   853 | 2019-04-06 |   27 |      5      3      7     17      3      4     30
   853 | 2019-04-06 |   44 |     23      8     41     38      8     26      9
   852 | 2019-03-30 |   11 |     38     40     26     22     36     38     34
   852 | 2019-03-30 |   17 |     23     39     28     26      4     30     21
   852 | 2019-03-30 |   28 |     22     36     35     42     25     20     24
   852 | 2019-03-30 |   30 |     19     19      1     40     24     10     35
   852 | 2019-03-30 |   33 |     29     34      3     16     34     32      3
   852 | 2019-03-30 |   35 |      9     22     12     12     28      5      8
   851 | 2019-03-23 |   14 |     27     18      3     20     16     24     28
   851 | 2019-03-23 |   18 |     16     16      9     31     27     32     15
   851 | 2019-03-23 |   22 |      9     20     12     38     24     12     19
   851 | 2019-03-23 |   26 |     44     44     44     44     44     44     16
   851 | 2019-03-23 |   31 |     18     32     34     13     33     18     45
   851 | 2019-03-23 |   44 |      5      8     13     15      6      2      9
   850 | 2019-03-16 |   16 |     36     38     13     26     27     34     18
   850 | 2019-03-16 |   20 |      4      1      3      6      5      1     15
   850 | 2019-03-16 |   24 |      8      2      7      9      6      6     19
   850 | 2019-03-16 |   28 |     28     22     10     31     13     14     33
   850 | 2019-03-16 |   36 |     33     36     20     21     26     30      6
   850 | 2019-03-16 |   39 |     16     29     34      7     38     26     14
   849 | 2019-03-09 |    5 |     17     12     34     25     29     28     42
   849 | 2019-03-09 |   13 |      3     43     43     44     43     43     35
   849 | 2019-03-09 |   17 |      6      6      6     10      3      5     23
   849 | 2019-03-09 |   29 |     20     28     20     34     35     22     33
   849 | 2019-03-09 |   34 |      2     29     13     21     13     11      4
   849 | 2019-03-09 |   39 |     44     43     43      7     43     43     14
   848 | 2019-03-02 |    1 |     39     37     38     22     40     36     36
   848 | 2019-03-02 |    2 |     39     29     36     36     26     39     29
   848 | 2019-03-02 |   16 |     13     22     12      2     16     28     24
   848 | 2019-03-02 |   22 |      1      3      7     18      7      4     21
   848 | 2019-03-02 |   38 |     43     43     43     44     43     43      7
   848 | 2019-03-02 |   39 |     43     43     43     44     43     43     12
   847 | 2019-02-23 |   12 |     38     24     38     17     15     33     39
   847 | 2019-02-23 |   16 |     34     28     22     32     30     30     20
   847 | 2019-02-23 |   26 |     28     29     28     21     27     17     16
   847 | 2019-02-23 |   28 |     18     20     12     16     12     19     33
   847 | 2019-02-23 |   30 |     24     33     19      4     16     11     43
   847 | 2019-02-23 |   42 |     44     44     44     44     44     44      4
   846 | 2019-02-16 |    5 |     41     36      4     36     41     38     41
   846 | 2019-02-16 |   18 |      1     38     26     28     26     23     16
   846 | 2019-02-16 |   30 |     30     25     15     31     13     28     34
   846 | 2019-02-16 |   41 |      5      8     11     28     32      4      1
   846 | 2019-02-16 |   43 |     44     44     44     44     44     44      9
   846 | 2019-02-16 |   45 |     12     27     26      6     37     15     14
   845 | 2019-02-09 |    1 |     18      4     38     43     28     34     32
   845 | 2019-02-09 |   16 |     40     42     26     21     30     24     19
   845 | 2019-02-09 |   29 |     16     13     22     20     26     12     35
   845 | 2019-02-09 |   33 |      8     15     12      4     27      6     12
   845 | 2019-02-09 |   40 |     30     21     16     16     16     15      2
   845 | 2019-02-09 |   45 |     44     44     44      7     44     44     14
   844 | 2019-02-02 |    7 |     19     24     41     22      2     34     38
   844 | 2019-02-02 |    8 |     38     32     39     23     26     39     22
   844 | 2019-02-02 |   13 |     14      8      4     25     25     34     31
   844 | 2019-02-02 |   15 |     10     16     19     11     34     12     32
   844 | 2019-02-02 |   33 |     12      7     20      1     23     19     12
   844 | 2019-02-02 |   45 |     26     28     36     43     35     26     10
   843 | 2019-01-26 |   19 |     22     42     42     19     39     24     21
   843 | 2019-01-26 |   21 |      6     17      5      9     17      3     24
   843 | 2019-01-26 |   30 |     35     24     35     31     14     12     36
   843 | 2019-01-26 |   33 |     14     10     14     18     32      8      3
   843 | 2019-01-26 |   34 |     35     22     20     34     18     22      4
   843 | 2019-01-26 |   42 |     28     26     38      4     11     30     11
   842 | 2019-01-19 |   14 |     28     34     30      6     28     25     41
   842 | 2019-01-19 |   26 |     38     32     35     20     39     17     17
   842 | 2019-01-19 |   32 |      6      2     10     11      6      5      6
   842 | 2019-01-19 |   36 |     35     26     18     20     23     20      7
   842 | 2019-01-19 |   39 |     44     44     44     44     44     44      8
   842 | 2019-01-19 |   42 |     20     18     32     17     14     27      4
   841 | 2019-01-12 |    5 |     28     25     31     44     37     41     37
   841 | 2019-01-12 |   11 |     25     18     26      3     42     21     40
   841 | 2019-01-12 |   14 |     11      9     20     35     15     39     28
   841 | 2019-01-12 |   30 |     24     38     42     38     18     17     33
   841 | 2019-01-12 |   33 |     42     43     36     21     39     42      2
   841 | 2019-01-12 |   38 |     31     34     38     34     31     33     10
   840 | 2019-01-05 |    2 |     11      5      8     38     10     12     28
   840 | 2019-01-05 |    4 |     36     15     22     41     25     34     27
   840 | 2019-01-05 |   11 |     17     10     18      7     33     22     38
   840 | 2019-01-05 |   28 |     36     28     45     26     23     20     32
   840 | 2019-01-05 |   29 |     34     36      2     31     42     15     31
   840 | 2019-01-05 |   43 |     29     40     38     34     40     30     12
   839 | 2018-12-29 |    3 |      8      7      5      9     12     11     41
   839 | 2018-12-29 |    9 |     23     14      9      1     32     31     44
   839 | 2018-12-29 |   11 |     24     13     22     26     35     24     34
   839 | 2018-12-29 |   12 |     38     34      2     30     18     34     38
   839 | 2018-12-29 |   13 |     13     11     15     17     33     10     30
   839 | 2018-12-29 |   19 |      3     14     42     32     41     36     21
   838 | 2018-12-22 |    9 |     40     41     34     36     37     38     34
   838 | 2018-12-22 |   14 |     15      9     30     16     14     28     29
   838 | 2018-12-22 |   17 |      4      1      4      6      2      1     25
   838 | 2018-12-22 |   33 |     10     27      5      2     18      7     13
   838 | 2018-12-22 |   36 |     31     22     23     27     27      5      7
   838 | 2018-12-22 |   38 |     36      7     15     13     12     17      8
   837 | 2018-12-15 |    2 |      4      1      5     10      5      2     28
   837 | 2018-12-15 |   25 |     28     20     44     32     42     19     25
   837 | 2018-12-15 |   28 |     12     21     43      3     24     14     44
   837 | 2018-12-15 |   30 |     10     18     41     29     14     20     33
   837 | 2018-12-15 |   33 |     38     17     11     17     40     27      2
   837 | 2018-12-15 |   45 |     41     23     35     28     44     14     13
   836 | 2018-12-08 |    1 |     38     14     21     20     31     35     33
   836 | 2018-12-08 |    9 |     35     38     25      1     41     37     43
   836 | 2018-12-08 |   11 |     25     24      8     25     25     18     34
   836 | 2018-12-08 |   14 |     13     22     13     25     13     26     28
   836 | 2018-12-08 |   26 |     22     28     36     19     22     16     17
   836 | 2018-12-08 |   28 |     18     18     39      2     26     21     42
   835 | 2018-12-01 |    9 |     34     24     28     24     42     41     32
   835 | 2018-12-01 |   10 |     22     31     13     26     17     40     39
   835 | 2018-12-01 |   13 |     18      9     14     12     32     17     31
   835 | 2018-12-01 |   28 |     40      5     39     35     14     30     26
   835 | 2018-12-01 |   38 |      8     32     22     40     23     16      8
   835 | 2018-12-01 |   45 |     31     18     37     38     43     22     10
   834 | 2018-11-24 |    6 |     17      3     14     20     18     39     25
   834 | 2018-11-24 |    8 |     24     12      7     17      8     24     23
   834 | 2018-11-24 |   18 |     43     10     20      2     12     40     38
   834 | 2018-11-24 |   35 |     26     24     31     31     43     10      5
   834 | 2018-11-24 |   42 |     23     41     38      5     12      7     13
   834 | 2018-11-24 |   43 |     30     45     44     41     45     18      9
   833 | 2018-11-17 |   12 |     15     11      3     27      7     22     36
   833 | 2018-11-17 |   18 |     29     18     22     32     24     38     16
   833 | 2018-11-17 |   30 |      1     17     44     23     15      7     33
   833 | 2018-11-17 |   39 |     18     38     34     34     39     14     10
   833 | 2018-11-17 |   41 |      6      2     10     14     31      4      1
   833 | 2018-11-17 |   42 |      9     45     30     45     16     18      4
   832 | 2018-11-10 |   13 |     43     35     45     43     41     40     36
   832 | 2018-11-10 |   14 |     14      7     20     14     12     22     28
   832 | 2018-11-10 |   19 |     32     16     12      1     27     38     40
   832 | 2018-11-10 |   26 |     18     31     41     23     24     25     17
   832 | 2018-11-10 |   40 |     16     34     22     19     16     28      3
   832 | 2018-11-10 |   43 |     37     41     34     41     42     18     11
   831 | 2018-11-03 |    3 |     44     32     30     44     37     40     41
   831 | 2018-11-03 |   10 |     12      9      8     30      9     20     32
   831 | 2018-11-03 |   16 |     44     39     35      7     35     35     39
   831 | 2018-11-03 |   19 |     40     12     31     16     25     30     18
   831 | 2018-11-03 |   31 |     35     40     26     28     39     28     45
   831 | 2018-11-03 |   39 |     18     24     12     20     40      8     13
   830 | 2018-10-27 |    5 |     22     28     16      5     43     37     44
   830 | 2018-10-27 |    6 |      5      1      3      6      5      1     27
   830 | 2018-10-27 |   16 |     20     19     23      9     15     35     22
   830 | 2018-10-27 |   18 |      2     34     35     21     31     26     17
   830 | 2018-10-27 |   37 |      4      7      9     13      1      2     12
   830 | 2018-10-27 |   38 |     28     39      1     36     26     23      9
   829 | 2018-10-20 |    4 |     38      4      4      1      8     42     41
   829 | 2018-10-20 |    5 |     12     26     27     44     36     36     40
   829 | 2018-10-20 |   31 |     25     34     35      6     42     19     45
   829 | 2018-10-20 |   35 |     14     35     38     26     36     16      6
   829 | 2018-10-20 |   43 |     40     45     45     34     44     32     11
   829 | 2018-10-20 |   45 |     28     43     42     42     40     14     12
   828 | 2018-10-13 |    4 |      4      2      2      7      5      1     28
   828 | 2018-10-13 |    7 |     12      4     28     34      2     35     38
   828 | 2018-10-13 |   13 |     28     19     37     44     25     42     35
   828 | 2018-10-13 |   29 |      7      8     18      1     24      4     42
   828 | 2018-10-13 |   31 |     14     34     36     30     31     14     45
   828 | 2018-10-13 |   39 |     20     22     42     19     34     17     10
   827 | 2018-10-06 |    5 |      5     34      4      8     18     18     42
   827 | 2018-10-06 |   11 |     21     32     26     42     42     38     30
   827 | 2018-10-06 |   12 |     23     10     21     30     14     28     36
   827 | 2018-10-06 |   29 |     35     23     32     35     38     20     32
   827 | 2018-10-06 |   33 |     22     22     39      6     36     12     12
   827 | 2018-10-06 |   44 |     45     37     44     37     27      9      9
   826 | 2018-09-29 |   13 |     20     36     35     33     42     41     36
   826 | 2018-09-29 |   16 |     28     35     10     23     23     30     19
   826 | 2018-09-29 |   24 |     17     11     15      8      8      8     18
   826 | 2018-09-29 |   25 |     22     17      1     26     36     18     24
   826 | 2018-09-29 |   33 |     34     23     44      6     35     17     11
   826 | 2018-09-29 |   36 |     39     24     28     24     14     12      7
   825 | 2018-09-22 |    8 |     31     18      7     20      9     36     20
   825 | 2018-09-22 |   15 |      2     36     36     34     42     34     31
   825 | 2018-09-22 |   21 |     15     12      1     24     39     16     22
   825 | 2018-09-22 |   31 |     16      6      2     19     27     40     45
   825 | 2018-09-22 |   33 |      7      3     13     14     19      6      3
   825 | 2018-09-22 |   38 |     39     34     31      4     32     30     14
   824 | 2018-09-15 |    7 |     26      2      6     12      2     22     40
   824 | 2018-09-15 |    9 |     41     40     24     28     44     41     33
   824 | 2018-09-15 |   24 |     13      6     17      5      8      4     39
   824 | 2018-09-15 |   29 |     32     21     36     17     39     17     32
   824 | 2018-09-15 |   34 |     30     22     26     35     24     36      2
   824 | 2018-09-15 |   38 |     22     15     18     44     22     14      8
   823 | 2018-09-08 |   12 |      2     36     17     37     24     40     38
   823 | 2018-09-08 |   18 |     23     12      6      3      8      4     27
   823 | 2018-09-08 |   24 |     26     11     10      2      9      8     31
   823 | 2018-09-08 |   26 |     20     10     11     21     12     18     15
   823 | 2018-09-08 |   39 |      8      8     36     14     32     30     12
   823 | 2018-09-08 |   40 |     38     29     42     35     21     27      1
   822 | 2018-09-01 |    9 |     36     40     32     44     42     37     31
   822 | 2018-09-01 |   18 |     40     36      2     31     34     34     16
   822 | 2018-09-01 |   20 |     20      3     13     16      7     16     15
   822 | 2018-09-01 |   24 |     18      9     10      2     11     21     34
   822 | 2018-09-01 |   27 |      7     10     11     10      3      3     32
   822 | 2018-09-01 |   36 |     16     12     20     16     17      8      6
   821 | 2018-08-25 |    1 |     44     43     43     30     45     43     38
   821 | 2018-08-25 |   12 |     35     37     14     35     10     30     36
   821 | 2018-08-25 |   13 |     43     34     40     12     26     39     30
   821 | 2018-08-25 |   24 |      4      6      7     11      8      3     19
   821 | 2018-08-25 |   29 |     30     24     42     33     32     15     33
   821 | 2018-08-25 |   44 |     18     26     20     38     20     22      9
   820 | 2018-08-18 |   10 |     25     32      1     14     16     36     40
   820 | 2018-08-18 |   21 |     15     17      3     13     27      8     22
   820 | 2018-08-18 |   22 |      6      1      7     10      5      3     21
   820 | 2018-08-18 |   30 |     11     26     30     38     15     18     32
   820 | 2018-08-18 |   35 |     38     15     21     42     36     12      4
   820 | 2018-08-18 |   42 |     34     31     28     44     20     15      4
   819 | 2018-08-11 |   16 |      6     10      7     24      8     12     20
   819 | 2018-08-11 |   25 |     15      6     16      4     19     35     36
   819 | 2018-08-11 |   33 |     20      2      8      8     13      3      2
   819 | 2018-08-11 |   38 |     14      8     33     26     21     30      9
   819 | 2018-08-11 |   40 |     12     18     32     14     24     13      3
   819 | 2018-08-11 |   45 |     44     44     45     44     44     44     13
   818 | 2018-08-04 |   14 |     38     28      2     34     15     35     27
   818 | 2018-08-04 |   15 |     32     38     36     39     30     33     31
   818 | 2018-08-04 |   25 |     14     39     29      4     39     17     40
   818 | 2018-08-04 |   28 |     28     10     26     18     26     20     29
   818 | 2018-08-04 |   29 |     13     32     19     30     32     23     31
   818 | 2018-08-04 |   30 |     19      8     25     23     23     15     36
   817 | 2018-07-28 |    3 |     43     42     37     40     35     42     41
   817 | 2018-07-28 |    9 |     12     12     22     24     21     36     36
   817 | 2018-07-28 |   12 |     34     16     23      1     16     29     44
   817 | 2018-07-28 |   13 |     34     30     28     36     33     38     39
   817 | 2018-07-28 |   25 |     35     32     18     37     41     34     24
   817 | 2018-07-28 |   43 |     26     44      2     38     38     36     11
   816 | 2018-07-21 |   12 |     30     18     21     13     10     26     36
   816 | 2018-07-21 |   18 |     20     12     15     38     17     24     16
   816 | 2018-07-21 |   19 |      5      9      5     10      3      2     20
   816 | 2018-07-21 |   29 |     15      3      6     15      4      3     27
   816 | 2018-07-21 |   31 |     44     44      2     44     44     44     45
   816 | 2018-07-21 |   39 |      8     22     22     20      2     16     11
   815 | 2018-07-14 |   17 |     24     36     34     29     38     27     25
   815 | 2018-07-14 |   21 |     22     35     14      3     34     25     42
   815 | 2018-07-14 |   25 |     18     26     22     14     26     34     24
   815 | 2018-07-14 |   26 |     26     21     18     32     15     13     17
   815 | 2018-07-14 |   27 |      1      3      8     10     29      6     30
   815 | 2018-07-14 |   36 |     44     44     44     44     44     44      6
   814 | 2018-07-07 |    2 |      9      6      7      8      7      3     36
   814 | 2018-07-07 |   21 |     39     39     20     29     42     36     24
   814 | 2018-07-07 |   28 |     24     28     33     36     20     30     30
   814 | 2018-07-07 |   38 |     16     18     31     43     23     21      6
   814 | 2018-07-07 |   42 |      7     16     26      4     13     16     13
   814 | 2018-07-07 |   45 |     44     44     44     44     44     44      9
   813 | 2018-06-30 |   11 |      3     36     19     39     40     39     28
   813 | 2018-06-30 |   30 |     16     24     41     30     30     13     37
   813 | 2018-06-30 |   34 |     20     29     26     21     15     20      3
   813 | 2018-06-30 |   35 |     19     31     21     34     40     32      8
   813 | 2018-06-30 |   42 |     14     32     40     32     24     28      5
   813 | 2018-06-30 |   44 |      7     29     38     11     20      5      9
   812 | 2018-06-23 |    1 |     41     26     38     45     44     42     34
   812 | 2018-06-23 |    3 |     45     13     22     39     45     44     38
   812 | 2018-06-23 |   12 |     12      8      1     17      9     10     37
   812 | 2018-06-23 |   14 |     11     12     37     25     12     30     27
   812 | 2018-06-23 |   16 |      4      1      4      7      5      1     20
   812 | 2018-06-23 |   43 |     32     22      8     30     28     13     10
   811 | 2018-06-16 |    8 |      4      1      4      7      5      1     23
   811 | 2018-06-16 |   11 |      3     35     35     43     39     40     28
   811 | 2018-06-16 |   19 |     14     16      8     42      4      6     21
   811 | 2018-06-16 |   21 |     38     36     34      2     45     20     40
   811 | 2018-06-16 |   36 |     33     27      2     27     26     14      7
   811 | 2018-06-16 |   45 |     43     28     29     41     44     33     11
   810 | 2018-06-09 |    5 |     32     23     27     40     40     36     39
   810 | 2018-06-09 |   10 |     19     35     28     30     18     28     38
   810 | 2018-06-09 |   13 |     16     19     24     34     30     41     34
   810 | 2018-06-09 |   21 |     21      9      8     23     31     22     23
   810 | 2018-06-09 |   39 |      2     19     21     37      2     33     11
   810 | 2018-06-09 |   43 |     44     15     34     26     42     30      8
   809 | 2018-06-02 |    6 |     11     42     42     16     22     41     26
   809 | 2018-06-02 |   11 |     10      2     16     29     24     27     29
   809 | 2018-06-02 |   15 |     14     36     19      1     32     44     44
   809 | 2018-06-02 |   17 |     30     44     43     32     33     16     24
   809 | 2018-06-02 |   23 |     37     24     26     39     36     18     19
   809 | 2018-06-02 |   40 |     36     31     16     35     26     14      2
   808 | 2018-05-26 |   15 |     22      8      8     28     29     22     29
   808 | 2018-05-26 |   21 |     23     18     16     16     32     13     23
   808 | 2018-05-26 |   31 |     36     23     36     34     36     19     45
   808 | 2018-05-26 |   32 |     32     31     38     36     15     30      6
   808 | 2018-05-26 |   41 |     45     12     28     34     44     44      1
   808 | 2018-05-26 |   43 |     44     10     23     22     45     36      9
   807 | 2018-05-19 |    6 |     34     44     45     28     38     18     24
   807 | 2018-05-19 |   10 |     24     43     26     10     36     31     41
   807 | 2018-05-19 |   18 |     13     28     25     11     37      7     15
   807 | 2018-05-19 |   25 |     44     30     22     34     35     17     23
   807 | 2018-05-19 |   34 |     29     18     22     32      2     26      4
   807 | 2018-05-19 |   35 |     22     18     13     24     18     24      6
   806 | 2018-05-12 |   14 |     38     36     26     44      3     31     25
   806 | 2018-05-12 |   20 |      5      8      5      7      7      2     15
   806 | 2018-05-12 |   23 |      6      4     14     13      6     14     17
   806 | 2018-05-12 |   31 |     30     26     22      5     18     24     45
   806 | 2018-05-12 |   37 |      7      6      6      8      8      7     13
   806 | 2018-05-12 |   38 |     28     11     20     21     41     43      8
   805 | 2018-05-05 |    3 |     44     35     40     45     43     36     40
   805 | 2018-05-05 |   12 |     40     42     42     44     31     27     38
   805 | 2018-05-05 |   13 |     38     16     32      3     28     11     43
   805 | 2018-05-05 |   18 |     18     32     37     30     19     17     16
   805 | 2018-05-05 |   31 |     21     18     21     41     41     42     45
   805 | 2018-05-05 |   32 |     19     26     28      6     22     35     13
   804 | 2018-04-28 |    1 |     35     21     39     21     19      5     33
   804 | 2018-04-28 |   10 |     13     14     16     13      6      3     39
   804 | 2018-04-28 |   13 |     38     26     35     44     38     21     35
   804 | 2018-04-28 |   26 |      3     23     13      2     16     14     34
   804 | 2018-04-28 |   32 |     34     34     28     34     23     36      7
   804 | 2018-04-28 |   36 |     32     26     20     23     15     34      6
   803 | 2018-04-21 |    5 |     40     41     44     42     35     26     40
   803 | 2018-04-21 |    9 |      4      1      5      7      6      1     32
   803 | 2018-04-21 |   14 |     23     29     40     34     16      8     26
   803 | 2018-04-21 |   26 |      3      7     12     27     14     12     16
   803 | 2018-04-21 |   30 |     42     16     32     44     24     15     36
   803 | 2018-04-21 |   43 |     16     32     26     24     45     45     10
   802 | 2018-04-14 |   10 |     41     32     38     12     11     30     39
   802 | 2018-04-14 |   11 |      6     18     10     10     14      4     28
   802 | 2018-04-14 |   12 |     21     28     31     14     16      5     37
   802 | 2018-04-14 |   18 |     38     24     32     38     23     14     16
   802 | 2018-04-14 |   24 |     24     10     11     28     10     21     18
   802 | 2018-04-14 |   42 |     40     19     34     42     20     38      5
   801 | 2018-04-07 |   17 |     14     16     24     23      3     12     25
   801 | 2018-04-07 |   25 |     38     28     34     24     34     29     26
   801 | 2018-04-07 |   28 |     22     19     20      4     21     34     41
   801 | 2018-04-07 |   37 |     16      3      9     10      2     12     13
   801 | 2018-04-07 |   43 |     24     25      7      8     18     22     11
   801 | 2018-04-07 |   44 |     35      2     12     14     12     35      9
   800 | 2018-03-31 |    1 |      5     14      9      8      7      3     35
   800 | 2018-03-31 |    4 |     13      4     29     16      1     26     24
   800 | 2018-03-31 |   10 |     14     30     12     22     34     20     40
   800 | 2018-03-31 |   12 |     25     27     34      1     45     15     44
   800 | 2018-03-31 |   28 |      9      6      5      9     10      2     30
   800 | 2018-03-31 |   45 |     40     36     16      5     18     27     14
   799 | 2018-03-24 |   12 |     22     24     26     44     27     28     35
   799 | 2018-03-24 |   17 |     12     16     32     13      4      5     24
   799 | 2018-03-24 |   23 |      7      6      6      8     13      2     18
   799 | 2018-03-24 |   34 |     36     39     39     40     26     36      3
   799 | 2018-03-24 |   42 |     35     36     13     26     25     28      5
   799 | 2018-03-24 |   45 |     44     44     31     25     38     44     12
   798 | 2018-03-17 |    2 |     41     36      4     40     37     43     38
   798 | 2018-03-17 |   10 |     43     43     43     43     43     40     42
   798 | 2018-03-17 |   14 |     36     12     36     10     16      8     27
   798 | 2018-03-17 |   22 |      5      5      7      2      7      3     43
   798 | 2018-03-17 |   32 |     13     18     22      3     14     18     12
   798 | 2018-03-17 |   36 |      1     34     30     37     21     36      7
   797 | 2018-03-10 |    5 |      2      6     15     22     21      5     42
   797 | 2018-03-10 |   22 |      6      3     10      9      8      2     20
   797 | 2018-03-10 |   31 |     34     14     13     22     39     32     45
   797 | 2018-03-10 |   32 |      8      2     12     17     12     12      5
   797 | 2018-03-10 |   39 |     36     41     17     44     42     30     10
   797 | 2018-03-10 |   45 |     45     45     45     45     45     45     10
   796 | 2018-03-03 |    1 |      4      1      4      7      7      1     38
   796 | 2018-03-03 |   21 |     22     26     21     18     40     18     23
   796 | 2018-03-03 |   26 |     16     24     37      2     20     13     40
   796 | 2018-03-03 |   36 |      2      7     22     20     12     32      6
   796 | 2018-03-03 |   40 |     36     18     10     23     15     20      2
   796 | 2018-03-03 |   41 |     42     34     23     35     42     34      1
   795 | 2018-02-24 |    3 |     42     43     25     41      1     32     41
   795 | 2018-02-24 |   10 |     22     36     21     40     26     19     39
   795 | 2018-02-24 |   13 |      3      6      5      9      3      4     36
   795 | 2018-02-24 |   26 |     12     26     20     16     12      7     16
   795 | 2018-02-24 |   34 |     25     18     35     32     20     20      3
   795 | 2018-02-24 |   38 |     25     39     30      3     26     43     14
   794 | 2018-02-17 |    6 |     27     38      2     18     34     15     25
   794 | 2018-02-17 |    7 |     15     33     32     38     20     31     38
   794 | 2018-02-17 |   18 |     34     27      1     24     31     13     16
   794 | 2018-02-17 |   19 |     10      4     17     27     10     28     21
   794 | 2018-02-17 |   30 |     44     31     37     30      4     11     36
   794 | 2018-02-17 |   38 |     36     20     30      6     40     38     14
   793 | 2018-02-10 |   10 |     36     29     19     29      1     25     40
   793 | 2018-02-10 |   15 |     33     44      2     44     32     39     30
   793 | 2018-02-10 |   21 |     18     38      3     41     30     27     22
   793 | 2018-02-10 |   35 |     21     10     25     22     18     34      6
   793 | 2018-02-10 |   38 |     28     36     37     32     36     36     10
   793 | 2018-02-10 |   43 |      5      9      5      8      6      5      9
   792 | 2018-02-03 |    2 |     42     44     37      2     42     30     43
   792 | 2018-02-03 |    7 |      9     42     12     22      8      5     38
   792 | 2018-02-03 |   19 |     13     20     36     24     34     26     23
   792 | 2018-02-03 |   25 |      8     22     18     11     11      8     25
   792 | 2018-02-03 |   29 |      7      5     20     10     19     18     35
   792 | 2018-02-03 |   36 |     39     12     15     19     22     14      4
   791 | 2018-01-27 |    2 |     39     44     30     43     34     39     34
   791 | 2018-01-27 |   10 |     14     20     28     17     22     15     41
   791 | 2018-01-27 |   12 |      2     18     42     39     23     33     37
   791 | 2018-01-27 |   31 |     18     19     14     38     34     36     45
   791 | 2018-01-27 |   33 |     23     39     15     30      2     27      2
   791 | 2018-01-27 |   42 |     44     32     33     22     29     38      4
   790 | 2018-01-20 |    3 |     18      4     36     41     11     20     41
   790 | 2018-01-20 |    8 |     19     27     22     45     43     32     21
   790 | 2018-01-20 |   19 |     28     32     44      3     23     15     37
   790 | 2018-01-20 |   27 |     38     18     35     23     13     30     32
   790 | 2018-01-20 |   30 |     16     40     21     12      3     14     36
   790 | 2018-01-20 |   41 |     44     34     41     30     38     36      1
   789 | 2018-01-13 |    2 |     23      8     36      2     40     32     43
   789 | 2018-01-13 |    6 |     43     10     39     42     34     42     24
   789 | 2018-01-13 |    7 |      8      6      9     17      7      3     36
   789 | 2018-01-13 |   12 |     36     43     32     43     42     31     38
   789 | 2018-01-13 |   19 |     20      7     32      1     14     11     41
   789 | 2018-01-13 |   45 |     44     44     44     44     44     44     11
   788 | 2018-01-06 |    2 |      4      1      4      7      6      1     30
   788 | 2018-01-06 |   10 |     41     30     29     38      2     40     39
   788 | 2018-01-06 |   11 |     24     36      2     33     27     35     27
   788 | 2018-01-06 |   19 |     11      8     32     32     20     12     20
   788 | 2018-01-06 |   35 |     30      6     12     14     14     11      6
   788 | 2018-01-06 |   39 |     43     18     23     24     26     21     12
   787 | 2017-12-30 |    5 |     18     42     42     36     41     41     41
   787 | 2017-12-30 |    6 |     32     36     19     25     19     40     28
   787 | 2017-12-30 |   13 |      5      3      6     16      3      6     38
   787 | 2017-12-30 |   16 |     38     30     30      6     26     26     24
   787 | 2017-12-30 |   27 |     13     26     22     22     34     21     34
   787 | 2017-12-30 |   28 |     34     27     33     38     26      9     30
   786 | 2017-12-23 |   12 |     25     26      3     24     28     43     32
   786 | 2017-12-23 |   15 |     23     32     38      5     30     37     43
   786 | 2017-12-23 |   16 |     26     28     14     34     35     33     19
   786 | 2017-12-23 |   20 |     21     15      6      9      3      3     15
   786 | 2017-12-23 |   24 |     42     38     34     42     42     21     17
   786 | 2017-12-23 |   30 |     34     14     11     22      4     12     36
   785 | 2017-12-16 |    4 |     29      3     13     34     33     33     24
   785 | 2017-12-16 |    6 |     34     36     28     31     37     34     27
   785 | 2017-12-16 |   15 |     20     30     22     34     28     26     32
   785 | 2017-12-16 |   25 |      7      4     12     36      9      6     25
   785 | 2017-12-16 |   26 |     16     16     11     10     27     12     17
   785 | 2017-12-16 |   33 |      5      5     30     26      8     27      3
   784 | 2017-12-09 |    3 |      8     36     10     22      9     35     40
   784 | 2017-12-09 |   10 |      6     27      7     10      2      4     39
   784 | 2017-12-09 |   23 |     15     24     16     18     14     12     19
   784 | 2017-12-09 |   24 |     20     29     34     27     40     26     17
   784 | 2017-12-09 |   31 |     27     13     27     33     12     27     45
   784 | 2017-12-09 |   39 |     40     19     38     38     26     14     11
   783 | 2017-12-02 |   14 |      6     26     18     16     18      5     27
   783 | 2017-12-02 |   15 |     21     36     16     23     11     28     29
   783 | 2017-12-02 |   16 |      3     24     10     17     34     18     19
   783 | 2017-12-02 |   17 |     18     10      6     12      8     24     25
   783 | 2017-12-02 |   38 |     42     27     44      6     44     23     13
   783 | 2017-12-02 |   45 |     31     24     40      5     37     32     14
   782 | 2017-11-25 |    6 |     42     45     44     44     45     44     24
   782 | 2017-11-25 |   18 |     29     31     28      6     42     20     26
   782 | 2017-11-25 |   31 |     22     24     10     23     25     17     45
   782 | 2017-11-25 |   34 |     26      7     45     36     14     40      4
   782 | 2017-11-25 |   38 |     45     33     42     34     34     36     10
   782 | 2017-11-25 |   45 |     36     24     40     30     34     16     12
   781 | 2017-11-18 |   11 |      3     35     20     38     21     24     25
   781 | 2017-11-18 |   16 |      1     26     26     30     32     29     19
   781 | 2017-11-18 |   18 |     28     14     21     22     39     15     16
   781 | 2017-11-18 |   19 |     25     18     11      4     14      8     26
   781 | 2017-11-18 |   24 |     20     28     15     12     34     42     20
   781 | 2017-11-18 |   39 |     24     29     37     34     31     26     12
   780 | 2017-11-11 |   15 |     36     39     30     22     19     25     31
   780 | 2017-11-11 |   17 |     35     23     20     18     12     22     26
   780 | 2017-11-11 |   19 |     23     12     12      4     13     28     42
   780 | 2017-11-11 |   21 |     22     24     10     12     16     11     21
   780 | 2017-11-11 |   27 |     24     30     26     25     23     22     29
   780 | 2017-11-11 |   45 |     12     30     45     32     26     25     11
   779 | 2017-11-04 |    6 |     44     42     40      1     44     41     44
   779 | 2017-11-04 |   12 |     40     30     14     22     32     30     39
   779 | 2017-11-04 |   19 |     38     12     17     15     10     10     20
   779 | 2017-11-04 |   24 |     13     13     10     17     35     34     19
   779 | 2017-11-04 |   34 |     10     18     18     20     30     18      3
   779 | 2017-11-04 |   41 |      7      8     28      4     12      6     10
   778 | 2017-10-28 |    6 |     40     39     32      1     44     33     42
   778 | 2017-10-28 |   21 |     26     24     15      2     10      8     41
   778 | 2017-10-28 |   35 |     14     24     38     20     14     18      6
   778 | 2017-10-28 |   36 |     20     15     13     31     37     35      5
   778 | 2017-10-28 |   37 |     18     17     24      3     23     22     14
   778 | 2017-10-28 |   41 |      8     12     32     25     25     22      1
   777 | 2017-10-21 |    6 |     38     42     42     45     40     40     24
   777 | 2017-10-21 |   12 |     18     40     16     28     33     20     38
   777 | 2017-10-21 |   17 |      2     23     22     23     12     18     22
   777 | 2017-10-21 |   21 |     43     38     40      2     32     36     40
   777 | 2017-10-21 |   34 |     18     26     26     42     43     20      3
   777 | 2017-10-21 |   37 |      5      5      7      7      6      1     14
   776 | 2017-10-14 |    8 |     30     39     36     23     43     43     22
   776 | 2017-10-14 |    9 |      3     44      2     38     30     42     35
   776 | 2017-10-14 |   18 |     21     14      9     13     27      8     17
   776 | 2017-10-14 |   21 |     34     41     27     34     19     22     24
   776 | 2017-10-14 |   28 |     17     30     24     34     42     17     30
   776 | 2017-10-14 |   40 |     19     25     30     24      2     10      2
   775 | 2017-10-07 |   11 |     40     38     44     34     39     32     30
   775 | 2017-10-07 |   12 |     26     31     14      1     37     20     43
   775 | 2017-10-07 |   29 |     13     13     24     22     15     10     34
   775 | 2017-10-07 |   33 |     33     20     30     29     18     10      3
   775 | 2017-10-07 |   38 |     41     45     20     39     40     40      8
   775 | 2017-10-07 |   42 |     42     17     21      6     41     22     14
   774 | 2017-09-30 |   12 |     18      8     12      3     30     13     44
   774 | 2017-09-30 |   15 |      8     21     10     18      8     10     29
   774 | 2017-09-30 |   18 |     22     10     18     16     33      9     16
   774 | 2017-09-30 |   28 |     34     15     23     14     36      8     27
   774 | 2017-09-30 |   34 |     38     19     36     26     38     11      4
   774 | 2017-09-30 |   42 |     42     11      3     11     34     40      5
   773 | 2017-09-23 |    8 |     30     14     23     30     27     10     22
   773 | 2017-09-23 |   12 |     32     19     25     38     33     24     35
   773 | 2017-09-23 |   19 |     12      6     18     23     11     28     21
   773 | 2017-09-23 |   21 |     19     34     27      5     28     32     39
   773 | 2017-09-23 |   31 |     44     22     36     26     36     23     45
   773 | 2017-09-23 |   35 |     25      4     31     31      3     36      6
   772 | 2017-09-16 |    5 |     28     42     35     44      1     45     42
   772 | 2017-09-16 |    6 |     38      9     23      1     22     39     40
   772 | 2017-09-16 |   11 |     20     26     19     41     35     26     27
   772 | 2017-09-16 |   14 |     25      6     20     27     21     11     25
   772 | 2017-09-16 |   21 |     13     42     34      6     32     33     35
   772 | 2017-09-16 |   41 |     27     40     41     18     44     32      3
   771 | 2017-09-09 |    6 |     13      2     13     11      7      5     25
   771 | 2017-09-09 |   10 |     34     14     26     20     12     22     40
   771 | 2017-09-09 |   17 |     10     22     20     26     29     40     24
   771 | 2017-09-09 |   18 |     27      4     16     12      6     12     17
   771 | 2017-09-09 |   21 |      9     14      6     14     17      4     23
   771 | 2017-09-09 |   29 |     15     40     20     40     32     18     33
   770 | 2017-09-02 |    1 |     45     28     31     45     44     45     34
   770 | 2017-09-02 |    9 |     31     34     42     44     40     37     35
   770 | 2017-09-02 |   12 |     34      7     23     29     16     20     37
   770 | 2017-09-02 |   23 |      4      2      4      7      6      1     18
   770 | 2017-09-02 |   39 |     22     44     43     44     43     34     12
   770 | 2017-09-02 |   43 |     10     39      1     28     37     39     10
   769 | 2017-08-26 |    5 |     44     32     16     24      1     45     40
   769 | 2017-08-26 |    7 |     19     19      6      1     28     17     44
   769 | 2017-08-26 |   11 |     32     30     23     30     41     34     31
   769 | 2017-08-26 |   16 |     41     34      3     32     31     26     18
   769 | 2017-08-26 |   41 |     27     40     34     42     43     34      1
   769 | 2017-08-26 |   45 |     22     45     36     44      5     31     11
   768 | 2017-08-19 |    7 |     29     32     18     30     36     44     38
   768 | 2017-08-19 |   27 |     38     32     34     32     34     27     32
   768 | 2017-08-19 |   29 |      9     24      6      9     20      4     34
   768 | 2017-08-19 |   30 |     20     36     39     34     17     14     37
   768 | 2017-08-19 |   38 |      8      2      8     12      8     10      7
   768 | 2017-08-19 |   44 |     36     40     42     38     33     25      9
   767 | 2017-08-12 |    5 |     26      4     10     16      1      9     42
   767 | 2017-08-12 |   15 |      3      3     22     31      4     16     34
   767 | 2017-08-12 |   20 |     18      6     21     20      9     24     15
   767 | 2017-08-12 |   31 |     39     36     13     42     36     40     45
   767 | 2017-08-12 |   34 |     24     32     41      4     24     34     12
   767 | 2017-08-12 |   42 |     45     45     45     45     45     45      3
   766 | 2017-08-05 |    9 |     41     31     27     38     43     26     30
   766 | 2017-08-05 |   30 |     17     16     15     15     13     17     38
   766 | 2017-08-05 |   34 |     26     12     22     20     30     39      4
   766 | 2017-08-05 |   35 |     10      3      9     11      3     22      7
   766 | 2017-08-05 |   39 |     32     45     17     28     41     18     11
   766 | 2017-08-05 |   41 |     33     41     43     40     45     42      1
   765 | 2017-07-29 |    1 |     34     14     38     26     40     33     37
   765 | 2017-07-29 |    3 |     43     22     39     17     42     22     42
   765 | 2017-07-29 |    8 |     42     13     36     36     20     14     20
   765 | 2017-07-29 |   12 |     33      9     34     15     15     10     38
   765 | 2017-07-29 |   42 |     44     44     44     44     44     44      4
   765 | 2017-07-29 |   43 |      6     31      8     14     29     12      8
   764 | 2017-07-22 |    7 |     30     22     36     30     34     29     38
   764 | 2017-07-22 |   22 |     28      8     11     14      8     18     22
   764 | 2017-07-22 |   24 |     34     32     16     24     24     34     19
   764 | 2017-07-22 |   31 |     13     36     28     33     38     38     45
   764 | 2017-07-22 |   34 |     20     30     16      6     25     26     11
   764 | 2017-07-22 |   36 |     31     38     26     27     27     36      5
   763 | 2017-07-15 |    3 |     11     34     40      6     34     26     44
   763 | 2017-07-15 |    8 |     30      8     31     14     12      5     20
   763 | 2017-07-15 |   16 |      2     12     29     19     12     15     18
   763 | 2017-07-15 |   32 |      7      7      9      8      9      4      5
   763 | 2017-07-15 |   34 |     31     27     22     21     21     33      3
   763 | 2017-07-15 |   43 |     45     45     45     45     45     45     10
   762 | 2017-07-08 |    1 |     20     26     45     43     43     33     35
   762 | 2017-07-08 |    3 |     15     10      4     35     35     11     38
   762 | 2017-07-08 |   12 |      1     26     42     36     15     18     31
   762 | 2017-07-08 |   21 |      8     13     14     17     30     31     23
   762 | 2017-07-08 |   26 |     34     38     25     29     19     26     25
   762 | 2017-07-08 |   41 |     37     44     31     38     44     42      3
   761 | 2017-07-01 |    4 |     38     24     43     23     32     32     32
   761 | 2017-07-01 |    7 |     12     18     38     36     34     14     38
   761 | 2017-07-01 |   11 |     14      4     30     22     18     16     32
   761 | 2017-07-01 |   24 |      3     21     10     11     10      5     19
   761 | 2017-07-01 |   42 |     44     40     26      7     29     33     12
   761 | 2017-07-01 |   45 |     42     44     31     44      5     37     11
   760 | 2017-06-24 |   10 |     14     12     20     19     10      6     41
   760 | 2017-06-24 |   22 |     19     15     14      9      9      4     22
   760 | 2017-06-24 |   27 |     12     40     32     29     32     35     32
   760 | 2017-06-24 |   31 |     41     33     26     39     34     30     45
   760 | 2017-06-24 |   42 |     22     24     18      7     17     30     12
   760 | 2017-06-24 |   43 |     16     41     16      5     36     42     14
   759 | 2017-06-17 |    9 |     38     10     21      4     34     20     41
   759 | 2017-06-17 |   33 |     44     44     44     44     44     44      2
   759 | 2017-06-17 |   36 |     44     44     44     44     44     44      6
   759 | 2017-06-17 |   40 |     20     31     26     22     22     40      3
   759 | 2017-06-17 |   42 |      5     16      7      8      7      7      5
   759 | 2017-06-17 |   43 |     10     36     15      6     37     41     14
   758 | 2017-06-10 |    5 |     32     12     11     34      1     16     40
   758 | 2017-06-10 |    9 |     42     30     43     41     40     43     30
   758 | 2017-06-10 |   12 |     16     12      2     21     18      7     36
   758 | 2017-06-10 |   30 |      5     14      8      8      7      8     37
   758 | 2017-06-10 |   39 |      8      2      5     12     22      6     10
   758 | 2017-06-10 |   43 |     24     42     38     24     41     41      8
   757 | 2017-06-03 |    6 |      4      1      4      9      8      1     27
   757 | 2017-06-03 |    7 |     26     42     17     33     12     26     36
   757 | 2017-06-03 |   11 |     10      3     16     11     10      6     25
   757 | 2017-06-03 |   17 |     12     35     18     31     18     24     24
   757 | 2017-06-03 |   33 |     28     27     27     20     21     19      3
   757 | 2017-06-03 |   44 |     38     13     30     26     42     42      9
   756 | 2017-05-27 |   10 |     32     26     42     42      2     29     38
   756 | 2017-05-27 |   14 |     23     14     39      5     40     34     39
   756 | 2017-05-27 |   16 |     13     21     21     25     32     16     18
   756 | 2017-05-27 |   18 |      8     23     18     33     38      9     16
   756 | 2017-05-27 |   27 |     22     25     30     38     22     14     30
   756 | 2017-05-27 |   28 |     29     14     20      2     41     30     40
   755 | 2017-05-20 |   13 |     37     34     42     43     17     31     38
   755 | 2017-05-20 |   14 |     34     36     26     33     36     18     23
   755 | 2017-05-20 |   26 |      7     30     20     16      4     11     17
   755 | 2017-05-20 |   28 |     16     40     40     34     39     34     30
   755 | 2017-05-20 |   30 |      4      2      8     11     10      8     33
   755 | 2017-05-20 |   36 |     28     28     34     31      2     36      7
   754 | 2017-05-13 |    2 |     34     11     33      1     26     30     44
   754 | 2017-05-13 |    8 |     36     26     41     42     40     40     22
   754 | 2017-05-13 |   17 |      1     19     22      2     13     12     43
   754 | 2017-05-13 |   24 |     44     44     44      5     44     44     40
   754 | 2017-05-13 |   29 |     16     28     10     10      7      6     32
   754 | 2017-05-13 |   31 |      8     12      5      9      6      4     45
   753 | 2017-05-06 |    2 |     41     25     34     39     20     27     37
   753 | 2017-05-06 |   17 |      1     34     22     21     30     12     23
   753 | 2017-05-06 |   19 |     30     20     23     16      3     16     19
   753 | 2017-05-06 |   24 |     34     42     31     36     22     34     17
   753 | 2017-05-06 |   37 |     22     30     18     22     38     22     12
   753 | 2017-05-06 |   41 |     28     40      3     34     43     38      1
   752 | 2017-04-29 |    4 |     30     14     16      5     38     16     42
   752 | 2017-04-29 |   16 |     14     12     22      4     32     11     34
   752 | 2017-04-29 |   20 |     13      4     17      2      2      7     26
   752 | 2017-04-29 |   33 |     34     38     29     30     20     28      4
   752 | 2017-04-29 |   40 |     43     34     40     42      3     43      2
   752 | 2017-04-29 |   43 |     36     19     45     14     16     44     10
   751 | 2017-04-22 |    3 |     35     19     34     45     15     28     38
   751 | 2017-04-22 |    4 |     23     21     14     42     31     30     25
   751 | 2017-04-22 |   16 |     13     27     12     32     30     10     18
   751 | 2017-04-22 |   20 |      4      1      4      7      2      1     15
   751 | 2017-04-22 |   28 |     31     36     20     21     44     28     29
   751 | 2017-04-22 |   44 |     43     44     32     34     42     39      8
   750 | 2017-04-15 |    1 |      5      5      8      8      6      2     35
   750 | 2017-04-15 |    2 |      7      8      2     22     34     43     36
   750 | 2017-04-15 |   15 |     30     18     40     34     32     22     32
   750 | 2017-04-15 |   19 |     27     34     14     12     11     18     19
   750 | 2017-04-15 |   24 |     25     37     32      5     32     16     38
   750 | 2017-04-15 |   36 |     22     32     22     40      2     34      6
   749 | 2017-04-08 |   12 |     10     21     15     31     15     22     38
   749 | 2017-04-08 |   14 |     11     14     11     43     17     10     29
   749 | 2017-04-08 |   24 |     38     40     17     36     27     19     20
   749 | 2017-04-08 |   26 |     12     10      8     10      7      6     16
   749 | 2017-04-08 |   34 |      9     41     19     33     11     34      4
   749 | 2017-04-08 |   45 |     26     28     37     14     33     25     11
   748 | 2017-04-01 |    3 |     45     28     43     41     41     36     41
   748 | 2017-04-01 |   10 |      2     16     14     37     26     32     40
   748 | 2017-04-01 |   13 |     38      9      4     45     28     35     37
   748 | 2017-04-01 |   22 |     16     32     29     32     15     28     22
   748 | 2017-04-01 |   31 |      6      3      7      9     12      4     45
   748 | 2017-04-01 |   32 |     20     37     15     19     19     15      8
   747 | 2017-03-25 |    7 |     24     18     31     33     34     22     39
   747 | 2017-03-25 |    9 |     45     16     34     20      1     20     38
   747 | 2017-03-25 |   12 |     11      7     13      3      8      7     43
   747 | 2017-03-25 |   14 |      5      6      5      9      6      2     27
   747 | 2017-03-25 |   23 |     37     30     42     26     27     11     17
   747 | 2017-03-25 |   28 |     10     11     12     10     10      5     31
   746 | 2017-03-18 |    3 |     30     13     34      6     38     27     44
   746 | 2017-03-18 |   12 |     14      4      8      4      7      7     43
   746 | 2017-03-18 |   33 |     26     30     30     17     27     35      2
   746 | 2017-03-18 |   36 |     37     38      7     15     20     32      6
   746 | 2017-03-18 |   42 |     43     41     23     24     26     42      7
   746 | 2017-03-18 |   45 |     45     45     45     45     45     45     13
   745 | 2017-03-11 |    1 |      6      8     20      9     11      5     34
   745 | 2017-03-11 |    2 |     43     40     38     38     21     43     35
   745 | 2017-03-11 |    3 |     34      5     40     35     25     39     40
   745 | 2017-03-11 |    9 |     23     13     33     25      2     18     33
   745 | 2017-03-11 |   12 |      4      1      3      7      5      1     39
   745 | 2017-03-11 |   23 |     11      7     25     12     29     24     17
   744 | 2017-03-04 |   10 |      2     11     43     22     11     42     40
   744 | 2017-03-04 |   15 |     27     23     33      1     34     32     44
   744 | 2017-03-04 |   18 |     32     17     24     16     14      9     17
   744 | 2017-03-04 |   21 |     13     22     15      3     36     12     43
   744 | 2017-03-04 |   34 |     40     39     25      2     22     21     13
   744 | 2017-03-04 |   41 |      6      7      5      6     25      4     10
   743 | 2017-02-25 |   15 |     36     36     34     25     36     31     30
   743 | 2017-02-25 |   19 |     22     11     20     19      3      9     22
   743 | 2017-02-25 |   21 |     13      7     15     15     32     21     26
   743 | 2017-02-25 |   34 |     44     44     44     44     44     44      3
   743 | 2017-02-25 |   41 |     22     16      1     32     27     29      1
   743 | 2017-02-25 |   44 |     32     42     33     35     21     19      8
   742 | 2017-02-18 |    8 |     30     41     41     30     35     41     24
   742 | 2017-02-18 |   10 |     40     42      2     37     24     39     41
   742 | 2017-02-18 |   13 |     18     36     37     34     41     17     30
   742 | 2017-02-18 |   36 |     26      8     37     28     12     26      7
   742 | 2017-02-18 |   37 |     15     20     17     31     32      9     11
   742 | 2017-02-18 |   40 |     27      7     34     16     17     14      2
   741 | 2017-02-11 |    5 |     17     40     40     41     38     45     42
   741 | 2017-02-11 |   21 |     21     29      1     26     40     25     21
   741 | 2017-02-11 |   27 |     13     20     16     14     33     16     32
   741 | 2017-02-11 |   34 |     37     12     11     12     10      6      4
   741 | 2017-02-11 |   44 |     44     18     33     22     18     16     11
   741 | 2017-02-11 |   45 |     39     36     26     28     45     28     13
   740 | 2017-02-04 |    4 |     28     36     32     25     22     38     29
   740 | 2017-02-04 |    8 |     37     43     34     32     26     37     22
   740 | 2017-02-04 |    9 |      4      1      4      8      1      2     28
   740 | 2017-02-04 |   16 |      8      5      5      9      6      4     19
   740 | 2017-02-04 |   17 |     17     38     20     35     32     30     26
   740 | 2017-02-04 |   19 |     12     24     14     27      3     32     21
   739 | 2017-01-28 |    7 |     32     38     21     25     34     42     38
   739 | 2017-01-28 |   22 |      4      3      3      8      5      1     22
   739 | 2017-01-28 |   29 |      6     16     14     27      3      5     27
   739 | 2017-01-28 |   33 |     26     24     43     38     36     17      3
   739 | 2017-01-28 |   34 |     22     10     40     34     14     16      4
   739 | 2017-01-28 |   35 |     40     33      1     41     40     35      5
   738 | 2017-01-21 |   23 |     34     34     29     44     38     23     17
   738 | 2017-01-21 |   27 |     15     34     30      6     45     24     42
   738 | 2017-01-21 |   28 |      8      5      6     11     12      4     30
   738 | 2017-01-21 |   38 |     30     26     27     21     28     28     10
   738 | 2017-01-21 |   42 |     16     13     34     17     20     18      4
   738 | 2017-01-21 |   43 |     11     21      2     37     44     41      9
   737 | 2017-01-14 |   13 |     28     36     15     35     36     26     38
   737 | 2017-01-14 |   15 |     13     33     13     16     24      8     31
   737 | 2017-01-14 |   18 |      1      6     11      2     12     36     23
   737 | 2017-01-14 |   24 |     20      5      7     12      8      4     17
   737 | 2017-01-14 |   27 |     16     30     21      4     42     16     44
   737 | 2017-01-14 |   41 |     16     12     40     14     31     44      1
   736 | 2017-01-07 |    2 |     42     38     36     25     35     36     37
   736 | 2017-01-07 |   11 |     30     27     31     28     12     28     29
   736 | 2017-01-07 |   17 |     25     26     33     30     18     14     26
   736 | 2017-01-07 |   18 |      1      4      5      7      3      2     16
   736 | 2017-01-07 |   21 |     14     24      1     23     13     13     23
   736 | 2017-01-07 |   27 |     29     31     41      2     23     16     42
   735 | 2016-12-31 |    5 |     20     38     11     14     13     25     30
   735 | 2016-12-31 |   10 |     23     36     27     34     40     37     35
   735 | 2016-12-31 |   13 |      2     34     22     28     26     35     33
   735 | 2016-12-31 |   27 |     26     28     35     24     19     24     18
   735 | 2016-12-31 |   37 |     44     44     44      7     44     44     14
   735 | 2016-12-31 |   41 |     13     15     10      4      7      6     12
   734 | 2016-12-24 |    6 |     11     39     24     32     38     37     38
   734 | 2016-12-24 |   16 |      7     26     15     14     15      6     18
   734 | 2016-12-24 |   37 |     40     34     22     31     22     16      9
   734 | 2016-12-24 |   38 |     14      1      5     11      1      3      2
   734 | 2016-12-24 |   41 |     44     44     44     44     44     44      3
   734 | 2016-12-24 |   45 |     43     37     26     38     21     20      7
   733 | 2016-12-17 |   11 |     14     11     11     31      8     15     29
   733 | 2016-12-17 |   24 |      5      3      6      9     10      2     20
   733 | 2016-12-17 |   32 |     38     27     18      3     30     18     14
   733 | 2016-12-17 |   33 |     44     32     38     36     31     42      2
   733 | 2016-12-17 |   35 |     29     14     15     12      9     34      6
   733 | 2016-12-17 |   40 |     20     10      5      8     13      6      3
   732 | 2016-12-10 |    2 |     29     35     43      1     42     42     43
   732 | 2016-12-10 |    4 |     21     38     28     36     43     36     26
   732 | 2016-12-10 |    5 |     17      6     42     40      9     36     40
   732 | 2016-12-10 |   17 |     15      9     34     21     22     23     25
   732 | 2016-12-10 |   27 |      6      4      9     10      6      3     32
   732 | 2016-12-10 |   32 |     35     13     15     18     34     16      7
   731 | 2016-12-03 |    2 |     31     30      1     42     42     30     29
   731 | 2016-12-03 |    7 |     25     38     38     38     37     36     36
   731 | 2016-12-03 |   13 |     18     22     37     33     22     34     36
   731 | 2016-12-03 |   25 |      6      6      7      8      6      3     28
   731 | 2016-12-03 |   42 |     30      2      6     11     10      7      5
   731 | 2016-12-03 |   45 |     42     39     19     19     25     26     13
   730 | 2016-11-26 |    4 |     39     22     27     29     40     43     25
   730 | 2016-11-26 |   10 |     30     31     34     32     43     35     40
   730 | 2016-11-26 |   14 |     24      3     26     19     15     20     28
   730 | 2016-11-26 |   15 |     25     17     14     15     10     21     26
   730 | 2016-11-26 |   18 |     22     16      7     10      4      4     16
   730 | 2016-11-26 |   22 |     18     10      6      9     13      2     21
   729 | 2016-11-19 |   11 |      8     18     30     40     23     24     31
   729 | 2016-11-19 |   17 |      6      5      5      8      7      3     25
   729 | 2016-11-19 |   21 |     38     13     39     24     15     19     24
   729 | 2016-11-19 |   26 |      5      1      3      6      1      1     18
   729 | 2016-11-19 |   36 |      1     34     25     30      3     27      7
   729 | 2016-11-19 |   45 |     30     42     37     34     25     21     12
   728 | 2016-11-12 |    3 |      6      8      3     17      6      3     42
   728 | 2016-11-12 |    6 |     31     22     35     37      3     43     26
   728 | 2016-11-12 |   10 |     40     21     32      5     42     35     44
   728 | 2016-11-12 |   30 |     27     27      1     13     23      6     34
   728 | 2016-11-12 |   34 |     28     38     24     18     28      9      4
   728 | 2016-11-12 |   37 |     20     32     11     22     26     14     14
   727 | 2016-11-05 |    7 |     19     10     32     42     29     39     35
   727 | 2016-11-05 |    8 |     33     35      9     22      1     31     21
   727 | 2016-11-05 |   10 |     30     22     10     32     35     40     39
   727 | 2016-11-05 |   19 |     12     11     15     16     18      7     20
   727 | 2016-11-05 |   21 |     18     28     22      4     22     23     42
   727 | 2016-11-05 |   31 |     17     25     35     35     17     10     45
   726 | 2016-10-29 |    1 |     12      8     42     28     16     22     32
   726 | 2016-10-29 |   11 |     18     12     32     34     22     11     29
   726 | 2016-10-29 |   21 |     25     19     15      2     17     30     41
   726 | 2016-10-29 |   23 |     23     22     24     41     22     36     18
   726 | 2016-10-29 |   34 |     40     37     27     20     44     34      3
   726 | 2016-10-29 |   44 |     44     29      8     16     31     14      9
   725 | 2016-10-22 |    6 |     20     19     19     35      3     35     38
   725 | 2016-10-22 |    7 |     17     10     28     30     32     41     40
   725 | 2016-10-22 |   19 |      8     12      1     13      8      8     22
   725 | 2016-10-22 |   21 |      9      8     10     10      6      4     30
   725 | 2016-10-22 |   41 |     30     44     42      6     29     27     11
   725 | 2016-10-22 |   43 |     44     42     44     42     22     32      3
   724 | 2016-10-15 |    2 |     10     29      1     22     44     33     39
   724 | 2016-10-15 |    8 |     12     25     39     24     37     41     22
   724 | 2016-10-15 |   33 |     36     24     11      4     11     23     11
   724 | 2016-10-15 |   35 |     34     22      9      2     21     30     13
   724 | 2016-10-15 |   37 |     42     40     30     40     30     43     10
   724 | 2016-10-15 |   41 |     44     43     32     43     22     34      1
   723 | 2016-10-08 |   20 |     10     28     28     16     34     16     15
   723 | 2016-10-08 |   30 |     18     27     11      2     30      3     43
   723 | 2016-10-08 |   33 |     36     21      3     27     11     24      3
   723 | 2016-10-08 |   35 |     39     14      9     23     13     40      6
   723 | 2016-10-08 |   36 |     40     45     36     45      2     31      8
   723 | 2016-10-08 |   44 |     45     35     23     30     40     45     10
   722 | 2016-10-01 |   12 |     24     42     42     26     24     44     39
   722 | 2016-10-01 |   14 |      4      1      4      5      5      1     30
   722 | 2016-10-01 |   21 |      7      3      5      8      7      2     20
   722 | 2016-10-01 |   30 |     42     40     29     27     19     30     37
   722 | 2016-10-01 |   39 |     44     44     30     43     38     43      9
   722 | 2016-10-01 |   43 |     45     34     25      7     42     39     13
   721 | 2016-09-24 |    1 |      7     10     41      1     43     40     44
   721 | 2016-09-24 |   28 |     36     14     15     30     30     22     32
   721 | 2016-09-24 |   35 |     22     19     13     17     13     19      5
   721 | 2016-09-24 |   41 |      2     42     44     41     40     42      1
   721 | 2016-09-24 |   43 |     39     35     31     35     40     42      8
   721 | 2016-09-24 |   44 |     44     18     22     43     16     32      9
   720 | 2016-09-17 |    1 |      8     34     32     43     42     28     31
   720 | 2016-09-17 |   12 |      7      5      5     10      5      2     34
   720 | 2016-09-17 |   29 |     27     37     20     18     32     22     33
   720 | 2016-09-17 |   34 |     26      4     17      8      7      3      4
   720 | 2016-09-17 |   36 |     33     10     28     13     18     26      6
   720 | 2016-09-17 |   37 |     36     22     27     22      1     43     13
   719 | 2016-09-10 |    4 |     14      8     35      1     15     14     43
   719 | 2016-09-10 |    8 |     24     13     41     31     29     19     20
   719 | 2016-09-10 |   13 |     26     25     21     26     33     16     34
   719 | 2016-09-10 |   19 |     22     21     18     20     27     10     18
   719 | 2016-09-10 |   20 |     28     17     34      3     13     20     29
   719 | 2016-09-10 |   43 |      8      1      3      7      7      2     10
   718 | 2016-09-03 |    4 |     22     13      2     41     21     28     26
   718 | 2016-09-03 |   11 |     32     32     37      5     36     21     42
   718 | 2016-09-03 |   20 |     23      3     15     25      9      7     15
   718 | 2016-09-03 |   23 |     20     28      9     34     33     26     20
   718 | 2016-09-03 |   32 |      6     16      5      3      7      4     14
   718 | 2016-09-03 |   39 |     41     42     30     28     38     41     11
   717 | 2016-08-27 |    2 |     26     12     43      2     11      8     38
   717 | 2016-08-27 |   11 |     40     23     40     26     35      9     28
   717 | 2016-08-27 |   19 |     42     22     19     28     36     18     21
   717 | 2016-08-27 |   25 |     10     13      5      9     14      6     25
   717 | 2016-08-27 |   28 |     30     15      9     27     24     32     32
   717 | 2016-08-27 |   32 |      4      1      3      7      5      1      7
   716 | 2016-08-20 |    2 |     23     19     42      1      2     16     44
   716 | 2016-08-20 |    6 |     36     31     41     34     43     19     26
   716 | 2016-08-20 |   13 |     16     29     23     35     22     21     28
   716 | 2016-08-20 |   16 |     26     10      2     14     21     34     21
   716 | 2016-08-20 |   29 |     20     24     22     32     14     31     34
   716 | 2016-08-20 |   30 |     33     30     25     15     34     31     37
   715 | 2016-08-13 |    2 |     36     31     42     42     31     26     36
   715 | 2016-08-13 |    7 |     14     20     37      6      3     26     44
   715 | 2016-08-13 |   27 |      4      1      3      7      1      1     34
   715 | 2016-08-13 |   33 |     18     38     12      3     30     29     13
   715 | 2016-08-13 |   41 |     33     43     17     36     34     42      1
   715 | 2016-08-13 |   44 |      2     44     44     44     44     44      6
   714 | 2016-08-06 |    1 |     22     18     34     44     41     16     36
   714 | 2016-08-06 |    7 |     20     37     25     41      2     22     37
   714 | 2016-08-06 |   22 |     10     12     12     12      8      7     20
   714 | 2016-08-06 |   33 |     32     35     10     14     34     13      2
   714 | 2016-08-06 |   37 |     39     41     37     35      3     41     14
   714 | 2016-08-06 |   40 |     28      2     11      9      7     15      3
   713 | 2016-07-30 |    2 |     26     26     44     10     32     10     37
   713 | 2016-07-30 |    5 |     14     18     41     25     28     22     42
   713 | 2016-07-30 |   15 |     12     19     42     24     35     16     34
   713 | 2016-07-30 |   18 |     37     14     34     20     16      8     15
   713 | 2016-07-30 |   19 |      1     14     11     27     27     11     20
   713 | 2016-07-30 |   23 |     31     23     22     43     34     19     18
   712 | 2016-07-23 |   17 |      6      3     16     19      4     14     25
   712 | 2016-07-23 |   20 |     16     16      8      9     10      5     28
   712 | 2016-07-23 |   30 |     31     28     15     20     12     18     41
   712 | 2016-07-23 |   31 |      5     11      5     15     16      9     45
   712 | 2016-07-23 |   33 |     24     32     18     39     33     24      6
   712 | 2016-07-23 |   45 |     43     43     40      6     42     42     13
   711 | 2016-07-16 |   11 |     25      5      1     35     22     41     30
   711 | 2016-07-16 |   15 |     30     12     36     26     24     25     28
   711 | 2016-07-16 |   24 |     32     26     13      1     16     12     37
   711 | 2016-07-16 |   35 |     35     36     40     37     44     25      5
   711 | 2016-07-16 |   37 |     34     39     30     29      2     35     14
   711 | 2016-07-16 |   45 |     27     44     38     42     42     39     11
   710 | 2016-07-09 |    3 |     32     24     32     17     38     25     41
   710 | 2016-07-09 |    4 |     34     30     28     38     22     34     27
   710 | 2016-07-09 |    9 |      4      1      4      7      5      1     32
   710 | 2016-07-09 |   24 |     18     18     14     30     15     12     17
   710 | 2016-07-09 |   25 |     18     13     29     20     34     22     26
   710 | 2016-07-09 |   33 |     38     20      1     16     36     24      3
   709 | 2016-07-02 |   10 |     33     37     32      5     16     24     44
   709 | 2016-07-02 |   18 |     12     18     12     28     14     10     16
   709 | 2016-07-02 |   30 |     16     24     30     31     15     22     34
   709 | 2016-07-02 |   36 |     31     26     35     33     23     31      7
   709 | 2016-07-02 |   39 |     26     32     42     18     29     43     11
   709 | 2016-07-02 |   44 |     31     43     41     43     31     35      9
   708 | 2016-06-25 |    2 |     12     33     36      1     38     36     43
   708 | 2016-06-25 |   10 |     12     36     39     41      1     39     39
   708 | 2016-06-25 |   16 |     27     20     27     43     41     19     19
   708 | 2016-06-25 |   19 |     32      6     21      3     20     16     41
   708 | 2016-06-25 |   34 |     28     20      3     28     32     24      4
   708 | 2016-06-25 |   45 |     44     43     41     39     40     43     11
   707 | 2016-06-18 |    2 |      4     13      5     34      6      2     29
   707 | 2016-06-18 |   12 |      7      3     12     24      5      3     39
   707 | 2016-06-18 |   19 |     26      4     11     18      3     13     23
   707 | 2016-06-18 |   24 |     23     31     20     33     16     14     19
   707 | 2016-06-18 |   39 |     45     22     30     13      2     44     11
   707 | 2016-06-18 |   44 |     42     38     37     23     25     24     10
   706 | 2016-06-11 |    3 |     38     36     40     45     25     39     40
   706 | 2016-06-11 |    4 |     12     24     36     40     41     22     25
   706 | 2016-06-11 |    6 |     10     32     24      4     31     36     40
   706 | 2016-06-11 |   10 |     18     44     45     43      1     31     37
   706 | 2016-06-11 |   28 |      7      6      8      3     18      5     43
   706 | 2016-06-11 |   30 |     19     18     18     28      4     14     33
   705 | 2016-06-04 |    1 |     44     43     44      1     44     40     44
   705 | 2016-06-04 |    6 |     19     39     41     38     20     26     23
   705 | 2016-06-04 |   17 |     13     14     28     12     20      5     24
   705 | 2016-06-04 |   22 |      8      5      7     13      7      3     22
   705 | 2016-06-04 |   28 |     26     20     16     34     36     19     28
   705 | 2016-06-04 |   45 |      3     10     37     24     32     34     11
   704 | 2016-05-28 |    1 |     44     45     42     38     25     24     36
   704 | 2016-05-28 |    4 |     26     38     25     22     29     24     25
   704 | 2016-05-28 |    8 |     36     44     40     31     40     40     23
   704 | 2016-05-28 |   23 |     32     37     24     28     21     32     19
   704 | 2016-05-28 |   33 |     30     16     30      3     26     26     13
   704 | 2016-05-28 |   42 |     21     12     38     44     45     42      4
   703 | 2016-05-21 |   10 |     34     37     28     26     39     24     40
   703 | 2016-05-21 |   28 |      5      5      6     11     14      3     28
   703 | 2016-05-21 |   31 |     11      3     18     12     10     10     45
   703 | 2016-05-21 |   33 |     38     32      3     18     22     26      3
   703 | 2016-05-21 |   41 |     23      2     16     10      9     20      1
   703 | 2016-05-21 |   44 |     16      9     30     38     17     45     10
   702 | 2016-05-14 |    3 |      3     41     42      1     44     34     44
   702 | 2016-05-14 |   13 |      2     30     28     30     40     25     36
   702 | 2016-05-14 |   16 |     12     11     18      2     11      9     33
   702 | 2016-05-14 |   24 |     11     13     17     31     12     13     18
   702 | 2016-05-14 |   26 |      4      7      5      9      7      5     17
   702 | 2016-05-14 |   29 |     19     32     27     16      4     22     34
   701 | 2016-05-07 |    3 |      3     39     40     34     22     39     40
   701 | 2016-05-07 |   10 |     33      5     18     22      1     19     39
   701 | 2016-05-07 |   14 |     22     16     23     12     37      6     26
   701 | 2016-05-07 |   16 |     32      7     26     16     28     10     20
   701 | 2016-05-07 |   36 |     12     15     13     14     38     32      7
   701 | 2016-05-07 |   38 |      6     13      3     10     31      7      9
   700 | 2016-04-30 |   11 |     16     23     19     19     12     20     26
   700 | 2016-04-30 |   23 |     23     24     38     34     16     10     18
   700 | 2016-04-30 |   28 |     12     13     18     23     45     14     29
   700 | 2016-04-30 |   29 |     31     19     36      3     21     25     43
   700 | 2016-04-30 |   30 |      5      7      6     13      4      2     31
   700 | 2016-04-30 |   44 |     28     41     21     14     44     36     11
   699 | 2016-04-23 |    4 |     14     20     17     34     45     36     26
   699 | 2016-04-23 |    5 |     18     36     33     44     10     21     41
   699 | 2016-04-23 |    8 |     22     38     31     30     42     38     21
   699 | 2016-04-23 |   16 |      8      4     12     12     22     13     22
   699 | 2016-04-23 |   21 |      3     28     40      2     27     26     40
   699 | 2016-04-23 |   29 |     26     36     26     36     25     15     29
   698 | 2016-04-16 |    3 |     35     30     34     43     12     26     41
   698 | 2016-04-16 |   11 |     38     39     14      2     29     36     42
   698 | 2016-04-16 |   13 |     36     36     22     36     22     23     33
   698 | 2016-04-16 |   21 |      1     20     11     16     10      8     22
   698 | 2016-04-16 |   33 |     20     25     27      4     18     33     12
   698 | 2016-04-16 |   37 |      9     13     37     22     19     38     13
   697 | 2016-04-09 |    2 |      5      1      4      7      5      1     40
   697 | 2016-04-09 |    5 |     41     43     30     42     38     36     21
   697 | 2016-04-09 |    8 |      6     18      5     12      8      2     29
   697 | 2016-04-09 |   11 |     31     40     31     39     41     31     34
   697 | 2016-04-09 |   33 |     45     45     45     45     45     45      6
   697 | 2016-04-09 |   39 |      9     15     11     23      2     27     12
   696 | 2016-04-02 |    1 |     25     30     43     33     23     41     35
   696 | 2016-04-02 |    7 |     18     29     34     19     14     30     40
   696 | 2016-04-02 |   16 |     22      2     10      9      9      4     17
   696 | 2016-04-02 |   18 |     16      5     22      2     27     20     36
   696 | 2016-04-02 |   34 |     17     18     14      6     32     12     10
   696 | 2016-04-02 |   38 |     18     12     24      5     24      7     14
   695 | 2016-03-26 |    4 |     32     37     32     18     42     42     30
   695 | 2016-03-26 |   18 |     24      6     24     11     30     15     16
   695 | 2016-03-26 |   26 |      9      8      7      9     11      2     15
   695 | 2016-03-26 |   33 |     21     22     20      6     28     24     12
   695 | 2016-03-26 |   34 |     29     11      6     17     21      6      2
   695 | 2016-03-26 |   38 |     44     44     44     44     44     44     10
   694 | 2016-03-19 |    7 |     20     32      1     41     28     37     37
   694 | 2016-03-19 |   15 |     15     30     34     25     13     28     34
   694 | 2016-03-19 |   20 |     23      4     19     18      3     10     15
   694 | 2016-03-19 |   25 |     19     20     28     10     10      5     28
   694 | 2016-03-19 |   33 |     29     12     28     31     16     15      3
   694 | 2016-03-19 |   43 |     44     44     44     44     44     44      8
   693 | 2016-03-12 |    1 |     25     45      1     45     32     44     32
   693 | 2016-03-12 |    6 |     24     42     44     40      1     32     24
   693 | 2016-03-12 |   11 |     14     26     43      5     16     24     42
   693 | 2016-03-12 |   28 |     41     32     32     28     38     15     30
   693 | 2016-03-12 |   34 |     30     32     34     27     33     19      4
   693 | 2016-03-12 |   42 |     45     29     30     38     37     34      5
   692 | 2016-03-05 |    3 |      7     35     37     15     17     35     42
   692 | 2016-03-05 |   11 |     16     26     40     42     33     34     30
   692 | 2016-03-05 |   14 |     21     36     36     20     38     28     28
   692 | 2016-03-05 |   15 |     26     32     25      1     20     33     44
   692 | 2016-03-05 |   32 |     37     27     23     28     30     10      6
   692 | 2016-03-05 |   36 |     42     16     18     27      1     15      5
   691 | 2016-02-27 |   15 |     25     29     29     22     19     27     30
   691 | 2016-02-27 |   27 |     21     28      1     38     22     14     27
   691 | 2016-02-27 |   33 |     39     17     32      5     15     22     10
   691 | 2016-02-27 |   35 |     37      5     13     31     29     25      3
   691 | 2016-02-27 |   43 |      2     13     34     42     24     35      8
   691 | 2016-02-27 |   45 |     41      9     24     43     24     28      9
   690 | 2016-02-20 |   24 |     15     28     14     16     33     13     19
   690 | 2016-02-20 |   25 |     26     21     43     37     14     30     28
   690 | 2016-02-20 |   33 |     19      5      7      9     11      4      2
   690 | 2016-02-20 |   34 |      3     43     10     38     37     42      4
   690 | 2016-02-20 |   38 |     40     31     18      4     40     20     13
   690 | 2016-02-20 |   39 |     32      8     26     26     13     16     10
   689 | 2016-02-13 |    7 |     28      7     30     37     29     39     38
   689 | 2016-02-13 |   17 |     14     11      4     22      9      6     23
   689 | 2016-02-13 |   19 |      6      4     26     34      8     12     20
   689 | 2016-02-13 |   30 |      5      2     17      9     23      5     36
   689 | 2016-02-13 |   36 |     32     26     13     30      1     26      4
   689 | 2016-02-13 |   38 |     24     27     14     31     36     32      8
   688 | 2016-02-06 |    5 |     36     25     40     43     30     40     39
   688 | 2016-02-06 |   15 |     22     30     24     32     16     11     32
   688 | 2016-02-06 |   22 |      7      2     12     11     18      7     22
   688 | 2016-02-06 |   23 |      8     10     29      9      5      5     18
   688 | 2016-02-06 |   34 |     29     28     30     29     41     26      3
   688 | 2016-02-06 |   35 |     33     20     37     25     29     22      7
   687 | 2016-01-30 |    1 |     35     44     45     45     42     43     33
   687 | 2016-01-30 |    8 |     21     38      2     35     39     34     20
   687 | 2016-01-30 |   10 |     18     29      3     24     29     12     38
   687 | 2016-01-30 |   13 |      1     20     16     31     18     34     34
   687 | 2016-01-30 |   28 |     26     23     32     19     34     10     30
   687 | 2016-01-30 |   42 |     42     34     36     38     43     32      5
   686 | 2016-01-23 |    7 |     24     36     44      4     29     35     44
   686 | 2016-01-23 |   12 |     19     18     20      3     28      8     43
   686 | 2016-01-23 |   15 |      3     31     37     26     24     22     30
   686 | 2016-01-23 |   24 |     30     45     23     23     37     12     18
   686 | 2016-01-23 |   25 |     16      7     12     10     14     22     25
   686 | 2016-01-23 |   43 |     42     36     20     34     20     44      8
   685 | 2016-01-16 |    6 |     38     34     44     31     29     11     30
   685 | 2016-01-16 |    7 |     23      8      1     40     16     29     35
   685 | 2016-01-16 |   12 |     27     26     39     35     39      8     37
   685 | 2016-01-16 |   28 |     14     31     22     12     36     16     27
   685 | 2016-01-16 |   38 |     34     19     18     18     38     20      9
   685 | 2016-01-16 |   40 |      1     20     11     22      2     45      3
   684 | 2016-01-09 |    1 |     45     36     45     44     41     42     32
   684 | 2016-01-09 |   11 |     31      9      2     17     12     12     29
   684 | 2016-01-09 |   15 |      2      8     22     21     13     37     30
   684 | 2016-01-09 |   17 |     28      6     38     31      8     40     24
   684 | 2016-01-09 |   25 |     15     16     18     16     14     33     26
   684 | 2016-01-09 |   39 |      5      5      7      8      7      4     12
   683 | 2016-01-02 |    6 |     45     36     36     15     29     38     29
   683 | 2016-01-02 |   13 |      7      4     31     23      6     20     31
   683 | 2016-01-02 |   20 |     32     38     20     17      3      9     15
   683 | 2016-01-02 |   27 |     26     23     11      4     14      6     44
   683 | 2016-01-02 |   28 |     32     45     20     37     42     42     25
   683 | 2016-01-02 |   40 |      5     14      5      9      1      4      3
   682 | 2015-12-26 |   17 |     10     33     28     26     10     12     23
   682 | 2015-12-26 |   23 |      8      2      9     20      6      4     18
   682 | 2015-12-26 |   27 |     44     40     31      5     27     37     44
   682 | 2015-12-26 |   35 |      3      6      7     18      8     15      6
   682 | 2015-12-26 |   38 |     14     13     26     28     40     43      8
   682 | 2015-12-26 |   43 |     39     37     30      7     33     41     13
   681 | 2015-12-19 |   21 |     20     25     18     12     14      6     22
   681 | 2015-12-19 |   24 |     12     26     10     18     12     17     19
   681 | 2015-12-19 |   27 |     36     40     22     30     39     29     29
   681 | 2015-12-19 |   29 |     38     45     32      2     36     20     43
   681 | 2015-12-19 |   43 |     43     38     13     36      5     44      9
   681 | 2015-12-19 |   44 |     44     42     25     41     28     45      8
   680 | 2015-12-12 |    4 |     17     39     38     41     42     12     25
   680 | 2015-12-12 |   10 |     13     39      2     35      1      8     40
   680 | 2015-12-12 |   19 |     24      4     18     27      8     19     22
   680 | 2015-12-12 |   29 |     34     39     26     30     37     34     36
   680 | 2015-12-12 |   32 |     27      8      5      9     14      3      7
   680 | 2015-12-12 |   42 |      2     32     27     27     40     39      4
   679 | 2015-12-05 |    3 |     12     16     42     43     23     17     41
   679 | 2015-12-05 |    5 |     27     34     43      6     26     12     44
   679 | 2015-12-05 |    7 |     23     15      4     40     21     29     37
   679 | 2015-12-05 |   14 |     10     27     18     30     36     34     26
   679 | 2015-12-05 |   26 |     20     19      8     12     18      5     17
   679 | 2015-12-05 |   34 |     32      6     18     27     33     39      4
   678 | 2015-11-28 |    4 |     23     40     32     24     40     31     25
   678 | 2015-11-28 |    5 |     28      9     31     25     14     13     42
   678 | 2015-11-28 |    6 |     20     31     41     23     38     32     24
   678 | 2015-11-28 |   12 |     17     30     16      1     31     26     44
   678 | 2015-11-28 |   25 |     37     26     38     29     18     24     27
   678 | 2015-11-28 |   37 |     38     11     36     38     12     36     12
   677 | 2015-11-21 |   12 |     25     30     27     20     40     26     37
   677 | 2015-11-21 |   15 |     38     39     43     45     30     38     30
   677 | 2015-11-21 |   24 |      7     32      6     11     13      5     19
   677 | 2015-11-21 |   36 |     10     17     34     25      2     33      9
   677 | 2015-11-21 |   41 |     35     28     39     42     19     45      1
   677 | 2015-11-21 |   44 |     11     40     41     33     37     37      7
   676 | 2015-11-14 |    1 |     35      8      4      1      6      3     42
   676 | 2015-11-14 |    8 |     32     15     20      4     33     18     37
   676 | 2015-11-14 |   17 |     39     34     41     37     34     28     22
   676 | 2015-11-14 |   34 |      6      2      6      9     11      5      4
   676 | 2015-11-14 |   39 |     18     19     42     22     18     40     12
   676 | 2015-11-14 |   45 |     24     42     44      2     24     32     14
   675 | 2015-11-07 |    1 |      7      1      4      8      5      1     34
   675 | 2015-11-07 |    8 |     37     43     41     40     43     36     22
   675 | 2015-11-07 |   11 |      3     34      3     43     20     29     27
   675 | 2015-11-07 |   15 |     28     22     20     39     32     23     33
   675 | 2015-11-07 |   18 |     12     11     32     15     36      8     16
   675 | 2015-11-07 |   45 |     40     10     39     20     11     13     13
   674 | 2015-10-31 |    9 |     41     32     28     40     34     43     29
   674 | 2015-10-31 |   10 |     14     30     11      3     41     18     44
   674 | 2015-10-31 |   14 |     18     30     34     17     36     26     33
   674 | 2015-10-31 |   25 |     40     37     25     33     29     18     25
   674 | 2015-10-31 |   27 |     39     35     39     38     18     29     34
   674 | 2015-10-31 |   31 |     37     41     36     41     26     33     45
   673 | 2015-10-24 |    7 |     33     31     42     38     24     28     37
   673 | 2015-10-24 |   10 |     14     38     36     36     43     36     39
   673 | 2015-10-24 |   17 |     24     34     26     30     14     16     24
   673 | 2015-10-24 |   29 |     36     25     25     39     16     25     32
   673 | 2015-10-24 |   33 |     30      8     28     28     29     18      2
   673 | 2015-10-24 |   44 |     45     45     45     45     45     45      9
   672 | 2015-10-17 |    8 |     18     31     28     42     42     17     20
   672 | 2015-10-17 |   21 |      9     11     12     23      8      6     24
   672 | 2015-10-17 |   28 |     27     30     19     24     36     14     32
   672 | 2015-10-17 |   31 |     30     40     33      6     35     18     45
   672 | 2015-10-17 |   36 |     10     15     11     18     38     34      6
   672 | 2015-10-17 |   45 |     22      5     34     25     12     36     12
   671 | 2015-10-10 |    7 |     43     42     41     38     21     37     38
   671 | 2015-10-10 |    9 |      2     39     38     26     26     38     31
   671 | 2015-10-10 |   10 |     37     36     39     40      2     42     40
   671 | 2015-10-10 |   13 |     25      9     15     11      7      8     33
   671 | 2015-10-10 |   31 |     30     32     31     30     33     15     45
   671 | 2015-10-10 |   35 |     28      4     27     16     11     16      5
   670 | 2015-10-03 |   11 |     39     35     14     15      8      8     32
   670 | 2015-10-03 |   18 |      6      5      6      9      8      2     16
   670 | 2015-10-03 |   26 |     22     24     16     32     34     12     15
   670 | 2015-10-03 |   27 |     26     34     24     24     16     26     30
   670 | 2015-10-03 |   40 |     11     14     18     25      2     36      2
   670 | 2015-10-03 |   41 |     29     30     43     41     38     32      1
   669 | 2015-09-26 |    7 |     34      8      3     36     18     42     37
   669 | 2015-09-26 |    8 |     38     30     30     36     35     38     20
   669 | 2015-09-26 |   20 |     24      9     16     24      4     24     15
   669 | 2015-09-26 |   29 |     28     39     20     16     31     14     34
   669 | 2015-09-26 |   33 |     22     26     22     18     11     11      3
   669 | 2015-09-26 |   38 |      8     16     11     15     37      7      9
   668 | 2015-09-19 |   12 |     37     42     30     17     34     36     38
   668 | 2015-09-19 |   14 |     36     34     24     19     40     30     28
   668 | 2015-09-19 |   15 |     38     23     31      1     14     26     44
   668 | 2015-09-19 |   24 |     10      3      6     10     15      2     20
   668 | 2015-09-19 |   27 |     30     19     28     40     17     13     30
   668 | 2015-09-19 |   32 |     17     34     18     21     34     17      7
   667 | 2015-09-12 |   15 |     40     34     38     37      4     20     28
   667 | 2015-09-12 |   17 |     39     14     30      4     28      8     37
   667 | 2015-09-12 |   25 |      5      6     12      9      3      5     26
   667 | 2015-09-12 |   37 |     32     43     40     24     44     42     14
   667 | 2015-09-12 |   42 |     23     38     43     19     26     26      5
   667 | 2015-09-12 |   43 |     16     35     41     28     40     38     12
   666 | 2015-09-05 |    2 |     40     36     25     41     36     41     34
   666 | 2015-09-05 |    4 |     38     28     19     45     33     40     25
   666 | 2015-09-05 |    6 |     41     14     23      6     32     44     41
   666 | 2015-09-05 |   11 |     44     41     44      5     36     43     42
   666 | 2015-09-05 |   17 |      7     12      6      1      6      3     42
   666 | 2015-09-05 |   28 |     15     10     13     17     38     12     28
   665 | 2015-08-29 |    5 |      2     37     37     26      1     45     43
   665 | 2015-08-29 |    6 |     40      7     32     23     25     44     25
   665 | 2015-08-29 |   11 |     18     17     16     19     37     26     34
   665 | 2015-08-29 |   17 |      4      1      4      6      6      1     29
   665 | 2015-08-29 |   38 |     10     16      8     38     17      7      6
   665 | 2015-08-29 |   44 |     38     26     14      7     20     36     14
   664 | 2015-08-22 |   10 |      6      7      5      9      1      2     41
   664 | 2015-08-22 |   20 |      1     10      7     11      3      4     15
   664 | 2015-08-22 |   33 |     24     42     28     19     22     38      3
   664 | 2015-08-22 |   36 |     44     43     45     39     41     39      7
   664 | 2015-08-22 |   41 |     42     44      2     40     40     24      1
   664 | 2015-08-22 |   44 |     43     36     43     26     36     22      8
   663 | 2015-08-15 |    3 |     14     15     12     41     19     35     43
   663 | 2015-08-15 |    5 |     13      6      8      1      7     43     44
   663 | 2015-08-15 |    8 |      6      8      5     16     11      7     21
   663 | 2015-08-15 |   19 |     19     24     24     40     28     27     22
   663 | 2015-08-15 |   38 |     44     37     41     29     40     24      9
   663 | 2015-08-15 |   42 |     42     42     44     27     43     28      5
   662 | 2015-08-08 |    5 |     13     13     22     39      1     35     39
   662 | 2015-08-08 |    6 |      4      9      5     12     10      8     27
   662 | 2015-08-08 |    9 |     26     26     24     40     37     44     33
   662 | 2015-08-08 |   11 |     24     24     14     36     37     38     31
   662 | 2015-08-08 |   15 |     34     17     24     24      4     33     32
   662 | 2015-08-08 |   37 |     33     41     42     24     44     23     13
   661 | 2015-08-01 |    2 |     14      4     42     32      2     40     36
   661 | 2015-08-01 |    3 |     35     15      2     42     37     43     39
   661 | 2015-08-01 |   12 |      7      6      5      8      3      6     38
   661 | 2015-08-01 |   20 |      4      1      4      6      6      1     15
   661 | 2015-08-01 |   27 |     17     18     24     24     20     24     30
   661 | 2015-08-01 |   38 |     42     18     18     26     36     11      9
   660 | 2015-07-25 |    4 |     13     33     28     31     43     43     25
   660 | 2015-07-25 |    9 |     14      7     12     17     12     28     34
   660 | 2015-07-25 |   23 |      2      6     18     14      9     32     17
   660 | 2015-07-25 |   33 |     34     32     25     36     24     17      3
   660 | 2015-07-25 |   39 |     44     44     44     44     44     44     11
   660 | 2015-07-25 |   44 |     41     43     40     24     35     14     10
   659 | 2015-07-18 |    7 |     22      8     26     36     17     40     36
   659 | 2015-07-18 |   18 |     17     43     30     44     32     33     16
   659 | 2015-07-18 |   19 |     34     40     38      2     28     34     41
   659 | 2015-07-18 |   27 |     11      6      8      8      5      2     30
   659 | 2015-07-18 |   29 |     36      5     36     29      8     29     31
   659 | 2015-07-18 |   42 |     29     39     22     34     42      6      5
   658 | 2015-07-11 |    8 |      5     18      5      9      9      7     21
   658 | 2015-07-11 |   19 |     44     44     34      2     23     35     42
   658 | 2015-07-11 |   25 |      7      5      8      8      5      2     26
   658 | 2015-07-11 |   28 |     39     36     29     25     42      9     34
   658 | 2015-07-11 |   32 |     26     26     30     44     38     23      9
   658 | 2015-07-11 |   36 |     18      8     24     23     36     19      8
   657 | 2015-07-04 |   10 |      4      2      4      7      1      2     40
   657 | 2015-07-04 |   14 |     36     30     29      5     33     37     41
   657 | 2015-07-04 |   19 |      5     10      5      8      7      7     22
   657 | 2015-07-04 |   39 |      1      5      9     16     20      4     11
   657 | 2015-07-04 |   40 |     39     17     18      2      2     10     12
   657 | 2015-07-04 |   43 |     44     44     44     44     44     44     10
   656 | 2015-06-27 |    3 |     37     41     30     32     24     41     42
   656 | 2015-06-27 |    7 |     40     31     28      1     20     40     44
   656 | 2015-06-27 |   14 |     21     21     14     14     24     17     32
   656 | 2015-06-27 |   16 |     28     14     41     28     22     35     18
   656 | 2015-06-27 |   31 |     17     15     19     39     36     19     45
   656 | 2015-06-27 |   40 |     44     44     44      8      2     44     11
   655 | 2015-06-20 |    7 |     40     37     36     24     12     34     39
   655 | 2015-06-20 |   37 |      8     11      9     27     16      8     12
   655 | 2015-06-20 |   38 |     19     19     28     29     33     24      8
   655 | 2015-06-20 |   39 |      7     11      6     18     26     23     10
   655 | 2015-06-20 |   40 |     15     33     42     40      2     29      2
   655 | 2015-06-20 |   44 |     20     26     40     45     42     12      9
   654 | 2015-06-13 |   16 |     28     24     19     11     11     18     18
   654 | 2015-06-13 |   21 |     36     25      2     39     36     21     21
   654 | 2015-06-13 |   26 |     17     10     13      3      6      6     34
   654 | 2015-06-13 |   31 |     22     20     18     31     39     22     45
   654 | 2015-06-13 |   36 |     22     23     25     20     18     12      8
   654 | 2015-06-13 |   43 |     14     27     34     41     44     16      9
   653 | 2015-06-06 |    5 |     18     45     21     35     20     30     41
   653 | 2015-06-06 |    6 |     44     41     29     27     39     45     27
   653 | 2015-06-06 |   26 |     37     16     34     23     40     24     17
   653 | 2015-06-06 |   27 |     11      7      6     11      8      7     32
   653 | 2015-06-06 |   38 |     28     11     19     33     37     10      8
   653 | 2015-06-06 |   39 |     16     10     11     29     18     36     10
   652 | 2015-05-30 |    3 |     38     45     37     42     31     43     41
   652 | 2015-05-30 |   13 |     24     37     32     32     27     24     37
   652 | 2015-05-30 |   15 |     16     35      1     40     16     27     34
   652 | 2015-05-30 |   40 |     38     25     41     32      2     37      2
   652 | 2015-05-30 |   41 |     15     11     12     15     12     14      2
   652 | 2015-05-30 |   44 |     43     29     38      4     44     30     14
   651 | 2015-05-23 |   11 |      9     28     16      2     12     23     43
   651 | 2015-05-23 |   12 |     39     41     44     36     40     37     38
   651 | 2015-05-23 |   16 |     10     24     39     12     16      5     18
   651 | 2015-05-23 |   26 |     17     20     12     19     34      6     19
   651 | 2015-05-23 |   29 |     11      4     12     28      8     16     27
   651 | 2015-05-23 |   44 |     44     36     40     21     45     38      7
   650 | 2015-05-16 |    3 |     43     17     14      1      7     45     44
   650 | 2015-05-16 |    4 |      2     45     41     42     42     44     23
   650 | 2015-05-16 |    7 |     36     36     40     35     18     35     38
   650 | 2015-05-16 |   11 |     39     40     26     37     26     30     34
   650 | 2015-05-16 |   31 |     22     32      2     32     24     26     45
   650 | 2015-05-16 |   41 |      7     19     19      6     20     20      9
   649 | 2015-05-09 |    3 |     16      2      8     13      6      4     41
   649 | 2015-05-09 |   21 |     23     16     20     24     15     12     23
   649 | 2015-05-09 |   22 |     42     26     14     31     40     11     22
   649 | 2015-05-09 |   33 |     28     27     24     41     18     22      2
   649 | 2015-05-09 |   41 |     34     42     42     43     42     38      1
   649 | 2015-05-09 |   42 |      4      1      4      7      5      1      5
   648 | 2015-05-02 |   13 |     27     37     21     31     18     17     39
   648 | 2015-05-02 |   19 |     27     32     38     38     20     27     18
   648 | 2015-05-02 |   28 |     36      8     10     22     32     10     29
   648 | 2015-05-02 |   37 |     38     20     26     26     30     23     14
   648 | 2015-05-02 |   38 |     36     14     26     14     42     18      9
   648 | 2015-05-02 |   43 |     44     29     43     24     32     38     11
   647 | 2015-04-25 |    5 |     18      5      8     15     10     18     41
   647 | 2015-04-25 |   16 |     30     27     37     17     37     34     19
   647 | 2015-04-25 |   21 |     22     25      3     14     19      9     21
   647 | 2015-04-25 |   23 |     14     13     27     20     11     14     18
   647 | 2015-04-25 |   24 |     26     33     44      2     42     21     42
   647 | 2015-04-25 |   30 |      1      1      4      6      3      1     36
   646 | 2015-04-18 |    2 |     18     16     12     31     21     14     39
   646 | 2015-04-18 |    9 |     44     17     28     42     30     28     22
   646 | 2015-04-18 |   24 |      8     26     24     21     34     21     23
   646 | 2015-04-18 |   41 |     34     25     33      4     24     22     14
   646 | 2015-04-18 |   43 |     32     39     42     31     41     42      3
   646 | 2015-04-18 |   45 |     30     32     40     43     26     33      8
   645 | 2015-04-11 |    1 |     26      5     20     29      8      9     33
   645 | 2015-04-11 |    4 |     44     38     43     44     45     30     26
   645 | 2015-04-11 |   16 |     25     36     33     30     35     36     18
   645 | 2015-04-11 |   26 |     19     34     19     13     36     12     17
   645 | 2015-04-11 |   40 |     37     41     30     14      2     43      3
   645 | 2015-04-11 |   41 |     16      4     21     18     11     34      1
   644 | 2015-04-04 |    5 |      4      1      4      7      5      1     41
   644 | 2015-04-04 |   13 |      2     30     34     35     16     20     33
   644 | 2015-04-04 |   17 |     15     18     25     20     14     22     26
   644 | 2015-04-04 |   23 |      8     16     33     13     10      6     18
   644 | 2015-04-04 |   28 |      5     12      5      8     11      2     28
   644 | 2015-04-04 |   36 |     22     19      9     22     33      9      4
   643 | 2015-03-28 |   15 |     18     37     35     18     24     23     27
   643 | 2015-03-28 |   24 |     34      5     12      2     33     29     39
   643 | 2015-03-28 |   31 |     38     32      3     31     25     40     45
   643 | 2015-03-28 |   32 |      2     22     32     25     39     16      7
   643 | 2015-03-28 |   33 |     28     25     25     22     24     25      3
   643 | 2015-03-28 |   40 |     19      8      7     18      2     18      2
   642 | 2015-03-21 |    8 |      6      3      5     10     16      8     22
   642 | 2015-03-21 |   17 |      5     15      3      8      6      2     25
   642 | 2015-03-21 |   18 |     16     16     27      3     27     26     37
   642 | 2015-03-21 |   24 |     20     18     31     16     42      7     20
   642 | 2015-03-21 |   39 |     27     17     11     30     25     28     10
   642 | 2015-03-21 |   45 |     45     33     26     43     34     37     11
   641 | 2015-03-14 |   11 |     20     23     38     35     25     30     27
   641 | 2015-03-14 |   18 |     16     16     38      3     35      8     32
   641 | 2015-03-14 |   21 |     21      7     30      2      9     10     39
   641 | 2015-03-14 |   36 |     14      1      5     11     21     10      6
   641 | 2015-03-14 |   37 |      6     19      7      9      7      3     13
   641 | 2015-03-14 |   43 |     42     45     41     30     30     42     10
   640 | 2015-03-07 |   14 |     14      3     24     14     22     12     26
   640 | 2015-03-07 |   15 |     20     30     36      6     17     23     44
   640 | 2015-03-07 |   18 |     21     19     36     21     37     13     16
   640 | 2015-03-07 |   21 |     30     21     40     44     34     11     22
   640 | 2015-03-07 |   26 |     13     16      9     15     28     20     17
   640 | 2015-03-07 |   35 |     20     33     22     26     19     16      7
   639 | 2015-02-28 |    6 |      2     37     39     40     40     23     28
   639 | 2015-02-28 |   15 |     22     24     28     21     13     22     29
   639 | 2015-02-28 |   22 |     41     21     21      6     36     11     40
   639 | 2015-02-28 |   23 |      1     29     37     28     14     16     17
   639 | 2015-02-28 |   25 |     33     15     29     26      8     12     23
   639 | 2015-02-28 |   32 |     37     31     15     39     32     30      7
   638 | 2015-02-21 |    7 |     16     40     41     42     28     30     41
   638 | 2015-02-21 |   18 |     17      3     26     12      3      7     15
   638 | 2015-02-21 |   22 |     40     22     24      4     40     19     40
   638 | 2015-02-21 |   24 |     14     11      8     10     16      4     28
   638 | 2015-02-21 |   31 |     35     23     30     18     14     21     45
   638 | 2015-02-21 |   34 |     32     26     14     42     36     26      1
   637 | 2015-02-14 |    3 |      5      6     34     25      7      9     41
   637 | 2015-02-14 |   16 |     30     18      9      2     34      8     27
   637 | 2015-02-14 |   22 |     14      7      7      8     17      2     21
   637 | 2015-02-14 |   37 |     16      1      5      9      9     18     14
   637 | 2015-02-14 |   38 |      3     43     20     26      1     37      9
   637 | 2015-02-14 |   44 |     43     41     30     34     43     43     10
   636 | 2015-02-07 |    6 |     28     26     45     24     38     22     29
   636 | 2015-02-07 |    7 |     14     14      1     33     21     22     37
   636 | 2015-02-07 |   15 |     27     28     33     27     17     16     31
   636 | 2015-02-07 |   16 |     13     10     17     11     30     10     19
   636 | 2015-02-07 |   20 |     15     12     20     16     24     20     15
   636 | 2015-02-07 |   31 |     39     38     38     41     26     39     45
   635 | 2015-01-31 |   11 |     41     23     38      7     22     24     40
   635 | 2015-01-31 |   13 |      2     21      3     26     10      9     37
   635 | 2015-01-31 |   25 |      7      8     20     12     18     22     27
   635 | 2015-01-31 |   26 |     12     29     30     22      3     21     16
   635 | 2015-01-31 |   29 |      4      1      4      5      5      1     33
   635 | 2015-01-31 |   33 |      8     19      7      9      6      6      2
   634 | 2015-01-24 |    4 |     43     21     42     36     42     21     26
   634 | 2015-01-24 |   10 |     38      4     32     25     30     14     40
   634 | 2015-01-24 |   11 |     33     19     19     22     10     11     29
   634 | 2015-01-24 |   12 |     42     18     41      3     40     37     44
   634 | 2015-01-24 |   20 |     19     14     22      2     32      6     37
   634 | 2015-01-24 |   27 |     25     23     19     37     24     32     24
   633 | 2015-01-17 |    9 |     37     34     40     31     37     42     35
   633 | 2015-01-17 |   12 |     33     16     31     21     40     25     37
   633 | 2015-01-17 |   19 |     27     38     35     43     30     28     20
   633 | 2015-01-17 |   20 |     15      6      9     11      2      4     15
   633 | 2015-01-17 |   39 |     12     40     16     42     25     21      9
   633 | 2015-01-17 |   41 |      8     33     12     27     20      5      1
   632 | 2015-01-10 |   15 |      1     23     39     40      9     30     30
   632 | 2015-01-10 |   18 |     26     21     28     24     34     10     16
   632 | 2015-01-10 |   21 |     25     26     31     37     26     18     24
   632 | 2015-01-10 |   32 |     16      6     26     27     10     28      5
   632 | 2015-01-10 |   35 |     20     41     15     28     15     11      6
   632 | 2015-01-10 |   44 |      7     30     11     11     32     40      8
   631 | 2015-01-03 |    1 |      2     22     40     38     29     28     35
   631 | 2015-01-03 |    2 |     42      6     43     36     40     40     29
   631 | 2015-01-03 |    4 |     37      9     31     12      1     12     26
   631 | 2015-01-03 |   23 |     30     20     10     29     12     20     18
   631 | 2015-01-03 |   31 |     26     25     24      5     20     30     45
   631 | 2015-01-03 |   34 |      4      5      5      8      2      4      4
   630 | 2014-12-27 |    8 |     34      9      2     13     43     20     22
   630 | 2014-12-27 |   17 |     31     30     36     33     14     20     25
   630 | 2014-12-27 |   21 |     20     28     10     31      8     16     23
   630 | 2014-12-27 |   24 |     11      3     26     15      3      6     19
   630 | 2014-12-27 |   27 |     22     38     16     43     19     16     30
   630 | 2014-12-27 |   31 |     33     32     21      4     18     22     45
   629 | 2014-12-20 |   19 |     34     17     32     29     32     22     21
   629 | 2014-12-20 |   28 |     17     39     43     21     36     29     30
   629 | 2014-12-20 |   31 |     14     21      9     14      9      9     45
   629 | 2014-12-20 |   38 |      5      2      6      9     15      5      9
   629 | 2014-12-20 |   43 |     29     42     34     35     32     40      8
   629 | 2014-12-20 |   44 |     30     43     21     27      6     42     10
   628 | 2014-12-13 |    1 |     44     23     39     40      2     37     33
   628 | 2014-12-13 |    7 |     38     20     33     42     43     38     37
   628 | 2014-12-13 |   12 |      2      3     24     18     15     14     36
   628 | 2014-12-13 |   15 |      1     10     11     12     27     12     32
   628 | 2014-12-13 |   23 |     15     13     13     20     30     22     19
   628 | 2014-12-13 |   42 |     22     40     38     36     21     22      5
   627 | 2014-12-06 |    2 |     40     10     38     16      1     35     36
   627 | 2014-12-06 |    9 |     36     27     35     30     26     24     33
   627 | 2014-12-06 |   22 |      6      6     15     10      3      4     22
   627 | 2014-12-06 |   25 |     15     30     19     27     19     36     26
   627 | 2014-12-06 |   31 |      8      1      5     18      7      6     45
   627 | 2014-12-06 |   45 |     30     42     20     43     21     41     10
   626 | 2014-11-29 |   13 |      1     22     29     30     14     11     37
   626 | 2014-11-29 |   14 |     26     14     24     22     37     13     28
   626 | 2014-11-29 |   26 |     39      4     33     11     33     34     15
   626 | 2014-11-29 |   33 |     23     34     10     35     20     30      3
   626 | 2014-11-29 |   40 |     10     18     27     15     37     39      2
   626 | 2014-11-29 |   43 |     19     33     15     15     19     41     11
   625 | 2014-11-22 |    3 |      4      1      4      8      6      1     41
   625 | 2014-11-22 |    6 |     30     28     41     42     45     22     28
   625 | 2014-11-22 |    7 |     34     40     40      5     32     35     44
   625 | 2014-11-22 |   20 |     22      9     23     22     24      6     15
   625 | 2014-11-22 |   21 |     19     26     21     34     12     26     21
   625 | 2014-11-22 |   39 |      8     26      9     23     16     20     12
   624 | 2014-11-15 |    1 |     43     44     40     29      2     16     36
   624 | 2014-11-15 |    7 |     42     45     43      1     42     23     43
   624 | 2014-11-15 |   19 |     40     23     39     36     37     17     22
   624 | 2014-11-15 |   26 |     23      3      7      9      8      2     16
   624 | 2014-11-15 |   27 |     38     36     26     29     40     29     30
   624 | 2014-11-15 |   35 |     30     38     24     45     30     44      4
   623 | 2014-11-08 |    7 |     38     43     28     40     34     24     36
   623 | 2014-11-08 |   13 |     29     26     26     42     40     21     34
   623 | 2014-11-08 |   30 |     17     28     28     26     21     34     34
   623 | 2014-11-08 |   39 |     23     19      6     16     22     23     11
   623 | 2014-11-08 |   41 |     26     28     24     18      4     31      1
   623 | 2014-11-08 |   45 |     45     42     34     32     38     44     12
   622 | 2014-11-01 |    9 |      2     34     24     36     41     20     31
   622 | 2014-11-01 |   15 |     12      3     10     30     32      4     32
   622 | 2014-11-01 |   16 |     24     20     41      2     17     23     34
   622 | 2014-11-01 |   21 |      3     38     27     39      3     12     20
   622 | 2014-11-01 |   28 |      5      6      6      8      8      3     27
   622 | 2014-11-01 |   34 |     14     17     16     15     14     36      4
   621 | 2014-10-25 |    1 |     38     40     42     40      2     31     33
   621 | 2014-10-25 |    2 |     25     40     40      1     30     24     44
   621 | 2014-10-25 |    6 |     22     38     44     44     34     28     26
   621 | 2014-10-25 |   16 |     26     20     38      3     24     20     39
   621 | 2014-10-25 |   19 |     38     33      3     35     37     18     19
   621 | 2014-10-25 |   42 |     28     14     16     33     14     36      5
   620 | 2014-10-18 |    2 |     34     42      2     44     34     36     32
   620 | 2014-10-18 |   16 |     42     35     42     40     16     19     20
   620 | 2014-10-18 |   17 |     10      4     17     13     25     14     25
   620 | 2014-10-18 |   32 |      6      2      7     15     10      9      5
   620 | 2014-10-18 |   39 |     24     17     22     27     43     42     10
   620 | 2014-10-18 |   45 |     31     28      9     19     22     41     11
   619 | 2014-10-11 |    6 |     34     44     44     38     35     24     24
   619 | 2014-10-11 |    8 |     27     22     31      1     38     13     42
   619 | 2014-10-11 |   13 |     24     16     26     19     16      9     36
   619 | 2014-10-11 |   30 |     18      8     15      2      4     23     43
   619 | 2014-10-11 |   35 |     12     13     19     22     14     39      7
   619 | 2014-10-11 |   40 |     17     29     43     44      2     37      2
   618 | 2014-10-04 |    8 |     16     22     23     32     17      4     20
   618 | 2014-10-04 |   16 |     13     15     10     18     28     12     19
   618 | 2014-10-04 |   25 |     34     16     18     28     16     19     26
   618 | 2014-10-04 |   30 |      8      8      7     10      3      4     34
   618 | 2014-10-04 |   42 |      6      5      4      7      7      2      5
   618 | 2014-10-04 |   43 |     39     28     20     29     31     39     11
   617 | 2014-09-27 |    4 |     26     41     38     36     22     34     23
   617 | 2014-09-27 |    5 |     44     43     43      1     44     26     44
   617 | 2014-09-27 |   11 |     32     30     31     31      4     21     34
   617 | 2014-09-27 |   12 |     18     35     22     30     20     13     38
   617 | 2014-09-27 |   24 |     15     14     19     24     18     12     17
   617 | 2014-09-27 |   27 |     16     12     17     18     32     17     29
   616 | 2014-09-20 |    5 |     24     36     42     36     28     38     41
   616 | 2014-09-20 |   13 |     15      4     36     25      8     19     39
   616 | 2014-09-20 |   18 |      1      5     30      4     34     19     21
   616 | 2014-09-20 |   23 |     27     14     18      6     20     25     24
   616 | 2014-09-20 |   40 |      3     32     12     13      1     40      2
   616 | 2014-09-20 |   45 |     37     38      9     19     20     35     13
   615 | 2014-09-13 |   10 |     18     30     37     30      1     24     39
   615 | 2014-09-13 |   17 |     13      9      7     11      8      4     24
   615 | 2014-09-13 |   18 |      1     26     30     25     28     24     16
   615 | 2014-09-13 |   19 |     36     26     16     22     36     16     21
   615 | 2014-09-13 |   23 |     16     10     17     22     25     18     18
   615 | 2014-09-13 |   27 |      8      5      6     13      8      6     28
   614 | 2014-09-06 |    8 |     12     33     24      6     32      9     42
   614 | 2014-09-06 |   21 |      6      7      7     14      9      6     30
   614 | 2014-09-06 |   25 |     32     22     26     28     22     14     24
   614 | 2014-09-06 |   39 |     44     44     44     44     44     44     10
   614 | 2014-09-06 |   40 |      2     35     41     18      2     39      1
   614 | 2014-09-06 |   44 |     43     42     43      4     43     38     14
   613 | 2014-08-30 |    7 |      6     34      8     21     36      7     37
   613 | 2014-08-30 |    8 |     36      7     33     41     17     39     20
   613 | 2014-08-30 |   11 |      7     19      6     17      5      6     28
   613 | 2014-08-30 |   16 |      5      8      5     10      8      3     17
   613 | 2014-08-30 |   41 |     36      2     27     11      4     17      1
   613 | 2014-08-30 |   44 |     39     24     39     12     10     16      8
   612 | 2014-08-23 |    6 |     35     22     32     28     32     22     25
   612 | 2014-08-23 |    9 |     38     32     41     26     39     26     34
   612 | 2014-08-23 |   18 |     10      6      8     14     10      5     16
   612 | 2014-08-23 |   19 |      9      7      9     16     25     15     20
   612 | 2014-08-23 |   25 |     32     21     23     17     35     18     26
   612 | 2014-08-23 |   33 |      1     25     18      2     32     35     12
   611 | 2014-08-16 |    2 |     22     34      1     44     37     30     35
   611 | 2014-08-16 |   22 |     10     15     18     28     15     12     18
   611 | 2014-08-16 |   27 |     30     19     14     23     26     20     28
   611 | 2014-08-16 |   33 |      2     36     17     19     35     32      4
   611 | 2014-08-16 |   36 |     26     18      9      5     14     43     14
   611 | 2014-08-16 |   37 |     40     38     11     18     31     36     13
   610 | 2014-08-09 |   14 |     39     43     44     40     26     27     26
   610 | 2014-08-09 |   18 |     11      7     23     14     14      7     16
   610 | 2014-08-09 |   20 |     16     21     40     19     18     12     15
   610 | 2014-08-09 |   23 |     40     28     32     17     39     10     18
   610 | 2014-08-09 |   28 |     14     12     30     26     12     22     28
   610 | 2014-08-09 |   36 |     25     25     15     42     20     42      6
   609 | 2014-08-02 |    4 |     25     26     32      1     31     36     44
   609 | 2014-08-02 |    8 |      6      8     33      6     20     30     42
   609 | 2014-08-02 |   27 |     34     27     27     32     34     28     33
   609 | 2014-08-02 |   34 |     17     31     17     22     21     43      4
   609 | 2014-08-02 |   39 |     42     43     34      5     42     44     14
   609 | 2014-08-02 |   40 |     24     34     16     23     17     16      2
   608 | 2014-07-26 |    4 |     34     29     34     37     23     19     22
   608 | 2014-07-26 |    8 |     44     34     30      1     35     37     41
   608 | 2014-07-26 |   18 |     12     10     26     29      9     30     17
   608 | 2014-07-26 |   19 |      9      6     12     12     24     28     21
   608 | 2014-07-26 |   39 |     45     45     45      6     45     45     14
   608 | 2014-07-26 |   44 |     18     36     10     36     17     18      8
   607 | 2014-07-19 |    8 |      9     14      1     33     18      6     21
   607 | 2014-07-19 |   14 |     31     14     35      2     10     20     42
   607 | 2014-07-19 |   23 |     10      4     30     28     14     24     18
   607 | 2014-07-19 |   36 |     42     38     26     26     24     34      6
   607 | 2014-07-19 |   38 |     33     38     13     14     22     34      9
   607 | 2014-07-19 |   39 |     20     41     31      3     39     42     14
   606 | 2014-07-12 |    1 |      4      2      8      1      7      3     42
   606 | 2014-07-12 |    5 |      7     18     28     42     21     36     41
   606 | 2014-07-12 |    6 |     21     19     43     45      1     35     30
   606 | 2014-07-12 |   14 |     36     34     45     39     45     34     26
   606 | 2014-07-12 |   20 |     15      8      9      8      8      4     15
   606 | 2014-07-12 |   39 |     41     40     18     37     22     42     10
   605 | 2014-07-05 |    1 |      4      2      3      7      5      1     31
   605 | 2014-07-05 |    2 |      3     34     40      2     30     36     44
   605 | 2014-07-05 |    7 |     33     36     39     39     26     32     37
   605 | 2014-07-05 |    9 |      5     14      6      9      6      3     29
   605 | 2014-07-05 |   10 |     39     31     41     41      2     39     39
   605 | 2014-07-05 |   38 |     21     29     16     18     37      6      9
   604 | 2014-06-28 |    2 |      2     34     42      1     36     41     44
   604 | 2014-06-28 |    6 |     43     40     45     38      2     36     28
   604 | 2014-06-28 |   18 |      8     10      9      9     18      6     16
   604 | 2014-06-28 |   21 |     14      7     13     32     17     30     20
   604 | 2014-06-28 |   33 |     33     33     18     36     14     32      3
   604 | 2014-06-28 |   34 |     20     23     17     13     30     24      4
   603 | 2014-06-21 |    2 |      2     40     40     18     45     41     32
   603 | 2014-06-21 |   19 |      5      4      5      8      6      2     21
   603 | 2014-06-21 |   25 |     26     45     28     18     24     37     25
   603 | 2014-06-21 |   26 |      6      3      8     12      3      3     16
   603 | 2014-06-21 |   27 |     23     35     32      1     30     22     43
   603 | 2014-06-21 |   43 |     45     44     22     42     29     38     10
   602 | 2014-06-14 |   13 |     24     39      2     37     37     40     35
   602 | 2014-06-14 |   14 |     29     16     36     27     41     34     28
   602 | 2014-06-14 |   22 |     18     40     20     14     41     24     21
   602 | 2014-06-14 |   27 |      3     19     28     39     20     40     33
   602 | 2014-06-14 |   30 |     24     29     21     27     29      8     36
   602 | 2014-06-14 |   38 |     39     22     28     16     32     10      7
   601 | 2014-06-07 |    2 |      7     37      1     20     44     24     34
   601 | 2014-06-07 |   16 |     10     10     10     16      4      5     20
   601 | 2014-06-07 |   19 |      6      3      8     17      6      4     21
   601 | 2014-06-07 |   31 |     35     35     28     28     25     32     45
   601 | 2014-06-07 |   34 |     38     10     28     28     38     27      4
   601 | 2014-06-07 |   35 |     20     19     30     29     22     10      6
   600 | 2014-05-31 |    5 |     37     43     41      2     39     38     44
   600 | 2014-05-31 |   11 |      5     13      6      9      6      2     29
   600 | 2014-05-31 |   14 |      7      6     35     27     24     37     30
   600 | 2014-05-31 |   27 |      2      5     27     37     10     31     33
   600 | 2014-05-31 |   29 |     43     35     28      1     29     12     42
   600 | 2014-05-31 |   36 |     35      8     18     15      1     13      6
   599 | 2014-05-24 |    5 |     42     42     43     36     38     40     40
   599 | 2014-05-24 |   12 |     22     28     33      6     42     38     44
   599 | 2014-05-24 |   17 |      3     25     17     14      9     12     26
   599 | 2014-05-24 |   29 |     42     37     32     16     14     22     31
   599 | 2014-05-24 |   34 |     16      9     14     35     31     11      3
   599 | 2014-05-24 |   35 |     29     19     22     30     18     24      5
   598 | 2014-05-17 |    4 |      4     22      7      8     15      2     29
   598 | 2014-05-17 |   12 |     21     39     26     35     42     32     31
   598 | 2014-05-17 |   24 |     28     23     18      2     32     19     40
   598 | 2014-05-17 |   33 |     33     10     29     21     11     16      6
   598 | 2014-05-17 |   38 |     18      4     34     28     19     40      1
   598 | 2014-05-17 |   45 |     38     17     21     23     14     22      8
   597 | 2014-05-10 |    8 |     26     17     18     34     40     22     22
   597 | 2014-05-10 |   10 |     25     28     34     37     42     27     40
   597 | 2014-05-10 |   23 |     19      2      8     10      6      6     19
   597 | 2014-05-10 |   24 |     28     32     15     36     44     18     18
   597 | 2014-05-10 |   35 |     15     30     26     18     22     28      7
   597 | 2014-05-10 |   43 |     20     21     31      3     10     32     14
   596 | 2014-05-03 |    3 |      2     40     16     11      9     22     42
   596 | 2014-05-03 |    4 |     45      3     10     16     27     14     25
   596 | 2014-05-03 |   12 |     27     24     14     27     29     27     27
   596 | 2014-05-03 |   14 |     38     36      2     39     45     42     20
   596 | 2014-05-03 |   25 |     33     30     33     26     32     10     26
   596 | 2014-05-03 |   43 |      8     16     32     20      8     16      3
   595 | 2014-04-26 |    8 |     15     22     10      3     33     36     37
   595 | 2014-04-26 |   24 |      6      5     20     39     41     28     18
   595 | 2014-04-26 |   28 |      1     13     33      4     36     19     44
   595 | 2014-04-26 |   35 |     30     20     36     19     22     30      7
   595 | 2014-04-26 |   38 |     34     12     25     24     26     16      9
   595 | 2014-04-26 |   40 |     22     30     44     32     36     28      2
   594 | 2014-04-19 |    2 |     10     31     25     28     32     29     37
   594 | 2014-04-19 |    8 |     41     44     45     43     43     42     19
   594 | 2014-04-19 |   13 |     19     36     22      4     12     12     43
   594 | 2014-04-19 |   25 |     42     38     36     45     29     41     25
   594 | 2014-04-19 |   28 |      1     20     18     28     44      9     30
   594 | 2014-04-19 |   37 |     32     13     30     26     24     18     12
   593 | 2014-04-12 |    9 |     20     19     19     15      1     10     33
   593 | 2014-04-12 |   10 |     26     32     36     45     25     43     38
   593 | 2014-04-12 |   13 |     29     36     40      1     33     25     43
   593 | 2014-04-12 |   24 |      7      2      7     11      8      7     20
   593 | 2014-04-12 |   33 |     32     25     20     14     38      8      3
   593 | 2014-04-12 |   38 |     12      6     15     23     28     41      9
   592 | 2014-04-05 |    2 |     43     44     41     33     42     37     36
   592 | 2014-04-05 |    5 |      2     42      2     42     39     39     39
   592 | 2014-04-05 |    6 |     43     25     44     32      2     40     27
   592 | 2014-04-05 |   13 |     40     32     36      3     23     34     43
   592 | 2014-04-05 |   28 |      9      4     20     34     35     28     29
   592 | 2014-04-05 |   44 |     15     20     18     37     43     10      9
   591 | 2014-03-29 |    8 |     40     25     44     33     28     41     24
   591 | 2014-03-29 |   13 |     12     20     30     12     34     20     32
   591 | 2014-03-29 |   14 |      9     19     18     10     10     10     31
   591 | 2014-03-29 |   30 |      3     23     24      3     32     14     44
   591 | 2014-03-29 |   38 |     11      9     14      2     17      7     13
   591 | 2014-03-29 |   39 |     20     13     28     20      2     22      9
   590 | 2014-03-22 |   20 |     33     30      1     32     23     28     15
   590 | 2014-03-22 |   30 |      2     26     20     26     20     16     33
   590 | 2014-03-22 |   36 |      7      2      5     12      7      5      6
   590 | 2014-03-22 |   38 |     20     22     14      7     12     16     13
   590 | 2014-03-22 |   41 |     10     12      7     19     28      8      1
   590 | 2014-03-22 |   45 |     30     42     27     40     41     39     11
   589 | 2014-03-15 |    6 |     20     24     18     32      9     34     24
   589 | 2014-03-15 |    8 |     32     18     11      6     20     35     37
   589 | 2014-03-15 |   28 |      4      1      4      7      5      1     28
   589 | 2014-03-15 |   33 |     14     22      1     10     28     32      1
   589 | 2014-03-15 |   38 |     18     38     24     26     30     36      8
   589 | 2014-03-15 |   39 |     14      9     40     39      2     40     11
   588 | 2014-03-08 |    2 |     42     18     40     13     13     10     35
   588 | 2014-03-08 |    8 |     37     23     22     18     18     18     22
   588 | 2014-03-08 |   15 |     36     18     33     38     30     21     31
   588 | 2014-03-08 |   22 |     10     28     10     28      8     28     23
   588 | 2014-03-08 |   25 |     31     20     32     30     40     26     25
   588 | 2014-03-08 |   41 |     30     30     14     37     42     36      1
   587 | 2014-03-01 |   14 |     44     30     39     37     28     23     28
   587 | 2014-03-01 |   21 |     18     15     26      4     28     11     40
   587 | 2014-03-01 |   29 |      6     10      5      8      4      3     34
   587 | 2014-03-01 |   31 |     22     20     26     26     36     25     45
   587 | 2014-03-01 |   32 |     27     29     18     24     18     30      7
   587 | 2014-03-01 |   37 |     32     39     16     22     39     20     14
   586 | 2014-02-22 |    2 |     35     14     39     37     15     22     40
   586 | 2014-02-22 |    7 |     10      6     36      4     23      6     44
   586 | 2014-02-22 |   12 |     30     25     33     32     16     12     24
   586 | 2014-02-22 |   15 |     16     13     26     40     30     18     34
   586 | 2014-02-22 |   21 |      5      3     28     11     12     10     26
   586 | 2014-02-22 |   34 |     38     45     24     38     27     38      1
   585 | 2014-02-15 |    6 |     14     18     10     19     16     24     24
   585 | 2014-02-15 |    7 |     18     17     31      1     30     25     44
   585 | 2014-02-15 |   10 |     33     32     22     25     21     12     40
   585 | 2014-02-15 |   16 |     20     19     11     13     12     18     20
   585 | 2014-02-15 |   38 |     19     27     40     40     13     45      7
   585 | 2014-02-15 |   41 |     44     35     40      5     45     42     10
   584 | 2014-02-08 |    7 |     22     20     22     34     24     36     38
   584 | 2014-02-08 |   18 |     29     34     34     31     22     34     17
   584 | 2014-02-08 |   30 |     24     10     45     36     11     24     34
   584 | 2014-02-08 |   39 |     17      2     10     22      2     16      8
   584 | 2014-02-08 |   40 |     34     32     29      5     19     40     11
   584 | 2014-02-08 |   41 |     44     39     38     38     43     30      1
   583 | 2014-02-01 |    8 |      5      6      6     11      8      2     20
   583 | 2014-02-01 |   17 |     21     14     10     14     22     16     27
   583 | 2014-02-01 |   27 |     40     36     24     16     34     34     36
   583 | 2014-02-01 |   33 |      2     38     27      1     36     28     14
   583 | 2014-02-01 |   40 |     34     42     32      6     28     23     12
   583 | 2014-02-01 |   44 |     41     44     39     41     30     39      8
   582 | 2014-01-25 |    2 |     26     31     41     41     19     38     30
   582 | 2014-01-25 |   12 |     19     30     40     28     18     24     40
   582 | 2014-01-25 |   14 |     22     26     33      7     25     21     42
   582 | 2014-01-25 |   33 |      3     23     11     18     30     18      4
   582 | 2014-01-25 |   40 |     40     35     24     26     20     27      2
   582 | 2014-01-25 |   41 |     36     36      8     16     37     32      1
   581 | 2014-01-18 |    3 |     26     24     34     42     28     27     41
   581 | 2014-01-18 |    5 |     11      7     29      1     34     11     38
   581 | 2014-01-18 |   14 |     21     13     30     19     12     34     22
   581 | 2014-01-18 |   20 |     10     15     27     10     13     12     18
   581 | 2014-01-18 |   42 |     30     38     20     15     21     39      9
   581 | 2014-01-18 |   44 |     34     26     22     12     17     36     10
   580 | 2014-01-11 |    5 |     20     19     34      1     36     17     44
   580 | 2014-01-11 |    7 |     26     30     37      5     41     31     43
   580 | 2014-01-11 |    9 |      4      1      5      6      1      1     35
   580 | 2014-01-11 |   11 |     32     36     28     31     38     24     37
   580 | 2014-01-11 |   32 |     38     16     25     17     12     16      8
   580 | 2014-01-11 |   35 |     34     13     16     22     27     23      6
   579 | 2014-01-04 |    5 |     34     38     41      1     41     21     44
   579 | 2014-01-04 |    7 |     18      5     34     17     13     31     39
   579 | 2014-01-04 |   20 |     19     14     15     16     11     11     15
   579 | 2014-01-04 |   22 |      6      6      6     11      9      3     23
   579 | 2014-01-04 |   37 |     32     39     18     34     29     24     13
   579 | 2014-01-04 |   42 |     16     18     11      3     16     19     12
   578 | 2013-12-28 |    5 |     42     30     38     23     37     38     43
   578 | 2013-12-28 |   12 |     27     24     30     16     14     24     38
   578 | 2013-12-28 |   14 |     25     24     18     17     10      7     30
   578 | 2013-12-28 |   32 |     30     18     22     41     15     18      6
   578 | 2013-12-28 |   34 |     44     44     44      8     44     44     13
   578 | 2013-12-28 |   42 |     20     28     32     22     21     26      4
   577 | 2013-12-21 |   16 |     28     12     12     12     12      7     15
   577 | 2013-12-21 |   17 |     17      8     17     30     23     26     24
   577 | 2013-12-21 |   22 |     10      3      7      9      5      4     17
   577 | 2013-12-21 |   31 |     23     20     32     32     31     31     45
   577 | 2013-12-21 |   34 |     14     14     23     26     13     41      2
   577 | 2013-12-21 |   37 |     20     43     45     42     44     42     13
   576 | 2013-12-14 |   10 |     39     31     28     39     22     30     40
   576 | 2013-12-14 |   11 |     37     32     42     20     34     36     30
   576 | 2013-12-14 |   15 |     33     22     32     22     34     24     32
   576 | 2013-12-14 |   25 |     18     30     30     21     42     19     26
   576 | 2013-12-14 |   35 |     16     44     25     42     41     36      6
   576 | 2013-12-14 |   41 |     16     42     32     19     44     40      2
   575 | 2013-12-07 |    2 |      2      8     38     17      6     14     35
   575 | 2013-12-07 |    8 |     11      1      4      7      5      1     23
   575 | 2013-12-07 |   20 |     19     25     10     14     11     10     15
   575 | 2013-12-07 |   30 |      8      7      9     11     10      4     34
   575 | 2013-12-07 |   33 |     14     13     20     26     36     22      3
   575 | 2013-12-07 |   34 |     28     27     16     16     22     44      4
   574 | 2013-11-30 |   14 |      1     31     32     37     16     27     26
   574 | 2013-11-30 |   15 |     43     24     26     33     36     24     28
   574 | 2013-11-30 |   16 |     18     39     28     25     13     26     19
   574 | 2013-11-30 |   19 |     32     17     24     19      4     15     22
   574 | 2013-11-30 |   25 |     15      7     11     12     25     15     25
   574 | 2013-11-30 |   43 |     28     20     35      4     45     42     14
   573 | 2013-11-23 |    2 |      7     18      5     10      6      2     38
   573 | 2013-11-23 |    4 |     24     42      3     30     19     37     28
   573 | 2013-11-23 |   20 |     12     23      2     13     16     14     15
   573 | 2013-11-23 |   34 |      9     14     13     22     11     26      3
   573 | 2013-11-23 |   35 |     21     12     20     31     40     20      4
   573 | 2013-11-23 |   43 |     45     35     26     45     43     22      9
   572 | 2013-11-16 |    3 |     24     38     45     40     44     42     42
   572 | 2013-11-16 |   13 |     26     22     35     26     38     30     31
   572 | 2013-11-16 |   18 |     16     20     33      3     15     10     32
   572 | 2013-11-16 |   33 |     13     14      8     12     31      5      3
   572 | 2013-11-16 |   37 |     43      4     24     35     22     39     11
   572 | 2013-11-16 |   45 |     40     10     18     24     34     38     12
   571 | 2013-11-09 |   11 |     24     19     26     39     16     17     31
   571 | 2013-11-09 |   18 |     23     36     30     27      3     18     16
   571 | 2013-11-09 |   21 |      7     17     12     11      7      5     22
   571 | 2013-11-09 |   26 |      8     23     16      5     26      7     30
   571 | 2013-11-09 |   38 |     11      6      5      8      2      4      8
   571 | 2013-11-09 |   43 |     43     12     42     42     31     40      9
   570 | 2013-11-02 |    1 |      1     28     18     42     14     35     28
   570 | 2013-11-02 |   12 |     23     45     29     37     40     29     36
   570 | 2013-11-02 |   26 |     14     14     26     11     19     12     17
   570 | 2013-11-02 |   27 |     39     10     28     33     23     15     29
   570 | 2013-11-02 |   29 |     40     12     23     18     22     20     32
   570 | 2013-11-02 |   33 |      4      6     12      9      5      2      2
   569 | 2013-10-26 |    3 |     16     38     37      7     18     29     44
   569 | 2013-10-26 |    6 |     23     43     43     28     41     20     26
   569 | 2013-10-26 |   13 |     18     26     32     30     12     31     32
   569 | 2013-10-26 |   23 |     32     28     28     34     20     24     17
   569 | 2013-10-26 |   24 |     33     41     40     21     36     34     19
   569 | 2013-10-26 |   35 |     30     13      8     18     20     26      6
   568 | 2013-10-19 |    1 |     18     36     30      1     16     40     43
   568 | 2013-10-19 |    3 |      6     19     18     20      8     22     40
   568 | 2013-10-19 |   17 |     11      9      3     17     12      7     25
   568 | 2013-10-19 |   20 |     28     32      1     22     38     16     15
   568 | 2013-10-19 |   31 |     35      9     11     28     13     19     45
   568 | 2013-10-19 |   44 |     44     37     31     22     42     45      9
   567 | 2013-10-12 |    1 |     38     44      3     44     38     43     33
   567 | 2013-10-12 |   10 |     30     41     28     40     40     45     39
   567 | 2013-10-12 |   15 |     21     30     42     33     25     29     32
   567 | 2013-10-12 |   16 |      7     12     20     14     26     14     19
   567 | 2013-10-12 |   32 |     28     16      8     12     16      6      8
   567 | 2013-10-12 |   41 |      1     31     15     22     18     19      2
   566 | 2013-10-05 |    4 |     45     34     44      1     45     43     42
   566 | 2013-10-05 |    5 |     20     26     40     34     15     37     41
   566 | 2013-10-05 |    6 |     42     12     41     23     34     41     25
   566 | 2013-10-05 |   25 |     18     29     17     24     18     22     28
   566 | 2013-10-05 |   26 |     26      9     11     45     36     14     16
   566 | 2013-10-05 |   43 |     29     41     23     32     17     29     10
   565 | 2013-09-28 |    4 |     21      9     42     43     37     42     24
   565 | 2013-09-28 |   10 |     38     41     38     36     39     38     40
   565 | 2013-09-28 |   18 |      8      6      7     11      4      4     16
   565 | 2013-09-28 |   27 |     17     26     20      5     23     21     42
   565 | 2013-09-28 |   40 |     17     12      8     12     34      8      1
   565 | 2013-09-28 |   45 |     44     44     44     44     44     44     11
   564 | 2013-09-21 |   14 |     10     18     25     36     34     26     28
   564 | 2013-09-21 |   19 |     28     11      6      8      7      4     20
   564 | 2013-09-21 |   25 |     35     40     36     26     10     39     25
   564 | 2013-09-21 |   26 |     22     12     35     30     43     19     17
   564 | 2013-09-21 |   27 |     41     31     19     30     34     20     30
   564 | 2013-09-21 |   34 |     38     21     38     20     20     16      4
   563 | 2013-09-14 |    5 |     28     42     20     40     40     42     40
   563 | 2013-09-14 |   10 |      8     16      9     19     12     28     39
   563 | 2013-09-14 |   16 |      6      3      7     12      5      3     19
   563 | 2013-09-14 |   17 |     14     30     12      2     36     31     38
   563 | 2013-09-14 |   31 |     19     36     26      3     32     25     45
   563 | 2013-09-14 |   32 |     38     36     27     26     15     13      7
   562 | 2013-09-07 |    4 |     32     37     18     36     42     43     24
   562 | 2013-09-07 |   11 |     27     40     38     37     28     41     35
   562 | 2013-09-07 |   13 |     27     43     40     40     22     38     29
   562 | 2013-09-07 |   17 |     14     24      1     19     20     33     27
   562 | 2013-09-07 |   20 |      2     14     17     14     40     26     15
   562 | 2013-09-07 |   31 |     11     35     28     32     12     22     45
   561 | 2013-08-31 |    5 |     26     33     38     40     32     41     39
   561 | 2013-08-31 |    7 |     26     43     38     45     36     40     38
   561 | 2013-08-31 |   18 |     10      9     11     12     10     17     16
   561 | 2013-08-31 |   37 |     28     21     20     32     27     24     13
   561 | 2013-08-31 |   42 |     22     24      9     13     13     14      5
   561 | 2013-08-31 |   45 |     45     45     45      7     45     45     14
   560 | 2013-08-24 |    1 |     37     43     39     44     40     44     36
   560 | 2013-08-24 |    4 |     16     14     25     26     20     45     26
   560 | 2013-08-24 |   20 |     20     10     10     13     25     13     15
   560 | 2013-08-24 |   23 |      1      6      5      8     15      2     19
   560 | 2013-08-24 |   29 |      2     20     17     27      4     15     34
   560 | 2013-08-24 |   45 |     43     28     43      7     43     17     14
   559 | 2013-08-17 |   11 |     25     33     10     30     31     21     32
   559 | 2013-08-17 |   12 |     18      5     32      1     22     40     44
   559 | 2013-08-17 |   25 |     41     36     14     35     42     26     25
   559 | 2013-08-17 |   32 |     34     31      2     26     21     25      6
   559 | 2013-08-17 |   44 |     23     11     31     14      9      2      8
   559 | 2013-08-17 |   45 |     45     45     45     40     40     16     11
   558 | 2013-08-10 |   12 |      2     38     30     42     32     39     37
   558 | 2013-08-10 |   15 |     25     35     22     22     38     28     34
   558 | 2013-08-10 |   19 |     11     16      9     18      3     16     20
   558 | 2013-08-10 |   26 |     16      9      8      3     11      6     39
   558 | 2013-08-10 |   40 |     38     24     26      6     19     32     12
   558 | 2013-08-10 |   43 |      1     39     41     36     44     26      9
   557 | 2013-08-03 |    4 |     27      4     18     34      8     37     26
   557 | 2013-08-03 |   20 |     10      8     10      4     25     20     20
   557 | 2013-08-03 |   26 |     21      7     18     30     12     15     16
   557 | 2013-08-03 |   28 |     18     15     23      2     22     13     38
   557 | 2013-08-03 |   35 |     26     33     33     28     32     16      7
   557 | 2013-08-03 |   40 |     31     11     28     28     30     30      1
   556 | 2013-07-27 |   12 |      3     22     27     40     21     43     35
   556 | 2013-07-27 |   20 |     13      7      8     28     17     30     15
   556 | 2013-07-27 |   23 |      5      8      7     14     16      4     18
   556 | 2013-07-27 |   28 |     17     15     20     32     24      7     25
   556 | 2013-07-27 |   30 |      6      6     18      9      7      2     32
   556 | 2013-07-27 |   44 |     37     16     37     18     20     22      9
   555 | 2013-07-20 |   11 |     14     37     12     17     31     32     32
   555 | 2013-07-20 |   17 |     10     20     16      3     20      8     44
   555 | 2013-07-20 |   21 |     17     17     10     21     27     21     24
   555 | 2013-07-20 |   24 |      8     11     20     14     13     10     18
   555 | 2013-07-20 |   26 |     26     18     40     16     17     14     17
   555 | 2013-07-20 |   36 |     35      9     42     30     15      5      5
   554 | 2013-07-13 |   13 |     42     20      2     38     42     41     34
   554 | 2013-07-13 |   14 |     16     21     37     39     18     34     27
   554 | 2013-07-13 |   17 |     20     36     21      4     28     24     37
   554 | 2013-07-13 |   32 |     19     14     12     12     17     12      8
   554 | 2013-07-13 |   41 |     41      5     34     16     22     25      1
   554 | 2013-07-13 |   42 |     37     32     24     18     20     20      4
   553 | 2013-07-06 |    2 |      4      2      4      7      5      1     35
   553 | 2013-07-06 |    7 |     26     30     38     38     36     40     39
   553 | 2013-07-06 |   17 |     36     31     23     12     28     16     28
   553 | 2013-07-06 |   28 |     10     15     10     11      9      4     31
   553 | 2013-07-06 |   29 |     29     20     17     19      4     28     33
   553 | 2013-07-06 |   39 |     44     21     42     33      2     18      9
   552 | 2013-06-29 |    1 |     40     42     25     38     16     40     32
   552 | 2013-06-29 |   10 |     12     38     34     40      2     37     42
   552 | 2013-06-29 |   20 |     13     28     13      5      4     24     23
   552 | 2013-06-29 |   32 |     25     29     20     22     42     16      7
   552 | 2013-06-29 |   35 |     26     12     14     12     10     12      8
   552 | 2013-06-29 |   40 |     38      3     26     37      1     26      1
   551 | 2013-06-22 |    3 |     32     42     28     45     28     44     40
   551 | 2013-06-22 |    6 |     33     44     44     43     40     45     25
   551 | 2013-06-22 |   20 |     10     18     20      1      4     36     30
   551 | 2013-06-22 |   24 |     16     32     40     22     41     29     18
   551 | 2013-06-22 |   27 |     25     20     38     15     24     14     30
   551 | 2013-06-22 |   44 |     40     22     31     16     42     12      8
   550 | 2013-06-15 |    1 |     36     44     26     16     21     44     39
   550 | 2013-06-15 |    7 |     28     33     12     22     11     43     40
   550 | 2013-06-15 |   14 |      2     38     40     24     42     30     29
   550 | 2013-06-15 |   20 |      4     16      5      7      3      1     15
   550 | 2013-06-15 |   34 |      8      4     42     39     20     34      3
   550 | 2013-06-15 |   37 |     12      7     17     40     18      7     11
   549 | 2013-06-08 |   29 |     34     20     25     27     32     28     34
   549 | 2013-06-08 |   31 |     11     22      2     24      9     12     45
   549 | 2013-06-08 |   35 |     20     18     24     36     22     16      6
   549 | 2013-06-08 |   38 |     18     30      9      8     20      7      8
   549 | 2013-06-08 |   40 |     24      2      7      9      2      4      3
   549 | 2013-06-08 |   44 |     35     43     42     34     45     26      9
   548 | 2013-06-01 |    1 |     22     25     18     33     13     45     34
   548 | 2013-06-01 |   12 |     36     42     33     36     39     37     36
   548 | 2013-06-01 |   13 |     26     35     26     38     17     38     31
   548 | 2013-06-01 |   21 |      8     13     10     11     12     10     23
   548 | 2013-06-01 |   32 |     39     17     45     24     40     24      7
   548 | 2013-06-01 |   45 |      4      2     44     37     14     19     11
   547 | 2013-05-25 |    6 |      2     43     44     32     39     41     23
   547 | 2013-05-25 |    7 |     33     38      5     20      7     26     37
   547 | 2013-05-25 |   15 |     32     26     20     37     13     28     28
   547 | 2013-05-25 |   22 |     30     30     34     36     37     33     21
   547 | 2013-05-25 |   34 |     22     18     26     13     26      8      4
   547 | 2013-05-25 |   39 |     13     15     37     24     36     20     11
   546 | 2013-05-18 |    8 |     42     42     42     28     43     36     21
   546 | 2013-05-18 |   17 |     24     34     11     28     18     22     24
   546 | 2013-05-18 |   20 |     33     30     37     15      3     10     15
   546 | 2013-05-18 |   27 |      6      5      8      2     15     28     44
   546 | 2013-05-18 |   37 |     10     10     25     24     14     13     12
   546 | 2013-05-18 |   43 |     19     13     34     36     35     24      9
   545 | 2013-05-11 |    4 |     32      2     10     16     31     30     24
   545 | 2013-05-11 |   24 |     39     32     25     38     38     16     19
   545 | 2013-05-11 |   25 |     16     22     29      2     22     19     43
   545 | 2013-05-11 |   27 |     14     12     42     30     20     10     27
   545 | 2013-05-11 |   34 |      3     20      8     21     38     26      4
   545 | 2013-05-11 |   35 |     20     10     19     39     23      9      5
   544 | 2013-05-04 |    5 |     28     42     41     34     33     32     43
   544 | 2013-05-04 |   17 |     10      8      3     16     11     19     23
   544 | 2013-05-04 |   21 |      6      6     20      9      7      2     22
   544 | 2013-05-04 |   25 |      5      5      7      8      5      1     24
   544 | 2013-05-04 |   36 |     40     28     13     30     43     10      5
   544 | 2013-05-04 |   44 |     45     33     31      6     45     34     14
   543 | 2013-04-27 |   13 |     30     17     20     24      9     40     30
   543 | 2013-04-27 |   18 |     13     32      2     21     32     20     16
   543 | 2013-04-27 |   26 |     10     12      8      1     22      4     39
   543 | 2013-04-27 |   31 |     41      3     16     28     24     36     45
   543 | 2013-04-27 |   34 |      2     30     32     41     42     26      3
   543 | 2013-04-27 |   44 |     45     27     37     33     41     18     10
   542 | 2013-04-20 |    5 |     17     43     41     25     13     40     41
   542 | 2013-04-20 |    6 |      9      8      7     16     16     22     23
   542 | 2013-04-20 |   19 |      7      9     22      9      7      6     20
   542 | 2013-04-20 |   26 |      3     16     12      4     36      8     30
   542 | 2013-04-20 |   41 |     28      7     13     22     18     28      1
   542 | 2013-04-20 |   45 |     43     16     38     29     32     11     12
   541 | 2013-04-13 |    8 |      5     18      5      9      8      6     21
   541 | 2013-04-13 |   13 |     42     34     30      5     14     32     41
   541 | 2013-04-13 |   26 |      1     26      8     14     32     29     17
   541 | 2013-04-13 |   28 |     17      2     11     10     26      4     32
   541 | 2013-04-13 |   32 |     16     19      8     18     21      5      6
   541 | 2013-04-13 |   34 |     28     28     14      6     41     20     12
   540 | 2013-04-06 |    3 |     40     44     43      2     25     43     44
   540 | 2013-04-06 |   12 |      3     36     17     22     39     38     39
   540 | 2013-04-06 |   13 |     10     18      5      9      5      4     31
   540 | 2013-04-06 |   15 |     32     24     41     34     19     26     32
   540 | 2013-04-06 |   34 |     27     29     28     40     35     28      4
   540 | 2013-04-06 |   36 |     20     20     12     32      2     10      5
   539 | 2013-03-30 |    3 |     10     43     10     12      9     20     41
   539 | 2013-03-30 |   19 |      7      1     12     11      8      9     21
   539 | 2013-03-30 |   22 |     14     13     14     18     40     34     22
   539 | 2013-03-30 |   31 |     22     20     26      2     17     16     45
   539 | 2013-03-30 |   42 |     40     36     26     44     42     18      4
   539 | 2013-03-30 |   43 |     30     18     44     27     29     26      9
   538 | 2013-03-23 |    6 |     12     18      5      9      1      6     25
   538 | 2013-03-23 |   10 |     45     22     19     37     40     41     40
   538 | 2013-03-23 |   18 |     20     34     26     19     30     14     16
   538 | 2013-03-23 |   31 |     28     20     27     31     24     20     45
   538 | 2013-03-23 |   32 |     19     12     10     18     25      8      7
   538 | 2013-03-23 |   34 |      1      8      4     16     16      5      4
   537 | 2013-03-16 |   12 |      1     36     32     34     42     39     39
   537 | 2013-03-16 |   23 |     11     14      3     20     10      9     17
   537 | 2013-03-16 |   26 |     20     37     22     22      4     22     16
   537 | 2013-03-16 |   30 |     39     18     21     24     40     18     36
   537 | 2013-03-16 |   36 |     34     13     13     25      2     12      6
   537 | 2013-03-16 |   43 |     31     28     44      4     20     12     12
   536 | 2013-03-09 |    7 |     26     40     44     44     42     43     37
   536 | 2013-03-09 |    8 |     24     34     14     33     45     34     22
   536 | 2013-03-09 |   18 |     25     42     22      5     25     32     35
   536 | 2013-03-09 |   32 |      1     13     19     34     36     18      8
   536 | 2013-03-09 |   37 |     32     22     36     30     12     17     13
   536 | 2013-03-09 |   43 |     43     41     42     32     26     28      9
   535 | 2013-03-02 |   11 |     28     34     31     32     15     37     35
   535 | 2013-03-02 |   12 |     18      7     16     22     25     26     26
   535 | 2013-03-02 |   14 |     22     14      8     13     30     12     24
   535 | 2013-03-02 |   15 |     36     39     28     30     28     38     33
   535 | 2013-03-02 |   18 |     19     41     15     36     39     24     16
   535 | 2013-03-02 |   39 |     31     30     41     24     29     20     13
   534 | 2013-02-23 |   10 |      5      4      4     11     10      3     38
   534 | 2013-02-23 |   24 |     22     17     33      8     41      9     20
   534 | 2013-02-23 |   26 |      9     10     32     18      4     13     18
   534 | 2013-02-23 |   29 |     32     38     18     39     15     29     32
   534 | 2013-02-23 |   37 |     36     38     42     35     20     22     14
   534 | 2013-02-23 |   38 |     10      7      1     11     28      5      8
   533 | 2013-02-16 |    9 |     42     45     21     33     32     43     34
   533 | 2013-02-16 |   14 |     28     19     28     18     42     32     25
   533 | 2013-02-16 |   15 |     32     24     13     44     22     28     34
   533 | 2013-02-16 |   17 |     24     38      6      5     24     37     37
   533 | 2013-02-16 |   31 |     35     38     35     38     16     36     45
   533 | 2013-02-16 |   33 |     40     26     34     37     17     22      3
   532 | 2013-02-09 |   16 |     30     25     18     18      4     31     20
   532 | 2013-02-09 |   17 |     31     45     20     41     16     24     24
   532 | 2013-02-09 |   23 |     13     20      4     15      6      2     18
   532 | 2013-02-09 |   24 |     16      2     13     12     18      7     19
   532 | 2013-02-09 |   29 |     19     28      9     29     13     15     33
   532 | 2013-02-09 |   44 |     45     18     44     25     42     18      8
   531 | 2013-02-02 |    1 |     30     44     36     26     16     45     32
   531 | 2013-02-02 |    5 |     29     29     31     19     13     36     41
   531 | 2013-02-02 |    9 |     34     36     29     30     18     38     29
   531 | 2013-02-02 |   21 |      5     18      6     10      6      2     20
   531 | 2013-02-02 |   27 |     13      7     43      5      8     40     44
   531 | 2013-02-02 |   35 |     38     32     15     37     14     20      3
   530 | 2013-01-26 |   16 |      5      6      6      8      3      2     17
   530 | 2013-01-26 |   23 |      6      9      1     34      9     35     16
   530 | 2013-01-26 |   27 |      7     27     17      2     11      8     44
   530 | 2013-01-26 |   29 |     12     23      8     28      7     29     29
   530 | 2013-01-26 |   33 |     28     24     26     28     13      8      4
   530 | 2013-01-26 |   41 |     44     44     44     44     44     44      1
   529 | 2013-01-19 |   18 |     12     42      9     10     29      7     16
   529 | 2013-01-19 |   20 |     15     41     13     16     32     14     15
   529 | 2013-01-19 |   24 |      8      1      5      9     18      2     18
   529 | 2013-01-19 |   27 |     11     36     32     25     33     30     32
   529 | 2013-01-19 |   31 |      3      4      6      1      6      3     45
   529 | 2013-01-19 |   42 |     44     44     45     44     44     44      4
   528 | 2013-01-12 |    5 |      6     16      4     16     10     32     41
   528 | 2013-01-12 |   17 |      8     26     15     12      7     26     27
   528 | 2013-01-12 |   25 |     26     10     28     31      9     30     30
   528 | 2013-01-12 |   31 |      1     23     21     41     22     15     45
   528 | 2013-01-12 |   39 |     36      8     16     24     14      6      9
   528 | 2013-01-12 |   40 |     31      4      7     16      1      4      2
   527 | 2013-01-05 |    1 |     30     40     39     38     19     40     35
   527 | 2013-01-05 |   12 |     19     16      1     16     39     20     38
   527 | 2013-01-05 |   22 |      2      6     25     24     24     33     23
   527 | 2013-01-05 |   32 |     28     26     22     18     29     13      6
   527 | 2013-01-05 |   33 |     41     18     26     35     17     22      3
   527 | 2013-01-05 |   42 |     12     12     12     14     23      5      5
   526 | 2012-12-29 |    7 |      3     40     23     26     18     40     38
   526 | 2012-12-29 |   14 |     31     19     25     17     34     30     29
   526 | 2012-12-29 |   17 |      4      2      4      7      5      1     24
   526 | 2012-12-29 |   20 |     24     34     13     11      3     16     15
   526 | 2012-12-29 |   35 |     20     36     15     38     16     15      6
   526 | 2012-12-29 |   39 |     17     26     10      5     24     17     14
   525 | 2012-12-22 |   11 |      3     40     44      4     13     26     43
   525 | 2012-12-22 |   23 |     30     36      3     18     12      9     18
   525 | 2012-12-22 |   26 |     19     24     41     23      4     16     16
   525 | 2012-12-22 |   29 |     39     45     37      3     21     22     42
   525 | 2012-12-22 |   39 |     11      4     36     29      9     38     11
   525 | 2012-12-22 |   44 |     18     22     32     44     41     20      6
   524 | 2012-12-15 |   10 |      4      1      4      7      5      1     40
   524 | 2012-12-15 |   11 |      2     43     38     38     36     32     36
   524 | 2012-12-15 |   29 |     38     37     28     22      4     16     32
   524 | 2012-12-15 |   38 |     44     44     44      6     44     44     12
   524 | 2012-12-15 |   41 |     44     44     44     45     44     44      1
   524 | 2012-12-15 |   45 |     27     26     40      5     42     17     14
   523 | 2012-12-08 |    1 |      3     43     26     44     42     38     30
   523 | 2012-12-08 |    4 |     36     32     42      1     22     40     41
   523 | 2012-12-08 |   37 |     27      9     18      3     37     24     14
   523 | 2012-12-08 |   38 |      7     24     36     43     17     34      8
   523 | 2012-12-08 |   40 |     10     11     20     27     18     19      1
   523 | 2012-12-08 |   45 |      6      5      5      8     14      2     12
   522 | 2012-12-01 |    4 |     41     34     42     42     26     44     25
   522 | 2012-12-01 |    5 |     45     45      3     45     39     42     41
   522 | 2012-12-01 |   13 |     39     18     40     20     25     31     34
   522 | 2012-12-01 |   14 |     20     15     29     16     14     30     26
   522 | 2012-12-01 |   37 |     32     19     22     36     40     17     12
   522 | 2012-12-01 |   41 |     28     30     25     40     43     28      1
   521 | 2012-11-24 |    3 |      2      7      5      8     18     10     41
   521 | 2012-11-24 |    7 |     41     34     30     20     36     37     37
   521 | 2012-11-24 |   18 |      4      1      4      7      5      1     16
   521 | 2012-11-24 |   29 |     29     33     33     39      4     23     30
   521 | 2012-11-24 |   32 |     15     10     24     28     14      8      6
   521 | 2012-11-24 |   36 |     10     28     24     31      7     12      5
   520 | 2012-11-17 |    4 |     41      8     42     43     22     31     25
   520 | 2012-11-17 |   22 |     16      7      3     26      9     32     22
   520 | 2012-11-17 |   27 |     18     34     36     27     42     24     29
   520 | 2012-11-17 |   28 |     25     19     34     36     22     14     28
   520 | 2012-11-17 |   38 |     23     22     13     22     20     36     10
   520 | 2012-11-17 |   40 |     44     44     44     44     44     44      2
   519 | 2012-11-10 |    6 |      3     24     28     33     29     42     24
   519 | 2012-11-10 |    8 |     42     40     33     36      1     40     20
   519 | 2012-11-10 |   13 |     22     20     15     29     14     33     31
   519 | 2012-11-10 |   16 |      6      1      4      7      5      1     19
   519 | 2012-11-10 |   30 |      1     32     16      4     38     12     43
   519 | 2012-11-10 |   43 |     44     44     44     44     44     44      8
   518 | 2012-11-03 |   14 |     34     34     18     22     36     18     27
   518 | 2012-11-03 |   23 |     16     29     22     21     16     17     18
   518 | 2012-11-03 |   30 |      1     22     19     31     36     22     37
   518 | 2012-11-03 |   32 |     32     28     34     32     41     26      6
   518 | 2012-11-03 |   34 |     29     12     24     19     33      9      3
   518 | 2012-11-03 |   38 |     26      7     30     36      1     24      7
   517 | 2012-10-27 |    1 |     29     17     15     39     24     42     35
   517 | 2012-10-27 |    9 |      3     15     14     20     18     29     34
   517 | 2012-10-27 |   12 |     30     20     26     20     26     26     38
   517 | 2012-10-27 |   28 |      7     11      9      9      4      2     29
   517 | 2012-10-27 |   36 |     20      4     40     37     28     28      6
   517 | 2012-10-27 |   41 |     14     39     35      2     23     16     10
   516 | 2012-10-20 |    2 |     28      7      5      1     19     10     42
   516 | 2012-10-20 |    8 |      2      4     26     21      2     35     21
   516 | 2012-10-20 |   23 |      7      6     10      4      7      9     33
   516 | 2012-10-20 |   41 |      6     12     21     23     13      6      1
   516 | 2012-10-20 |   43 |     44     44     44     44     44     44     10
   516 | 2012-10-20 |   44 |      8     22     34     13     31     21     10
   515 | 2012-10-13 |    2 |     24      1      4      8      6      3     34
   515 | 2012-10-13 |   11 |     32     15      6      9      7     15     32
   515 | 2012-10-13 |   12 |      1     38     37     39     36     32     38
   515 | 2012-10-13 |   15 |     35      7     33      4     10     37     43
   515 | 2012-10-13 |   23 |     25     19     21     15     13      9     16
   515 | 2012-10-13 |   37 |      4      5      5      6      5      1     12
   514 | 2012-10-06 |    1 |      2     44     36     43     31     43     32
   514 | 2012-10-06 |   15 |      7     12      6     16      6      5     30
   514 | 2012-10-06 |   20 |     39     36      1     33     37     28     15
   514 | 2012-10-06 |   26 |     15     39     37     20     40     26     16
   514 | 2012-10-06 |   35 |     25      9     31     26     11     19      5
   514 | 2012-10-06 |   42 |     18     33     44     23     44     10      4
   513 | 2012-09-29 |    5 |     43     43     40      6     19     41     44
   513 | 2012-09-29 |    8 |     15     38     22     28      1     32     20
   513 | 2012-09-29 |   21 |      4      6      6      7      5      1     23
   513 | 2012-09-29 |   23 |     13      6     14     32     10     25     17
   513 | 2012-09-29 |   27 |     34     24     28      3     18     24     42
   513 | 2012-09-29 |   33 |     23      8     13     26     16     20      2
   512 | 2012-09-22 |    4 |     34     44      2     44     43     43     26
   512 | 2012-09-22 |    5 |     10     35     38     42     26     40     41
   512 | 2012-09-22 |    9 |      6     18     16     16      9     32     28
   512 | 2012-09-22 |   13 |     13     22     22     30     16     24     35
   512 | 2012-09-22 |   26 |     28     38     43      5     33     32     37
   512 | 2012-09-22 |   27 |     28     24     35     40     13     28     30
   511 | 2012-09-15 |    3 |      7     28     22     20      9     38     42
   511 | 2012-09-15 |    7 |     15     40     38     26     27     38     38
   511 | 2012-09-15 |   14 |     18     32     30     17     32     29     29
   511 | 2012-09-15 |   23 |     22      9     20     22     20     22     18
   511 | 2012-09-15 |   26 |     34     38     37     20     37     23     16
   511 | 2012-09-15 |   42 |      2     30     32     39     38     10      4
   510 | 2012-09-08 |   12 |     24     28     37      1     38     31     44
   510 | 2012-09-08 |   29 |     28     36     16      4     29     23     42
   510 | 2012-09-08 |   32 |     24     26     40     34     33     16      6
   510 | 2012-09-08 |   33 |     22      9     13     23     20     11      2
   510 | 2012-09-08 |   39 |     40     39     26     40     31     28      9
   510 | 2012-09-08 |   40 |     13      7     15     19     28      3      3
   509 | 2012-09-01 |   12 |     17     29     39     18     35     27     40
   509 | 2012-09-01 |   25 |     28     26     23     41     18     15     25
   509 | 2012-09-01 |   29 |     22     40     28     38     22     22     33
   509 | 2012-09-01 |   35 |     26     20     30      7     29     32     11
   509 | 2012-09-01 |   42 |     42     22     44     35     45     26      4
   509 | 2012-09-01 |   43 |     45     34     24      6     26     23     14
   508 | 2012-08-25 |    5 |     35     30     43     41     43     42     42
   508 | 2012-08-25 |   27 |      8      8      3     13     26      5     33
   508 | 2012-08-25 |   31 |      2     18     20     36     44     28     45
   508 | 2012-08-25 |   34 |     34     18     31     40     21     26      1
   508 | 2012-08-25 |   35 |     28     36     11     38     38     23      3
   508 | 2012-08-25 |   43 |     36     29     14     43     41     30      7
   507 | 2012-08-18 |   12 |     28      5     41     40     10     40     35
   507 | 2012-08-18 |   13 |     21     14     34     33     36     33     37
   507 | 2012-08-18 |   32 |     41     14     23     34      7      6      7
   507 | 2012-08-18 |   33 |     40     22     17     13     40     10      2
   507 | 2012-08-18 |   40 |      3     40     33     24     26     44      2
   507 | 2012-08-18 |   41 |     42     22     20     19     43     24      1
   506 | 2012-08-11 |    6 |     17     32     44     34     16     42     25
   506 | 2012-08-11 |    9 |      4      1      5      7      1      1     34
   506 | 2012-08-11 |   11 |      7      3     24     12     11      9     35
   506 | 2012-08-11 |   22 |     13     16     13      3      8      5     39
   506 | 2012-08-11 |   24 |     22     14     26     14     15     10     18
   506 | 2012-08-11 |   30 |     33     24     32     40     24     14     36
   505 | 2012-08-04 |    7 |     11     42     42     34     41     43     36
   505 | 2012-08-04 |   20 |     14     13      1     16     11     10     15
   505 | 2012-08-04 |   22 |     10      7     18      3      8      5     39
   505 | 2012-08-04 |   25 |     37     40     32     30     40     14     24
   505 | 2012-08-04 |   38 |     34     11     15     32     21     32      9
   505 | 2012-08-04 |   40 |      2     24     39     44     34     27      1
   504 | 2012-07-28 |    6 |     32     26     42     18     12     18     26
   504 | 2012-07-28 |   14 |     42      6     40     41      9     42     30
   504 | 2012-07-28 |   22 |     44      8     30     27     18     38     22
   504 | 2012-07-28 |   26 |      2     11     15     21     10      3     17
   504 | 2012-07-28 |   43 |     25     27     14     43     45     20      8
   504 | 2012-07-28 |   44 |     44     22     30     25     28     24     10
   503 | 2012-07-21 |    1 |     44     45     43     36     38     44     34
   503 | 2012-07-21 |    5 |     36     37     28     28     32     38     43
   503 | 2012-07-21 |   27 |     24     33      8     20     36     12     36
   503 | 2012-07-21 |   30 |     40     19     40     43     27     16     30
   503 | 2012-07-21 |   34 |     32     25     35      7     20     22     12
   503 | 2012-07-21 |   36 |     41     36      2     42     28     24      4
   502 | 2012-07-14 |    6 |      4      1      5      7      5      2     25
   502 | 2012-07-14 |   22 |      7     19      3     12     11      8     24
   502 | 2012-07-14 |   28 |     15      8     16     10     12     16     28
   502 | 2012-07-14 |   32 |     42     27     29     40     22     37      6
   502 | 2012-07-14 |   34 |     32     11     25     35     18     12      3
   502 | 2012-07-14 |   40 |     43     20     27     19     35     22      2
   501 | 2012-07-07 |    1 |     32     42     44     41     29     42     34
   501 | 2012-07-07 |    4 |     16     39     43      6     38     41     40
   501 | 2012-07-07 |   10 |      9     36     33     30     26     15     40
   501 | 2012-07-07 |   17 |     20     29     14     19     25     18     24
   501 | 2012-07-07 |   31 |     30     20     17     20     19     28     45
   501 | 2012-07-07 |   42 |     45     32     32     33     36     35      4
   500 | 2012-06-30 |    3 |      2     41     41     41     16     44     42
   500 | 2012-06-30 |    4 |     26     38     43     43     42     38     23
   500 | 2012-06-30 |   12 |     14     36     29     13     37     18     40
   500 | 2012-06-30 |   20 |      8     13     31      3     32     10     29
   500 | 2012-06-30 |   24 |      9     10     18     14     24      9     17
   500 | 2012-06-30 |   34 |     14     11     25     16     24     16      3
   499 | 2012-06-23 |    5 |     42     43     42     33     38     39     40
   499 | 2012-06-23 |   20 |     22     33     36     34     40     34     15
   499 | 2012-06-23 |   23 |     38     30     30     35     32     31     18
   499 | 2012-06-23 |   27 |     25     22      6     13     11      6     29
   499 | 2012-06-23 |   35 |     32     18     12     36     22     30      5
   499 | 2012-06-23 |   40 |     12     10     15     44     34     19      1
   498 | 2012-06-16 |   13 |      3     34     35     32     28     34     34
   498 | 2012-06-16 |   14 |     10     20      5      7     14      4     24
   498 | 2012-06-16 |   24 |      7     17     25      2     36     28     37
   498 | 2012-06-16 |   32 |     11      5     22     40     16     22      8
   498 | 2012-06-16 |   39 |      1      9     14     15     13      6     10
   498 | 2012-06-16 |   41 |     17     12     10     23      8      5      1
   497 | 2012-06-09 |   19 |     13      5     43     43      7     39     19
   497 | 2012-06-09 |   20 |     17     20     16      3     30     12     32
   497 | 2012-06-09 |   23 |     18     24     39     16     20      6     17
   497 | 2012-06-09 |   24 |     24     26     31     22     32     29     18
   497 | 2012-06-09 |   43 |     34     27     30     35     20     31      9
   497 | 2012-06-09 |   44 |     38     21     27     34     40     32      7
   496 | 2012-06-02 |    4 |     29     30     29      2     42     42     41
   496 | 2012-06-02 |   13 |     37     40     34      4     24     36     43
   496 | 2012-06-02 |   20 |     28     29     20     34     20     16     15
   496 | 2012-06-02 |   29 |     33     24     38     28     10      7     29
   496 | 2012-06-02 |   36 |     24     14      6     21      2     11      7
   496 | 2012-06-02 |   41 |      7      9     12     20      9     28      1
   495 | 2012-05-26 |    4 |     16     36     24     34      2     28     25
   495 | 2012-05-26 |   13 |      8     20      8     22     11      7     36
   495 | 2012-05-26 |   22 |      2     18     38     16     36     11     24
   495 | 2012-05-26 |   27 |     18     17     32     24     12      8     30
   495 | 2012-05-26 |   34 |      7      5      6      8      2      3      4
   495 | 2012-05-26 |   44 |     38     26     12     30      5     27     10
   494 | 2012-05-19 |    5 |     14     42     41     10     22     36     44
   494 | 2012-05-19 |    7 |      5     34     12      8      9      4     37
   494 | 2012-05-19 |    8 |     24     40     31     15     34     38     18
   494 | 2012-05-19 |   15 |     26     38     39     13     27     28     30
   494 | 2012-05-19 |   30 |     37     23     28     33     39     14     35
   494 | 2012-05-19 |   43 |     44     29     36     42     26     30      9
   493 | 2012-05-12 |   20 |     14     17      9     20     29      8     15
   493 | 2012-05-12 |   22 |     23     26     37      1     39     25     43
   493 | 2012-05-12 |   26 |     19     13     12     17      3     18     18
   493 | 2012-05-12 |   33 |     20     28     26     42     20     30      2
   493 | 2012-05-12 |   36 |     30     10      8     35      1     29      5
   493 | 2012-05-12 |   37 |     44     44     44      9     44     44     14
   492 | 2012-05-05 |   22 |     15     12     12     20     23     12     23
   492 | 2012-05-05 |   27 |      9      8     26     10     12      6     31
   492 | 2012-05-05 |   31 |     24     32     30     42     30     18     45
   492 | 2012-05-05 |   35 |     16     20     32      4     19     30     11
   492 | 2012-05-05 |   37 |     20     18     24     30     16     19     10
   492 | 2012-05-05 |   40 |     40     32     30     35     44     24      2
   491 | 2012-04-28 |    8 |     14     20     31     28     40     31     22
   491 | 2012-04-28 |   17 |     22     14     43     23     13     15     27
   491 | 2012-04-28 |   35 |     37     32     22     20     30     36      5
   491 | 2012-04-28 |   36 |     24     28     13     16     35     17      8
   491 | 2012-04-28 |   39 |     42     33     26     35     16     35     10
   491 | 2012-04-28 |   42 |      1      1      5     11     11      3      4
   490 | 2012-04-21 |    2 |     31     42     40      3     44     40     39
   490 | 2012-04-21 |    7 |      6      2      4      9      6      1     38
   490 | 2012-04-21 |   26 |     27     18     39     30     33     17     16
   490 | 2012-04-21 |   29 |     32     17      1     24      7     11     31
   490 | 2012-04-21 |   40 |     16     12     36     16     38     25      2
   490 | 2012-04-21 |   43 |     27     36     38     18     33     12     11
   489 | 2012-04-14 |    2 |     22     38     37      2     41     42     44
   489 | 2012-04-14 |    4 |     16     36     30     40     37     38     25
   489 | 2012-04-14 |    8 |     10     35     25      5     36     37     35
   489 | 2012-04-14 |   15 |     39     37     34     36     15     33     33
   489 | 2012-04-14 |   20 |     26     17     28     19      4     20     15
   489 | 2012-04-14 |   27 |     41     30     38     26     22     24     31
   488 | 2012-04-07 |    2 |      6     36     20     16     28     35     36
   488 | 2012-04-07 |    8 |      9     26     13      3     27     28     41
   488 | 2012-04-07 |   17 |     28     24     36     31     12     32     24
   488 | 2012-04-07 |   30 |     34     23     34     17      4     29     35
   488 | 2012-04-07 |   31 |     32     32     18     36     35     26     45
   488 | 2012-04-07 |   38 |     21      8      8     20     36     18      9
   487 | 2012-03-31 |    4 |     34     42     30     44     44     40     25
   487 | 2012-03-31 |    8 |     32     40     36     38     42     41     22
   487 | 2012-03-31 |   25 |     12      6     18      2     34     38     42
   487 | 2012-03-31 |   27 |     24     19     32     14     10     17     28
   487 | 2012-03-31 |   37 |     38     26      2     34     16     24     11
   487 | 2012-03-31 |   41 |     45     34     44     44     29     39      1
   486 | 2012-03-24 |    1 |     45     45     44     44     31     45     33
   486 | 2012-03-24 |    2 |     36     30     11     12     20     28     35
   486 | 2012-03-24 |   23 |     22     22     27     15     12      6     19
   486 | 2012-03-24 |   25 |     11     25     15     25      8      2     23
   486 | 2012-03-24 |   38 |     16     10     23     28     40     15      9
   486 | 2012-03-24 |   40 |      8     15     28     18      2     32      2
   485 | 2012-03-17 |   17 |     30     24     15     32     14     19     25
   485 | 2012-03-17 |   22 |      4      4      7     12     23     37     23
   485 | 2012-03-17 |   26 |      5      2      6     11      3      4     17
   485 | 2012-03-17 |   27 |     27     22     16      4     15      9     42
   485 | 2012-03-17 |   36 |     13     14     26     20      2     34      6
   485 | 2012-03-17 |   39 |     36     12     28     25     12     22     11
   484 | 2012-03-10 |    1 |     38     44     44     43     45     44     34
   484 | 2012-03-10 |    3 |     44     45     45     39     44     45     41
   484 | 2012-03-10 |   27 |      7     10      4      8      3      2     30
   484 | 2012-03-10 |   28 |     12     14     14      6     16      9     42
   484 | 2012-03-10 |   32 |     22      9     13     20      7     33      7
   484 | 2012-03-10 |   45 |     31     29     33     28     43     14     12
   483 | 2012-03-03 |   12 |     12     18     33     34     26     31     38
   483 | 2012-03-03 |   15 |     35     41     43     43     37     36     29
   483 | 2012-03-03 |   19 |     10      1     14     11      5      3     21
   483 | 2012-03-03 |   22 |     24     12      8     23     14     11     22
   483 | 2012-03-03 |   28 |      8      3      4      8      6      2     26
   483 | 2012-03-03 |   34 |     32     23     26     30     23     13      4
   482 | 2012-02-25 |    1 |     34     45     45     45     42     45     35
   482 | 2012-02-25 |   10 |     42     28     25     34     32     41     40
   482 | 2012-02-25 |   16 |      1     20     21     22      4     33     19
   482 | 2012-02-25 |   24 |      3     10      8     11     29      5     17
   482 | 2012-02-25 |   25 |     17     19     16     26     16     38     25
   482 | 2012-02-25 |   35 |     20     13     36     40     22     32      4
   481 | 2012-02-18 |    3 |     15     37     36      1     11     32     42
   481 | 2012-02-18 |    4 |     42      6     27     42     45     45     29
   481 | 2012-02-18 |   23 |     24     26     23     28     10     38     17
   481 | 2012-02-18 |   29 |     23     41     35     36     15     32     33
   481 | 2012-02-18 |   40 |     16      5      8     14     33     20      3
   481 | 2012-02-18 |   41 |     14     35     36     22     22     26      2
   480 | 2012-02-11 |    3 |     18     17     28     19     13     41     41
   480 | 2012-02-11 |    5 |      4      1      2      7      5      1     40
   480 | 2012-02-11 |   10 |     26     35     20     34      1     38     39
   480 | 2012-02-11 |   17 |      8     28     25      9     10     15     25
   480 | 2012-02-11 |   30 |     31     14     41     30      4      7     32
   480 | 2012-02-11 |   31 |     10     26      1     19     21     18     45
   479 | 2012-02-04 |    8 |      1     24      3     13     29     39     23
   479 | 2012-02-04 |   23 |     18     31     26     24     34     21     17
   479 | 2012-02-04 |   25 |     14     33     13     22     38      6     24
   479 | 2012-02-04 |   27 |      3      8      4      8      4      1     30
   479 | 2012-02-04 |   35 |      6      4      9     34     10     13      7
   479 | 2012-02-04 |   44 |     40     25     34     44     27     11     10
   478 | 2012-01-28 |   18 |     14     28     32     14     14     28     16
   478 | 2012-01-28 |   29 |     29     20      8      4     21      4     43
   478 | 2012-01-28 |   30 |      5      4     38     33      5     30     35
   478 | 2012-01-28 |   37 |      2     30     12     43      2     26     11
   478 | 2012-01-28 |   39 |     42     19     22     31     31     34     10
   478 | 2012-01-28 |   43 |     45     41     24     45     44     29      9
   477 | 2012-01-21 |   14 |     16     29     30     40     24     28     30
   477 | 2012-01-21 |   25 |     34     24     16     27      4     13     28
   477 | 2012-01-21 |   29 |     41     39     21     30     37     20     33
   477 | 2012-01-21 |   32 |     22     22     40     22     28     17      8
   477 | 2012-01-21 |   33 |     38     27     36     29     38     24      3
   477 | 2012-01-21 |   45 |     44     20     44     41      5     23     12
   476 | 2012-01-14 |    9 |     37     43     36      6     42     39     40
   476 | 2012-01-14 |   12 |     30     22     26     34     22     33     37
   476 | 2012-01-14 |   13 |     23     14     36     43     28     35     35
   476 | 2012-01-14 |   15 |     34     30     22     41      3     28     30
   476 | 2012-01-14 |   37 |     24     32      3     14     40     11     14
   476 | 2012-01-14 |   38 |     28     17     30     23     10     18      9
   475 | 2012-01-07 |    1 |     12     45     42     45     43     45     33
   475 | 2012-01-07 |    9 |     11     18     35     42      1     40     28
   475 | 2012-01-07 |   14 |     23     32     20     23     13     24     27
   475 | 2012-01-07 |   16 |     16     23     26     20     18     22     18
   475 | 2012-01-07 |   21 |      7      8      5      8     20      2     22
   475 | 2012-01-07 |   29 |     32     14     12     26      4     30     32
   474 | 2011-12-31 |    4 |     13     43      2     36     22     38     22
   474 | 2011-12-31 |   13 |     28     41     27      4     44     37     44
   474 | 2011-12-31 |   18 |     18     22     22     30     10     16     16
   474 | 2011-12-31 |   31 |     38     32     20     25     36     21     45
   474 | 2011-12-31 |   33 |     42      6     31     26     22     34      4
   474 | 2011-12-31 |   45 |     43     31     44     20     40     22     11
   473 | 2011-12-24 |    8 |      7     34      4     10     15     29     20
   473 | 2011-12-24 |   13 |     28     37     37     12     40     43     35
   473 | 2011-12-24 |   20 |     18     18     30     22     18     27     15
   473 | 2011-12-24 |   22 |     22     13     26     23      9     18     22
   473 | 2011-12-24 |   23 |     34      6      8     44     27     37     18
   473 | 2011-12-24 |   36 |     32      8     21      5     12     11     13
   472 | 2011-12-17 |   16 |      5      8     19      8      6      5     23
   472 | 2011-12-17 |   25 |     28     16     11     26     34     16     26
   472 | 2011-12-17 |   26 |     27      5     14     14     10     18     18
   472 | 2011-12-17 |   31 |     35     27     13     39     39     14     45
   472 | 2011-12-17 |   36 |     22      7     27     27      9      4      6
   472 | 2011-12-17 |   43 |      2     26     42     44     45     19      8
   471 | 2011-12-10 |    6 |     22     41     43     42     27     40     26
   471 | 2011-12-10 |   13 |     41     36     40     34     40     37     30
   471 | 2011-12-10 |   29 |     36     28     34     25      4      9     33
   471 | 2011-12-10 |   37 |     44     44     44     44     44     44     12
   471 | 2011-12-10 |   39 |     29     16     18      2      1     18     14
   471 | 2011-12-10 |   41 |     39     28     12      6     38     23     10
   470 | 2011-12-03 |   10 |      7     15     15     14     10     18     39
   470 | 2011-12-03 |   16 |      6      3     12      9      6      2     20
   470 | 2011-12-03 |   20 |     11      7     37     35     12     15     15
   470 | 2011-12-03 |   39 |      3      2      6     12      1      5     10
   470 | 2011-12-03 |   41 |     41     25     21     15     32      9      1
   470 | 2011-12-03 |   42 |     18     11     23     20     14     13      4
   469 | 2011-11-26 |    4 |     20     43     42     42     24     39     24
   469 | 2011-11-26 |   21 |     19     16      6      9     23      3     23
   469 | 2011-11-26 |   22 |      6      4     42     36      8     33     22
   469 | 2011-11-26 |   34 |     44     44     44     44     44     44      4
   469 | 2011-11-26 |   37 |     27     28     13      4     32     18     14
   469 | 2011-11-26 |   38 |     44     44     44     44     44     44     10
   468 | 2011-11-19 |    8 |     15     13     42     38     16     37     20
   468 | 2011-11-19 |   13 |     42     42     35     37     34     35     30
   468 | 2011-11-19 |   15 |     21     38     32     30     36     36     33
   468 | 2011-11-19 |   28 |     10      4     41     10      9     33     29
   468 | 2011-11-19 |   37 |     36     33     20     19     31     30     14
   468 | 2011-11-19 |   43 |     39     20     10     12     26     17     10
   467 | 2011-11-12 |    2 |      8     10      5     10      6      3     32
   467 | 2011-11-12 |   12 |     12      9     20     19     12     10     38
   467 | 2011-11-12 |   14 |     26     23     33     41     15     24     28
   467 | 2011-11-12 |   17 |     19      8      8     14     14     13     25
   467 | 2011-11-12 |   24 |     10      5     22     16     17      7     18
   467 | 2011-11-12 |   40 |     15     28      1     21     18      9      2
   466 | 2011-11-05 |    4 |      2     28     28     41     16     42     26
   466 | 2011-11-05 |   10 |     26     14      3     39     26     18     38
   466 | 2011-11-05 |   13 |     18     28     17      2     40     33     44
   466 | 2011-11-05 |   23 |     30     36     33     38     36     14     18
   466 | 2011-11-05 |   32 |     42     18     40     22     18     18      8
   466 | 2011-11-05 |   44 |     43     25     44     34     22     22      9
   465 | 2011-10-29 |    1 |     27     41     41     37     41     45     36
   465 | 2011-10-29 |    8 |     23     20      2     23     15     18     20
   465 | 2011-10-29 |   11 |     22     40     42     32     39     29     30
   465 | 2011-10-29 |   13 |     18     29     24     30     36     28     34
   465 | 2011-10-29 |   22 |      8      2     15     14      7      6     22
   465 | 2011-10-29 |   38 |     36      9     30     38     30     14      8
   464 | 2011-10-22 |    6 |     41     43     38     17     23     41     26
   464 | 2011-10-22 |   12 |     33     32      3     24     24     30     39
   464 | 2011-10-22 |   15 |     22      5     30     18     27     29     33
   464 | 2011-10-22 |   34 |     31     16     26      5     17     16     12
   464 | 2011-10-22 |   42 |     37     19     18     38     26     19      4
   464 | 2011-10-22 |   44 |     38     14     20      4     19      9     14
   463 | 2011-10-15 |   23 |     21     32      2     28     33      9     17
   463 | 2011-10-15 |   29 |      4      5      5      8      3      2     28
   463 | 2011-10-15 |   31 |     37     14     16     40     40     31     45
   463 | 2011-10-15 |   33 |     24     10     22     29     26     39      3
   463 | 2011-10-15 |   34 |     27     22     23     26     12     27      4
   463 | 2011-10-15 |   44 |     29      9     14     23     19     12      9
   462 | 2011-10-08 |    3 |     30     38     37     40     42     42     42
   462 | 2011-10-08 |   20 |     10     18      1     12     12      8     15
   462 | 2011-10-08 |   24 |     16     15     26     15      9     11     16
   462 | 2011-10-08 |   32 |     29     21     12     27     17     18      7
   462 | 2011-10-08 |   37 |     38      4     29      5     34     24     14
   462 | 2011-10-08 |   45 |     40     28     30     41     41     31     12
   461 | 2011-10-01 |   11 |     34     22     38      3     36     32     43
   461 | 2011-10-01 |   18 |      3     21     22     16     16      8     18
   461 | 2011-10-01 |   26 |     25     27     15     26     24     14     16
   461 | 2011-10-01 |   31 |     28      4     27     44     32     43     45
   461 | 2011-10-01 |   37 |      5      5      5      8      8      3     12
   461 | 2011-10-01 |   40 |     26      9     10     17     11     12      2
   460 | 2011-09-24 |    8 |     40     26     18     45     31     43     22
   460 | 2011-09-24 |   11 |     36     30     12     29     41     32     28
   460 | 2011-09-24 |   28 |     32     18     28     30     25     14     26
   460 | 2011-09-24 |   30 |     39      4      3     34     10     37     34
   460 | 2011-09-24 |   43 |     18     41     44     23     45     20     10
   460 | 2011-09-24 |   45 |     16     36     45     19     43     28     13
   459 | 2011-09-17 |    4 |     24     44     35      1     12     41     40
   459 | 2011-09-17 |    6 |     14     38     24     34     16     36     27
   459 | 2011-09-17 |   10 |     31     42     38      4     21     37     44
   459 | 2011-09-17 |   14 |     14     34     30     37     28     32     28
   459 | 2011-09-17 |   25 |     26     36     34     23     36     30     26
   459 | 2011-09-17 |   40 |     33      7     26      5     22     19      9
   458 | 2011-09-10 |    4 |     23     39     38     30     14     45     25
   458 | 2011-09-10 |    9 |      5     26     13      9      1      8     30
   458 | 2011-09-10 |   10 |     20     34     30      6     15     34     44
   458 | 2011-09-10 |   32 |     19      4      7     12      6      6      7
   458 | 2011-09-10 |   36 |     34      7      8     32     12     12      4
   458 | 2011-09-10 |   40 |     36     40     17      5     30     26     13
   457 | 2011-09-03 |    8 |     39     37     41     40     15     32     19
   457 | 2011-09-03 |   10 |      3     31      1     25     13     25     38
   457 | 2011-09-03 |   18 |     22     12     12      1     20      8     26
   457 | 2011-09-03 |   23 |     30     37     22      5     42     30     28
   457 | 2011-09-03 |   27 |     11     24     18      4     44     16     42
   457 | 2011-09-03 |   40 |     44     18     32     12     24     22      3
   456 | 2011-08-27 |    1 |     41     44     44     44     44     41     34
   456 | 2011-08-27 |    7 |     13     42     41     24      2     36     39
   456 | 2011-08-27 |   12 |     26     20     21     13      8     24     38
   456 | 2011-08-27 |   18 |     23      3      2     25     13     14     15
   456 | 2011-08-27 |   23 |     18     11     14     14     30     30     16
   456 | 2011-08-27 |   27 |     28     29     26     36      4     24     28
   455 | 2011-08-20 |    4 |      8     42      5      9      7     32     25
   455 | 2011-08-20 |   19 |     22     18     25     25     31     18     20
   455 | 2011-08-20 |   20 |     38     26     20     21     16     24     15
   455 | 2011-08-20 |   26 |     20      5      1     12     23     22     16
   455 | 2011-08-20 |   30 |      1     14     16     20      9      4     34
   455 | 2011-08-20 |   35 |     13     35      2     42     45     28      4
   454 | 2011-08-13 |   13 |     16     35      1     22     28     25     32
   454 | 2011-08-13 |   25 |     24     11     11     10     25      6     26
   454 | 2011-08-13 |   27 |      2     28     41     18      4     23     31
   454 | 2011-08-13 |   34 |     38     24     35     45     22     38      2
   454 | 2011-08-13 |   38 |     23     18     21      3     20      9     13
   454 | 2011-08-13 |   41 |     37     38     42     42     34     12      1
   453 | 2011-08-06 |   12 |     27     36     29     41      4     40     37
   453 | 2011-08-06 |   24 |     31     30     23     38     38     16     19
   453 | 2011-08-06 |   33 |     42     34      2     30     36     33      3
   453 | 2011-08-06 |   38 |     12     20     18     36     29      9      6
   453 | 2011-08-06 |   40 |     13     22     13     36     34     28      2
   453 | 2011-08-06 |   42 |      6      2      6     14      5      3      4
   452 | 2011-07-30 |    8 |     18     31     14     45     45     28     22
   452 | 2011-07-30 |   10 |     15     20     20     37     42     43     39
   452 | 2011-07-30 |   18 |      4      1      4      7      6      1     15
   452 | 2011-07-30 |   30 |     38      9     24      6     22     32     42
   452 | 2011-07-30 |   32 |      8      3      8     14      1      2      8
   452 | 2011-07-30 |   34 |     27     34     38     35     42     16      3
   451 | 2011-07-23 |   12 |     42     24     26     34      4     40     39
   451 | 2011-07-23 |   15 |      4      1      4      7      6      1     31
   451 | 2011-07-23 |   20 |      5      5      5     15     14      2     15
   451 | 2011-07-23 |   24 |      6      6      8     13     26      6     18
   451 | 2011-07-23 |   30 |     20     12     12     39     27     35     33
   451 | 2011-07-23 |   38 |     35     37      1     24     37     20      9
   450 | 2011-07-16 |    6 |      3     31     27     42     40     37     24
   450 | 2011-07-16 |   14 |     30     34     30     20     41     40     27
   450 | 2011-07-16 |   19 |      9     14     23     21     18     12     18
   450 | 2011-07-16 |   21 |      6     14     18      9      8      8     21
   450 | 2011-07-16 |   23 |     17     25     35     26     18     32     17
   450 | 2011-07-16 |   31 |     26     38     40     25     22     27     45
   449 | 2011-07-09 |    3 |     26      9     38      2     15     45     44
   449 | 2011-07-09 |   10 |     36     27     33     32     43     35     40
   449 | 2011-07-09 |   20 |      7      4      6      7     10      3     15
   449 | 2011-07-09 |   26 |     39     22     32     26     40     13     16
   449 | 2011-07-09 |   35 |     45     40     44     45     24     32      4
   449 | 2011-07-09 |   43 |     33     42     45     40     40     26      8
   448 | 2011-07-02 |    3 |     24     33      2     43     38     39     40
   448 | 2011-07-02 |    7 |     11      3     17      5      1     36     44
   448 | 2011-07-02 |   13 |     13     35     32     40     33     36     37
   448 | 2011-07-02 |   27 |     18     18     14     22      3     11     32
   448 | 2011-07-02 |   40 |     39     44     36     14     21     18      2
   448 | 2011-07-02 |   41 |      7      9      8     10     16      2      2
   447 | 2011-06-25 |    2 |      4      3     14     39     13     29     33
   447 | 2011-06-25 |    7 |     26      4     30     36      1     34     37
   447 | 2011-06-25 |    8 |     32     24     23     30     18     33     20
   447 | 2011-06-25 |    9 |      6      5      9     16     22     13     32
   447 | 2011-06-25 |   17 |      2      2     29     38      3     40     24
   447 | 2011-06-25 |   33 |     42     44     33     35     35     16      1
   446 | 2011-06-18 |    1 |     40     28     40     32     39     44     34
   446 | 2011-06-18 |   11 |     25     22     17     34     28     40     34
   446 | 2011-06-18 |   12 |     42     37     40     18      5     36     37
   446 | 2011-06-18 |   14 |      3     22     11     11     37     10     26
   446 | 2011-06-18 |   26 |     39     35     30     30     41     18     15
   446 | 2011-06-18 |   35 |     14     26     35     25     15     10      6
   445 | 2011-06-11 |   13 |     44     16     40      3     38     34     44
   445 | 2011-06-11 |   20 |     12     44     25     15     22     38     15
   445 | 2011-06-11 |   21 |      4      2      4      5      1      1     21
   445 | 2011-06-11 |   30 |     14     20      8     18     14      5     36
   445 | 2011-06-11 |   39 |     19     38      9     44     36     26     10
   445 | 2011-06-11 |   45 |     43     39     20      6     43      9     14
   444 | 2011-06-04 |   11 |     44     34     40     43     40     37     30
   444 | 2011-06-04 |   13 |     24      9     13      9     12     16     34
   444 | 2011-06-04 |   23 |     14     14     29     12     10     36     17
   444 | 2011-06-04 |   35 |     35     26     41     26     33     24      8
   444 | 2011-06-04 |   43 |     40     44     32     34     28      8     10
   444 | 2011-06-04 |   45 |     43     40     33     28     22      7     11
   443 | 2011-05-28 |    4 |      6      7      6      8     19     22     25
   443 | 2011-05-28 |    6 |     26     14     25     20     39     44     26
   443 | 2011-05-28 |   10 |     38     19     28     20     37     33     39
   443 | 2011-05-28 |   19 |     14     11     11     22      9     30     22
   443 | 2011-05-28 |   20 |     17     41     27     30     40     25     15
   443 | 2011-05-28 |   44 |     38     36     32     42     42      6      6
   442 | 2011-05-21 |   25 |      1      3     40     24      6     25     24
   442 | 2011-05-21 |   27 |     33      9      1     42     13     29     32
   442 | 2011-05-21 |   29 |     18     26     27     40     17     17     29
   442 | 2011-05-21 |   36 |      5     44     38     39     36     22      5
   442 | 2011-05-21 |   38 |      7     28      6     12     18      5      7
   442 | 2011-05-21 |   40 |     13     40     14     30     44     20      3
   441 | 2011-05-14 |    1 |     42     32     38     22     36     43     38
   441 | 2011-05-14 |   23 |     32     12     32     28     30     20     20
   441 | 2011-05-14 |   28 |      5     14      5      3      7      3     43
   441 | 2011-05-14 |   30 |     44     44     45     44     44     44     31
   441 | 2011-05-14 |   34 |     12     30      9      2     14      5     11
   441 | 2011-05-14 |   35 |     30     36     42     33      3     25      6
   440 | 2011-05-07 |   10 |     10     22     21     20     33     40     40
   440 | 2011-05-07 |   22 |     26     18     26     24      3     22     22
   440 | 2011-05-07 |   28 |     19     27      2     26     34      9     26
   440 | 2011-05-07 |   34 |     16     39     14     22     22      6      3
   440 | 2011-05-07 |   36 |      7      1      6     12     11      4      6
   440 | 2011-05-07 |   44 |     44     44     44     44     44     44     10
   439 | 2011-04-30 |   17 |     23      8     21     12     32     28     24
   439 | 2011-04-30 |   20 |     29     24     28      4     15     20     23
   439 | 2011-04-30 |   30 |     37     36     33     44     26     17     35
   439 | 2011-04-30 |   31 |     20     34     31     23     42     25     45
   439 | 2011-04-30 |   37 |     40     37     18     22     38     41     13
   439 | 2011-04-30 |   40 |     43     41     28     43     28     34      1
   438 | 2011-04-23 |    6 |     30     31     31     27     45     36     38
   438 | 2011-04-23 |   12 |     13      4      8     23      3     22     27
   438 | 2011-04-23 |   20 |     38     28     29     33     36     30     18
   438 | 2011-04-23 |   26 |     26     10     18     14     21     44     22
   438 | 2011-04-23 |   29 |     32     33     45      4     19     21     44
   438 | 2011-04-23 |   38 |     36     41     35      3     43     16     12
   437 | 2011-04-16 |   11 |     11     22      3     13     20      7     32
   437 | 2011-04-16 |   16 |     29     13     24     26     23      9     19
   437 | 2011-04-16 |   29 |     38     36     44     22     14     35     30
   437 | 2011-04-16 |   38 |     38     37     18     24     36     26      7
   437 | 2011-04-16 |   41 |     33      2     10     11     11     13      1
   437 | 2011-04-16 |   44 |     45     41     42     43     40     36      8
   436 | 2011-04-09 |    9 |     14      4      7     13      9     13     21
   436 | 2011-04-09 |   14 |     24     26     31     36     44     33     28
   436 | 2011-04-09 |   20 |     14     12     27     28     25     19     17
   436 | 2011-04-09 |   22 |     15     33      2     40      4     24     16
   436 | 2011-04-09 |   33 |     42     40     28     18     23     32      9
   436 | 2011-04-09 |   34 |     33     38      3     32     32     14      1
   435 | 2011-04-02 |    8 |     14     17     24     30     36     34     21
   435 | 2011-04-02 |   16 |      8     13     31     22     22      8     19
   435 | 2011-04-02 |   26 |     19     28      2     10     24     16     16
   435 | 2011-04-02 |   30 |     23     34     44     34     34     39     38
   435 | 2011-04-02 |   38 |     28     36     29     17     38     41      8
   435 | 2011-04-02 |   45 |     44     44     30     30     20     43     12
   434 | 2011-03-26 |    3 |     32      8     10     34     20     35     42
   434 | 2011-03-26 |   13 |     22     16     15     23     18     11     34
   434 | 2011-03-26 |   20 |     21     22     35     32     40     16     15
   434 | 2011-03-26 |   24 |      7     12     18     10     15      6     18
   434 | 2011-03-26 |   33 |      2     34      9      4     19     42     10
   434 | 2011-03-26 |   37 |     32     38     22     45     29     38     12
   433 | 2011-03-19 |   19 |     12      8     12     26      2     26     21
   433 | 2011-03-19 |   23 |     15     14     13     22     31     20     19
   433 | 2011-03-19 |   29 |     16     15     18     32      4     32     32
   433 | 2011-03-19 |   33 |      2     30     24     42     43     43      1
   433 | 2011-03-19 |   35 |     14      3     10     14     29     24      6
   433 | 2011-03-19 |   43 |     43     41     40     40     45     44     11
   432 | 2011-03-12 |    2 |     40     27     36     21     12     18     34
   432 | 2011-03-12 |    3 |     16     18     29     20     40     32     42
   432 | 2011-03-12 |    5 |     35     28     32     28     33     33     44
   432 | 2011-03-12 |   11 |     10     11      1     12     30     10     33
   432 | 2011-03-12 |   27 |     28     33     42     38     43     30     30
   432 | 2011-03-12 |   39 |     24     40     45     43      2     45     11
   431 | 2011-03-05 |   18 |     30     20     32      2     19     12     29
   431 | 2011-03-05 |   22 |     40      7     13     34      8     34     21
   431 | 2011-03-05 |   25 |      4      1      4      7      1      1     25
   431 | 2011-03-05 |   31 |     20     35     20     18     33     39     45
   431 | 2011-03-05 |   38 |     44      6     30     28     13     44      8
   431 | 2011-03-05 |   45 |     39     42     31     21      5     42     12
   430 | 2011-02-26 |    1 |     45     13     31     19     34     26     34
   430 | 2011-02-26 |    3 |     39     26     26      1     42     34     44
   430 | 2011-02-26 |   16 |      1      5      7      8      6      2     18
   430 | 2011-02-26 |   18 |     40     32     19     32     13     18     16
   430 | 2011-02-26 |   30 |     24     33     22     26     17     22     36
   430 | 2011-02-26 |   34 |     14     34     17      2     19     14     12
   429 | 2011-02-19 |    3 |     30      4     10      8      1      6     41
   429 | 2011-02-19 |   23 |     38     28     24     32      4     19     18
   429 | 2011-02-19 |   28 |     28     38     35     38     27     28     27
   429 | 2011-02-19 |   34 |     22     42      2     45     30     44      3
   429 | 2011-02-19 |   39 |     28     36     37     30     45     42     11
   429 | 2011-02-19 |   42 |     11     39     39     43     25     38      4
   428 | 2011-02-12 |   12 |      4      1      4      7      6      1     35
   428 | 2011-02-12 |   16 |      8      3      7     18      8      3     19
   428 | 2011-02-12 |   19 |      2     16     10     14     20      9     20
   428 | 2011-02-12 |   22 |     12     10      1     12      9      4     22
   428 | 2011-02-12 |   37 |     25     10     18     13     40     30     14
   428 | 2011-02-12 |   40 |      9     24      3     24     15     19      2
   427 | 2011-02-05 |    6 |     39     41      4     35     26     28     24
   427 | 2011-02-05 |    7 |     40     24     36     42     42     26     35
   427 | 2011-02-05 |   15 |     34     28     34     39     39     36     26
   427 | 2011-02-05 |   24 |      5     13     15     10     14      9     17
   427 | 2011-02-05 |   28 |     18     26     18     27     12     17     27
   427 | 2011-02-05 |   30 |      3     31     29     19     22     15     36
   426 | 2011-01-29 |    4 |     42     42     42     38     35     23     26
   426 | 2011-01-29 |   17 |     22     30     26     18     30     28     25
   426 | 2011-01-29 |   18 |      4     10      4      7      6      2     16
   426 | 2011-01-29 |   27 |     31     17     16      1     25     18     43
   426 | 2011-01-29 |   39 |     20     24     34     37     39     41     10
   426 | 2011-01-29 |   43 |     23     11     10     14      5     24      8
   425 | 2011-01-22 |    8 |     38     16     43     20     22     13     20
   425 | 2011-01-22 |   10 |     32     18     38      1     20     17     44
   425 | 2011-01-22 |   14 |     36     26     35     35     18     24     28
   425 | 2011-01-22 |   27 |     16     24     13     25     30     33     38
   425 | 2011-01-22 |   33 |      4      2      3      7      2      1      3
   425 | 2011-01-22 |   38 |      8      1     11     22      7     14      8
   424 | 2011-01-15 |   10 |     36     14     34     16     40     16     37
   424 | 2011-01-15 |   11 |     35     17     19     27     17     20     29
   424 | 2011-01-15 |   26 |     20     10     12     21     25     27     17
   424 | 2011-01-15 |   31 |     25     26     24     20     25     33     45
   424 | 2011-01-15 |   34 |     44     44     44     44     44     44      3
   424 | 2011-01-15 |   44 |     44     44     44     44     44     44      8
   423 | 2011-01-08 |    1 |     36     26     38     40     32     29     32
   423 | 2011-01-08 |   17 |      6      3     26     25      9     19     23
   423 | 2011-01-08 |   27 |      3     21     33     29     28     34     30
   423 | 2011-01-08 |   28 |     44     44     44     44      4     44     26
   423 | 2011-01-08 |   29 |     16      5      6      9      6      3     28
   423 | 2011-01-08 |   40 |     32     38      3     40     39     30      2
   422 | 2011-01-01 |    8 |     10     13     13     18      2     10     20
   422 | 2011-01-01 |   15 |     24     16     18     28     22     27     29
   422 | 2011-01-01 |   19 |     10      4      5      8      7      3     22
   422 | 2011-01-01 |   21 |     44     44     44     44     44     44     22
   422 | 2011-01-01 |   34 |     27     36     24     38     34     29      3
   422 | 2011-01-01 |   44 |     37     41     41      5     40     42     14
   421 | 2010-12-25 |    6 |     31     42      3     38     42     22     28
   421 | 2010-12-25 |   11 |     35     34     34     40     26     30     30
   421 | 2010-12-25 |   26 |     44     44     44     44     44     44     16
   421 | 2010-12-25 |   27 |      1      8      6     11     14     10     32
   421 | 2010-12-25 |   28 |     14     10      9     22      3     27     29
   421 | 2010-12-25 |   44 |     19     19     41     19     43     39      8
   420 | 2010-12-18 |    4 |     22      9     17     39     36     16     29
   420 | 2010-12-18 |    9 |     24     21      2     28     17     22     26
   420 | 2010-12-18 |   10 |     19     20     38     38     39     17     37
   420 | 2010-12-18 |   29 |      5      1      4      7      5      1     31
   420 | 2010-12-18 |   31 |      2     41     42     36     27     37     45
   420 | 2010-12-18 |   34 |     30     13     20     31     32     36      4
   419 | 2010-12-11 |    2 |     11      9      2     40     32     16     34
   419 | 2010-12-11 |   11 |     18     16     40      1     12     18     44
   419 | 2010-12-11 |   13 |     18     42     40      3     10     35     43
   419 | 2010-12-11 |   14 |     32      5      8     43     26     25     28
   419 | 2010-12-11 |   28 |     31     29     13      6      4     17     42
   419 | 2010-12-11 |   30 |     39     44     35     35     38     40     34
   418 | 2010-12-04 |   11 |      9     34     30     32     17     28     29
   418 | 2010-12-04 |   13 |      4      7      5     10      6      2     36
   418 | 2010-12-04 |   15 |     26     33     26     38     16     26     31
   418 | 2010-12-04 |   26 |     30     10     19     14     26     40     16
   418 | 2010-12-04 |   28 |     16     39      7     11      4      6     28
   418 | 2010-12-04 |   34 |     40      9     21     24     32     32      4
   417 | 2010-11-27 |    4 |      8      6     10     43     18     16     25
   417 | 2010-11-27 |    5 |      9     40     30      1     25     36     44
   417 | 2010-11-27 |   14 |     27     20     33     40     40     34     23
   417 | 2010-11-27 |   20 |     34     21     45     36     42     24     15
   417 | 2010-11-27 |   22 |     24     22     43      5     34     25     39
   417 | 2010-11-27 |   43 |      3     45     38     26     32     41     11
   416 | 2010-11-20 |    5 |     44     44     34     43     34     33     40
   416 | 2010-11-20 |    6 |     38     40     34     42     42     44     25
   416 | 2010-11-20 |    8 |      4      1      3      7      1      1     21
   416 | 2010-11-20 |   11 |     10      4     12     15      6     32     28
   416 | 2010-11-20 |   22 |     27     18     45     21     32     30     22
   416 | 2010-11-20 |   26 |     18     18     23      2     27     10     35
   415 | 2010-11-13 |    7 |     32     40     22     32     34     30     38
   415 | 2010-11-13 |   17 |     17     30     33     27     25     22     23
   415 | 2010-11-13 |   20 |     11     24      1     23     32      7     15
   415 | 2010-11-13 |   26 |     12     26     37     24     24     18     17
   415 | 2010-11-13 |   30 |      6     25     16     18     18      5     34
   415 | 2010-11-13 |   40 |      3     17     27     40     38     15      2
   414 | 2010-11-06 |    2 |     44     45     45      2     45     45     44
   414 | 2010-11-06 |   14 |     32     36     35     37     34     36     25
   414 | 2010-11-06 |   15 |     29     22     15      5     11     15     43
   414 | 2010-11-06 |   22 |     23     34     44     34     38     16     21
   414 | 2010-11-06 |   23 |     15     12     38      1     22     11     40
   414 | 2010-11-06 |   44 |     30     28     36     39     44     44      8
   413 | 2010-10-30 |    2 |     44     42     43     42     42     45     37
   413 | 2010-10-30 |    9 |      5     18      7     16      8      6     34
   413 | 2010-10-30 |   15 |     41     34     16     38     22     37     30
   413 | 2010-10-30 |   23 |     12      3     15      9      6     13     18
   413 | 2010-10-30 |   34 |     36     22     34     40     40     31      3
   413 | 2010-10-30 |   40 |      1      9     12     41     37     13      1
   412 | 2010-10-23 |    4 |      5      1      3      7      5      1     24
   412 | 2010-10-23 |    7 |     38     38     24     34     35     36     37
   412 | 2010-10-23 |   39 |     19     12     11      5     11     26     13
   412 | 2010-10-23 |   41 |     21     39     44     44     24     40      1
   412 | 2010-10-23 |   42 |     32     37     43     32     43     44      5
   412 | 2010-10-23 |   45 |      6      5      6     16      9      7     11
   411 | 2010-10-16 |   11 |     25     28     33     36     14     26     33
   411 | 2010-10-16 |   14 |      6      6      5      9      8      2     27
   411 | 2010-10-16 |   22 |     15     14     28     24     34     15     22
   411 | 2010-10-16 |   35 |      7      9      4     14     10      5      4
   411 | 2010-10-16 |   37 |     17     10     13     26     32     38     13
   411 | 2010-10-16 |   39 |     20      4     30     41     22     44      9
   410 | 2010-10-09 |    1 |      3     41      3     45     45     44     34
   410 | 2010-10-09 |    3 |      9     36     10     16      1     14     40
   410 | 2010-10-09 |   18 |     22      7     18     14     13     26     16
   410 | 2010-10-09 |   32 |      8      5      5      4     11      4     14
   410 | 2010-10-09 |   40 |     42     21     41      6     30     42     12
   410 | 2010-10-09 |   41 |     17     39     29     40     41     25      1
   409 | 2010-10-02 |    6 |     30     32     28     44     14     38     27
   409 | 2010-10-02 |    9 |     26     21     11      1      2     33     44
   409 | 2010-10-02 |   21 |     31     14     23      6     38     24     34
   409 | 2010-10-02 |   31 |     39     43     25     36     44     18     45
   409 | 2010-10-02 |   32 |      7      2     30      9      6      5      8
   409 | 2010-10-02 |   40 |     45     45      2     45     45     45      2
   408 | 2010-09-25 |    9 |     42     23      2     35     21     13     27
   408 | 2010-09-25 |   20 |     13     36     26     34     36     16     15
   408 | 2010-09-25 |   21 |     23     12     22     17     15      9     23
   408 | 2010-09-25 |   22 |      8     20      3     26     28     18     22
   408 | 2010-09-25 |   30 |      4      1      8     16      7      3     34
   408 | 2010-09-25 |   37 |     36     12     23     23     20     35     14
   407 | 2010-09-18 |    6 |      6     24      7     12     12      3     25
   407 | 2010-09-18 |    7 |     12     20     31      1     24     44     44
   407 | 2010-09-18 |   13 |     22     18     40     24     26     23     34
   407 | 2010-09-18 |   16 |     18     31     26     32     34     14     18
   407 | 2010-09-18 |   24 |     28     34     24      2      3     25     35
   407 | 2010-09-18 |   25 |     16     22     38     42     17     27     23
   406 | 2010-09-11 |    7 |     29     28     42     34     36     33     38
   406 | 2010-09-11 |   12 |     36     36     13     40     39     12     37
   406 | 2010-09-11 |   21 |     15     24     41     28     28     23     22
   406 | 2010-09-11 |   24 |     35     33     17     38     38     29     18
   406 | 2010-09-11 |   27 |      7     17      8     13     12      4     29
   406 | 2010-09-11 |   36 |      2     39     38     26      2     38      7
   405 | 2010-09-04 |    1 |      5     15      1     13     18     17     35
   405 | 2010-09-04 |    2 |     19      2     28     12     28      6     37
   405 | 2010-09-04 |   10 |     30     26     24     40     44     33     41
   405 | 2010-09-04 |   25 |     26     19     37     36     24     30     23
   405 | 2010-09-04 |   26 |      1     42     26     40      3     25     16
   405 | 2010-09-04 |   44 |     42     34      6     18     40     42      8
   404 | 2010-08-28 |    5 |     18      4     11     12      1     32     42
   404 | 2010-08-28 |   20 |     19     18      3     17     10      6     15
   404 | 2010-08-28 |   21 |     11     16     22     16     26     12     22
   404 | 2010-08-28 |   24 |     24     28     16      3     14     36     28
   404 | 2010-08-28 |   33 |     30      3     38      9     32     44      5
   404 | 2010-08-28 |   40 |     41     43      2     42     22     28      1
   403 | 2010-08-21 |   10 |     44     34     28     40     41     43     39
   403 | 2010-08-21 |   14 |      4      2      4      7      2      1     27
   403 | 2010-08-21 |   22 |     11     25     22      4     20     11     41
   403 | 2010-08-21 |   24 |     16     33     26     15      4     10     18
   403 | 2010-08-21 |   28 |      9     28      1     12     20      6     30
   403 | 2010-08-21 |   37 |     14     14     21     22     12     19     13
   402 | 2010-08-14 |    5 |      6      1      3      6      1      1     42
   402 | 2010-08-14 |    9 |      1     42     42     42     43     42     31
   402 | 2010-08-14 |   15 |     37     36     16     23      4     30     33
   402 | 2010-08-14 |   19 |     31     21     23     34     39     22     22
   402 | 2010-08-14 |   22 |     23     18      4     14     13      7     21
   402 | 2010-08-14 |   36 |      4      5     10      8     11      2      7
   401 | 2010-08-07 |    6 |      7      1      4      5      1      1     28
   401 | 2010-08-07 |   12 |     39     44     42     24     44     36     38
   401 | 2010-08-07 |   18 |     30     34     22     16     36     16     16
   401 | 2010-08-07 |   31 |     25     22     24     32     12     12     45
   401 | 2010-08-07 |   38 |      6      6     39     31     21     43      7
   401 | 2010-08-07 |   43 |     13     17     38      7     24     38     13
   400 | 2010-07-31 |    9 |     42     22     30      4     15     15     43
   400 | 2010-07-31 |   21 |     20     12      8     17      8      7     22
   400 | 2010-07-31 |   27 |      6      5      9     10      6      4     31
   400 | 2010-07-31 |   34 |     14     16     20     16      1     44      4
   400 | 2010-07-31 |   41 |      7     10     16     26     19     33      1
   400 | 2010-07-31 |   43 |     19     24     35     33     39     40      8
   399 | 2010-07-24 |    1 |     35      8      1     22     22     19     38
   399 | 2010-07-24 |    2 |     32     14     39     18     34      9     33
   399 | 2010-07-24 |    9 |     43     23     40     43     30     37     31
   399 | 2010-07-24 |   17 |     28     14     32     13     11      8     23
   399 | 2010-07-24 |   19 |     14      7     23     16     10     12     21
   399 | 2010-07-24 |   42 |     29     35     14      5     45     38     13
   398 | 2010-07-17 |   10 |     45     44      2     36     34     28     39
   398 | 2010-07-17 |   15 |     22     16     17     14     40     20     33
   398 | 2010-07-17 |   20 |     30     30     44     44     21     18     15
   398 | 2010-07-17 |   23 |      5      6      5     10      3      2     19
   398 | 2010-07-17 |   42 |     33     45     26     34     23     45      5
   398 | 2010-07-17 |   44 |     10      2     13      9     11      9     10
   397 | 2010-07-10 |   12 |     28     29     15     29     20     42     40
   397 | 2010-07-10 |   13 |     30     18     26     10      4      8     33
   397 | 2010-07-10 |   17 |     38     13     41     24     42     26     24
   397 | 2010-07-10 |   22 |     11     12      9     16      9      6     21
   397 | 2010-07-10 |   25 |     16      4     30     28     14     28     30
   397 | 2010-07-10 |   33 |     25     24     13     32      2     30      2
   396 | 2010-07-03 |   18 |     15     30     22     21     20      8     15
   396 | 2010-07-03 |   20 |     27     22     11      4     12     14     25
   396 | 2010-07-03 |   31 |     34     28     29      6     38     17     45
   396 | 2010-07-03 |   34 |      7     32     39     24     26     15      4
   396 | 2010-07-03 |   40 |     10     23     45     42     15     39      2
   396 | 2010-07-03 |   45 |     20     34     18     18     36     28     11
   395 | 2010-06-26 |   11 |     40     20     22     22     37      9     28
   395 | 2010-06-26 |   15 |      2     24     40     25     30     14     30
   395 | 2010-06-26 |   20 |     38     32     20      5     24     17     22
   395 | 2010-06-26 |   26 |     18     24     15     32     11     32     16
   395 | 2010-06-26 |   31 |     36     26      4     18     40     28     45
   395 | 2010-06-26 |   35 |     30      5     42     25     22     43      6
   394 | 2010-06-19 |    1 |     13     10     17     22     42     18     34
   394 | 2010-06-19 |   13 |     18     23     29     23      4      9     32
   394 | 2010-06-19 |   20 |     35     36     33     16     16     38     15
   394 | 2010-06-19 |   22 |     33     28     13     11     14     12     23
   394 | 2010-06-19 |   25 |     42     14     39     27     41     27     27
   394 | 2010-06-19 |   28 |     10     11     42      4      9     40     43
   393 | 2010-06-12 |    9 |      9      9     12     25     28      7     21
   393 | 2010-06-12 |   16 |     34     12     20     19     12     14     20
   393 | 2010-06-12 |   28 |     44     44     45     44     44     44     26
   393 | 2010-06-12 |   40 |     22     33     15     14     10     12      6
   393 | 2010-06-12 |   41 |     24      2     27     11     23     28      3
   393 | 2010-06-12 |   43 |      2     17     42     18      5     36      8
   392 | 2010-06-05 |    1 |     34     38     29     12     35     16     35
   392 | 2010-06-05 |    3 |      3      1      3      7      1      1     40
   392 | 2010-06-05 |    7 |     36     34     34     18     40     18     38
   392 | 2010-06-05 |    8 |     43     37     33     42     30     30     20
   392 | 2010-06-05 |   24 |     41     24     16     40     22     15     17
   392 | 2010-06-05 |   42 |     10     21     36     20     18     36      5
   391 | 2010-05-29 |   10 |     18     29      2     29     28     19     40
   391 | 2010-05-29 |   11 |     40     32     30     24     42     21     30
   391 | 2010-05-29 |   18 |      8     14     22     36     12     13     16
   391 | 2010-05-29 |   22 |      7     10      3     16     10      7     21
   391 | 2010-05-29 |   28 |     10     14     25      3     12     20     44
   391 | 2010-05-29 |   39 |     36     30     12      7     40     38     13
   390 | 2010-05-22 |   16 |     13     32     29      5     18     28     35
   390 | 2010-05-22 |   17 |     22     20     20     30     21     18     16
   390 | 2010-05-22 |   28 |     20     10     17     31     14     29     20
   390 | 2010-05-22 |   37 |     44     44     44     44     44     44     14
   390 | 2010-05-22 |   39 |     32     32     16     12     34     16     14
   390 | 2010-05-22 |   40 |     17     15     13     16     11     37      6
   389 | 2010-05-15 |    7 |     16     39     40     41     37     36     35
   389 | 2010-05-15 |   16 |     14     21     28     30      7     27     20
   389 | 2010-05-15 |   18 |     18     19     16     33     12     23     17
   389 | 2010-05-15 |   20 |      1     13     16     16      8     32     15
   389 | 2010-05-15 |   23 |      7      3     13     14      3      4     19
   389 | 2010-05-15 |   26 |      3     17     20     24     22      9     16
   388 | 2010-05-08 |    1 |     42     29     37      1     33     44     44
   388 | 2010-05-08 |    8 |     43     23     24     38     24     37     22
   388 | 2010-05-08 |    9 |      3     26      5      7     16      3     36
   388 | 2010-05-08 |   17 |     14     26     22     20     25     30     27
   388 | 2010-05-08 |   29 |     28     24     28     22     37     21     33
   388 | 2010-05-08 |   32 |     14      8     14     36     30     11      5
   387 | 2010-05-01 |    1 |     44     44     21     45     45     45     34
   387 | 2010-05-01 |   26 |      1     34     32     18     17     23     16
   387 | 2010-05-01 |   31 |     38     34     38      6     36     25     45
   387 | 2010-05-01 |   34 |     11      9     33     17     19      9      3
   387 | 2010-05-01 |   40 |     20     37     42      5     23     24     13
   387 | 2010-05-01 |   43 |     38     39     45     40      5     38     10
   386 | 2010-04-24 |    4 |     35     18     14     36     28     40     28
   386 | 2010-04-24 |    7 |      2     25     13      1     37     36     43
   386 | 2010-04-24 |   10 |     36     14     30     31     13     43     39
   386 | 2010-04-24 |   19 |     34     30     26      5     33     23     37
   386 | 2010-04-24 |   31 |     33     34     35     38     40     30     45
   386 | 2010-04-24 |   40 |     14     18     43     24     30     18      4
   385 | 2010-04-17 |    7 |      1     11      5      8     23      3     38
   385 | 2010-04-17 |   12 |     26     20     28     44     13     42     37
   385 | 2010-04-17 |   19 |      3     38     22     13     26     19     21
   385 | 2010-04-17 |   21 |     31     35     15     16     36     40     22
   385 | 2010-04-17 |   29 |     44     40     38     33     41     13     29
   385 | 2010-04-17 |   32 |     10     18     14      2     22     26     13
   384 | 2010-04-10 |   11 |      3     24      3     16     25     13     35
   384 | 2010-04-10 |   22 |     26     34     15     21     22     11     22
   384 | 2010-04-10 |   24 |      9     20      8     10     10      8     21
   384 | 2010-04-10 |   32 |      8      3     14     28      7     14      6
   384 | 2010-04-10 |   36 |      6     16      7     12      8      5      4
   384 | 2010-04-10 |   38 |      5      1     11      9      6      3      8
   383 | 2010-04-03 |    4 |      7      5      6     10     15      2     25
   383 | 2010-04-03 |   15 |     35     40     31      2     34     18     43
   383 | 2010-04-03 |   28 |     12      8      8     17      7      5     28
   383 | 2010-04-03 |   33 |     18      2     11      8      3      3      4
   383 | 2010-04-03 |   37 |     39     33     32     26     33     45     13
   383 | 2010-04-03 |   40 |     15     30     29     38     28     36      2
   382 | 2010-03-27 |   10 |     28     14     26      7     22     34     43
   382 | 2010-03-27 |   15 |     36     22      2     33     34     20     37
   382 | 2010-03-27 |   22 |     13     30     20     37     14     14     21
   382 | 2010-03-27 |   24 |     22     40     23     28     20     18     17
   382 | 2010-03-27 |   27 |      2     43     42     36     42     45     36
   382 | 2010-03-27 |   42 |     27     38     28     32     30     36      5
   381 | 2010-03-20 |    1 |     33     31     42      1     44     42     43
   381 | 2010-03-20 |    5 |     36     29     42     44     42     45     40
   381 | 2010-03-20 |   10 |      9     18     38     36     20     24     39
   381 | 2010-03-20 |   12 |     10     14     26     28     23     32     35
   381 | 2010-03-20 |   16 |     14      6     12     42     11     39     18
   381 | 2010-03-20 |   20 |     19      3      9     13      6      7     15
   380 | 2010-03-13 |    1 |     18      2      7     20      8     13     37
   380 | 2010-03-13 |    2 |     16     22     30     40     42     41     32
   380 | 2010-03-13 |    8 |      8     15     36     37      1     35     21
   380 | 2010-03-13 |   17 |     28     19     24     11     16      6     27
   380 | 2010-03-13 |   26 |     17     23     41     25     37     14     16
   380 | 2010-03-13 |   37 |     35     34     26     23     19     31     13
   379 | 2010-03-06 |    6 |      7      2      5     10     13      4     26
   379 | 2010-03-06 |   10 |     13     16     19     19     37     18     40
   379 | 2010-03-06 |   22 |     30     25     38      2     36     18     43
   379 | 2010-03-06 |   31 |     27     36     10      3      8      6     45
   379 | 2010-03-06 |   35 |     40     38     39     39     19     18      5
   379 | 2010-03-06 |   40 |     20     26      8     27     26     10      3
   378 | 2010-02-27 |    5 |     44     30      2     42     17     32     41
   378 | 2010-02-27 |   22 |     34     12     26      2     36     20     42
   378 | 2010-02-27 |   29 |     40     32     25      4     22     19     42
   378 | 2010-02-27 |   31 |      4      1      4      6      5      1     45
   378 | 2010-02-27 |   34 |      8     31      7     18     24      8      4
   378 | 2010-02-27 |   39 |     12     14     40     38     16     44     11
   377 | 2010-02-20 |    6 |      6      1      4      7      6      1     26
   377 | 2010-02-20 |   22 |     23     24     34     28     18     25     23
   377 | 2010-02-20 |   29 |      9     26     10     15     19      8     29
   377 | 2010-02-20 |   37 |     17     32     18     22     37     38     13
   377 | 2010-02-20 |   43 |     33     42     36     36      5     33     10
   377 | 2010-02-20 |   45 |     45     45     45     45     45     45     11
   376 | 2010-02-13 |    1 |     42     38     34     44     38     33     31
   376 | 2010-02-13 |   11 |     39     35     39     35     40     22     26
   376 | 2010-02-13 |   13 |     29      4     15     32      4      8     33
   376 | 2010-02-13 |   24 |     25     28     27     23     19     15     18
   376 | 2010-02-13 |   28 |      9      3      9     12      7      2     28
   376 | 2010-02-13 |   40 |     10     17      1     14     10     25      2
   375 | 2010-02-06 |    4 |     27      7     38     27     22     36     25
   375 | 2010-02-06 |    8 |     35     37     34     28     34     33     23
   375 | 2010-02-06 |   19 |     22     11     12     22     26     24     21
   375 | 2010-02-06 |   25 |     14     10      9      4     22      6     39
   375 | 2010-02-06 |   27 |     34     14     18     30     32     16     32
   375 | 2010-02-06 |   45 |     44     44     44     44     44     44     11
   374 | 2010-01-30 |   11 |     37     28     38     15     34     33     34
   374 | 2010-01-30 |   13 |      2      3     10     12      4      7     33
   374 | 2010-01-30 |   15 |     33     16     32      1     38     38     44
   374 | 2010-01-30 |   17 |     20      7      6      8     11      3     26
   374 | 2010-01-30 |   25 |     22     12     17     36     36     16     24
   374 | 2010-01-30 |   34 |      9     10     11     16     15      4      4
   373 | 2010-01-23 |   15 |     24     20     29     32     37     35     26
   373 | 2010-01-23 |   26 |     19     15     21     24     16     18     16
   373 | 2010-01-23 |   37 |     20     23     22     19     30     16     14
   373 | 2010-01-23 |   42 |     10     13     17     16     14     17      4
   373 | 2010-01-23 |   43 |     11      8     14     10      4     14     11
   373 | 2010-01-23 |   45 |     43     43     43     43     43     43     13
   372 | 2010-01-16 |    8 |     31     40     30     37     26     31     20
   372 | 2010-01-16 |   11 |     28     26     26     36     38     32     30
   372 | 2010-01-16 |   14 |     18     34      3     24     15     27     28
   372 | 2010-01-16 |   16 |     36     13     17     22     11     22     18
   372 | 2010-01-16 |   18 |      1     20     21     18     16     24     16
   372 | 2010-01-16 |   21 |      3     12      8     14     24      6     23
   371 | 2010-01-09 |    7 |      9     32     11     11     33     24     41
   371 | 2010-01-09 |    9 |      6     11      7      9     24      6     32
   371 | 2010-01-09 |   15 |     40      6     38     27     29     36     29
   371 | 2010-01-09 |   26 |      2     15     14     34     11     15     16
   371 | 2010-01-09 |   27 |     44     44     44     44     44     44     28
   371 | 2010-01-09 |   42 |      7      7     13      2     14      5     12
   370 | 2010-01-02 |   16 |     36     30      3     33     12     20     22
   370 | 2010-01-02 |   18 |     41     25     28     26     14     22     15
   370 | 2010-01-02 |   24 |     25     28     28     26     18     14     18
   370 | 2010-01-02 |   42 |     15      4     36     29      9     12      4
   370 | 2010-01-02 |   44 |     44     44     44     44     44     44      6
   370 | 2010-01-02 |   45 |     23     29     35     40     40     33     10
   369 | 2009-12-26 |   17 |     17     32     19     36     35     14     24
   369 | 2009-12-26 |   20 |     38     23     24     36     14     11     15
   369 | 2009-12-26 |   35 |     18     32     35     40     42     22      6
   369 | 2009-12-26 |   36 |     44     44     44     44     44     44      9
   369 | 2009-12-26 |   41 |     40      7     42     43     35     43      1
   369 | 2009-12-26 |   43 |     35     37     39     41      5     41      7
   368 | 2009-12-19 |   11 |     22     40     28     25     19     30     30
   368 | 2009-12-19 |   21 |     13     31     35     30     12     16     23
   368 | 2009-12-19 |   24 |     12     18      1     29     38      7     18
   368 | 2009-12-19 |   30 |     32     14     23     31     35     14     35
   368 | 2009-12-19 |   39 |     29      2      7     13      8     27     10
   368 | 2009-12-19 |   45 |     43     41     34     42     26     42     11
   367 | 2009-12-12 |    3 |     38     31     21     38     23     16     41
   367 | 2009-12-12 |   22 |     18     13     28     32     39     27     22
   367 | 2009-12-12 |   25 |     15     11     30     27     11     22     24
   367 | 2009-12-12 |   29 |      9     28      3     28     13     32     28
   367 | 2009-12-12 |   32 |     41     35     13     32     40     28      8
   367 | 2009-12-12 |   44 |     42     40     41      5     41     42     14
   366 | 2009-12-05 |    5 |     40     14     44      1     27     43     44
   366 | 2009-12-05 |   12 |     27     10     22     22     40     28     39
   366 | 2009-12-05 |   19 |     20     22     14     35     24     38     20
   366 | 2009-12-05 |   26 |      9      8     29      6     35     18     24
   366 | 2009-12-05 |   27 |     12     28     20     41     19     26     33
   366 | 2009-12-05 |   44 |     37     44     42     29     44     40     10
   365 | 2009-11-28 |    5 |     45     22     45      6     18     43     44
   365 | 2009-11-28 |   15 |     14      7      8     30     12      8     29
   365 | 2009-11-28 |   21 |     16     15     32     21     15     12     23
   365 | 2009-11-28 |   25 |     22     12     18     13     14     22     27
   365 | 2009-11-28 |   26 |      9      8      7      8     22      3     17
   365 | 2009-11-28 |   30 |     36     36     43     31     41     30     38
   364 | 2009-11-21 |    2 |     36     41     41     42     34     42     34
   364 | 2009-11-21 |    5 |     34     39     34     33     38     32     40
   364 | 2009-11-21 |    7 |     10      2     27     17      2     12     36
   364 | 2009-11-21 |   14 |     14     28     16      4     15     16     41
   364 | 2009-11-21 |   16 |     22     24     24     32     26     20     22
   364 | 2009-11-21 |   40 |     44     44     44     44     44     44      2
   363 | 2009-11-14 |   11 |     19     20     22     24     10     10     30
   363 | 2009-11-14 |   12 |      8     17     15     23     26      5     36
   363 | 2009-11-14 |   14 |      7     14      3     41     35     39     27
   363 | 2009-11-14 |   21 |     40     26     39     31     10     21     23
   363 | 2009-11-14 |   32 |     22     35     31     36     31     33      7
   363 | 2009-11-14 |   38 |      9      2      5      8      1      6      9
   362 | 2009-11-07 |    2 |     11     41     43     43     28     39     36
   362 | 2009-11-07 |    3 |     22     38     42     41     43     38     41
   362 | 2009-11-07 |   22 |     26     37     28     36     15     30     22
   362 | 2009-11-07 |   27 |      2     22     20      5      4     25     42
   362 | 2009-11-07 |   30 |     21     35     38     42     20     33     37
   362 | 2009-11-07 |   40 |     18     20     20     26     10     43      3
   361 | 2009-10-31 |    5 |     40     16      3     42     40     41     42
   361 | 2009-10-31 |   10 |     18     40     42     35     21     36     39
   361 | 2009-10-31 |   16 |     12     34     30      4     23     14     41
   361 | 2009-10-31 |   24 |     20     34     26     38     17     16     18
   361 | 2009-10-31 |   27 |      3     10     34     30      3     25     27
   361 | 2009-10-31 |   35 |     35     12     22      6     27     23     14
   360 | 2009-10-24 |    4 |      4      1      5      7      5      1     26
   360 | 2009-10-24 |   16 |     13     30     24     34     16     32     17
   360 | 2009-10-24 |   23 |      1      8      7      9     24      4     18
   360 | 2009-10-24 |   25 |     42     23     34     36     38     21     24
   360 | 2009-10-24 |   35 |     40     18     28     15     38      9      5
   360 | 2009-10-24 |   40 |      8     13      6      2     12     25     13
   359 | 2009-10-17 |    1 |     22     42     12      1     32     28     42
   359 | 2009-10-17 |   10 |     26     41     42      6     24     39     44
   359 | 2009-10-17 |   19 |     15     14     14     14     31     29     22
   359 | 2009-10-17 |   20 |     12     21      2     32     15     21     15
   359 | 2009-10-17 |   24 |      2     14     23     26     17     24     19
   359 | 2009-10-17 |   40 |     14     16     30      3      8     10     13
   358 | 2009-10-10 |    1 |     45     38      3     44     40     41     38
   358 | 2009-10-10 |    9 |      8      2     15     12     29      7     28
   358 | 2009-10-10 |   10 |     42     41     41      2     20     44     44
   358 | 2009-10-10 |   12 |      5     18      6      9      6      2     37
   358 | 2009-10-10 |   21 |     14      8      8      1     34     22     42
   358 | 2009-10-10 |   40 |     23      4     13     26      8     38      2
   357 | 2009-10-03 |   10 |     10     36     22     10      2      5     40
   357 | 2009-10-03 |   14 |     30     30     37      5     37     34     42
   357 | 2009-10-03 |   18 |     32     13     18     25     24     18     16
   357 | 2009-10-03 |   21 |     36      5     39     29      6     25     23
   357 | 2009-10-03 |   36 |     21     29     26     30     30     16      6
   357 | 2009-10-03 |   37 |     28      8     30     19     17     28     13
   356 | 2009-09-26 |    2 |     44     41     35     40     34     43     34
   356 | 2009-09-26 |    8 |     44     44     45      4     36     42     41
   356 | 2009-09-26 |   14 |     29     27     38     18     12     32     31
   356 | 2009-09-26 |   25 |     21      8     14     12     24     13     25
   356 | 2009-09-26 |   29 |      9      6      5      3     29      4     42
   356 | 2009-09-26 |   45 |     22     12     29     24     26     20     11
   355 | 2009-09-19 |    5 |     28     42     43     16     19     34     42
   355 | 2009-09-19 |    8 |     44     41      2     30     43     39     22
   355 | 2009-09-19 |   29 |     42     27     28     39     24     32     32
   355 | 2009-09-19 |   30 |     26     16      7     22      4     14     35
   355 | 2009-09-19 |   35 |      9     10     15     36     19     10      6
   355 | 2009-09-19 |   44 |     31     26     27      7     44     37     11
   354 | 2009-09-12 |   14 |     33     44      3     42     44     40     25
   354 | 2009-09-12 |   19 |     16     24     22      5     20     10     36
   354 | 2009-09-12 |   36 |     24     21     22      4     38     20     14
   354 | 2009-09-12 |   43 |     34     15      2     40     29     30     10
   354 | 2009-09-12 |   44 |     36     32     45     24     40     32      8
   354 | 2009-09-12 |   45 |     43     14     41     34     26     42     12
   353 | 2009-09-05 |   11 |     10      2     15     14      7      4     34
   353 | 2009-09-05 |   16 |     14     16      7      4      3     15     35
   353 | 2009-09-05 |   19 |     18      5     29     43      5     23     18
   353 | 2009-09-05 |   22 |     28     28     23     30     27     26     16
   353 | 2009-09-05 |   29 |     28     24     36     37     24      6     29
   353 | 2009-09-05 |   36 |     36      9     28     28      2     24      6
   352 | 2009-08-29 |    5 |     23     39     24      1     19     38     44
   352 | 2009-08-29 |   16 |     11     27     14     20     34     32     22
   352 | 2009-08-29 |   17 |     19     24     20     25     16     24     25
   352 | 2009-08-29 |   20 |      9     25     10     15      3     29     15
   352 | 2009-08-29 |   26 |     24     15     24     33     40     34     17
   352 | 2009-08-29 |   41 |     31     10     40     13     15      5      1
   351 | 2009-08-22 |    5 |     28     44     35     44     28     42     40
   351 | 2009-08-22 |   25 |     19     28     15     37     11     20     23
   351 | 2009-08-22 |   27 |     21     19     23     34     22     16     30
   351 | 2009-08-22 |   29 |     33     21     28      5     26     17     43
   351 | 2009-08-22 |   34 |      3      8      1     12     31      4      2
   351 | 2009-08-22 |   36 |      2      8     36     18     18     24      5
   350 | 2009-08-15 |    1 |     20     44      4     44     36     40     36
   350 | 2009-08-15 |    8 |     40     40     25     36     40     36     20
   350 | 2009-08-15 |   18 |     18      9      8     26     20      6     15
   350 | 2009-08-15 |   24 |     27     14     19      5     37     33     26
   350 | 2009-08-15 |   29 |     10     16     16     30     12      8     33
   350 | 2009-08-15 |   33 |     30     22     40     14     18     26      3
   349 | 2009-08-08 |    5 |     20     34     13     31      7     22     43
   349 | 2009-08-08 |   13 |     16     28     18     42      8     44     39
   349 | 2009-08-08 |   14 |     29     35     16      4     34     16     41
   349 | 2009-08-08 |   20 |     25     18     10      2      3     18     20
   349 | 2009-08-08 |   24 |     27     21     30      6     35     16     35
   349 | 2009-08-08 |   25 |      5      6      5      7      6      2     25
   348 | 2009-08-01 |    3 |     40     39     42      1     30     44     44
   348 | 2009-08-01 |   14 |     34     36     11     37     37     18     28
   348 | 2009-08-01 |   17 |      8      8      1     24      8     39     25
   348 | 2009-08-01 |   20 |     12     14     15     18      3     10     15
   348 | 2009-08-01 |   24 |     11      5     22     22     16     32     18
   348 | 2009-08-01 |   31 |     30     18     34     35     20     15     45
   347 | 2009-07-25 |    3 |     43     43     43     44     24     40     40
   347 | 2009-07-25 |    8 |     34     34     37     37     40     37     21
   347 | 2009-07-25 |   13 |     40     41     36      5     37     38     42
   347 | 2009-07-25 |   27 |     24     29     35     38     21     24     32
   347 | 2009-07-25 |   32 |     34      9     10     16     38     18      8
   347 | 2009-07-25 |   42 |     44     44     44     45     44     44      5
   346 | 2009-07-18 |    5 |     43     44      3     40     28     42     42
   346 | 2009-07-18 |   13 |     34     35     41     27     28     30     33
   346 | 2009-07-18 |   14 |     44     20     35     19     20     33     27
   346 | 2009-07-18 |   22 |      7      2      7     10     25      4     21
   346 | 2009-07-18 |   44 |     36     24     26     43     43     26      9
   346 | 2009-07-18 |   45 |     45     45     45     45     45     45     11
   345 | 2009-07-11 |   15 |      2     18     37      3     22     26     41
   345 | 2009-07-11 |   20 |      9      9     20     13      3      7     15
   345 | 2009-07-11 |   23 |     30      8     13     16     14     30     18
   345 | 2009-07-11 |   29 |     34     42     35     42     24     26     34
   345 | 2009-07-11 |   39 |     45     36     28     23     34     37     11
   345 | 2009-07-11 |   42 |     41     44     34     27     44     35      4
   344 | 2009-07-04 |    1 |     33     22     36      2     14     30     43
   344 | 2009-07-04 |    2 |     19     26     43     35     36     37     34
   344 | 2009-07-04 |   15 |      1      6     14     26      7      4     30
   344 | 2009-07-04 |   28 |     23     21     15     21     42      6     26
   344 | 2009-07-04 |   34 |     11     20      8     16     38     24      4
   344 | 2009-07-04 |   45 |     44     44     18     42     30     33     12
   343 | 2009-06-27 |    1 |     15     18     31      2     20     34     44
   343 | 2009-06-27 |   10 |      9     37     27     19      2     28     40
   343 | 2009-06-27 |   17 |     22     13      1     24     13     32     26
   343 | 2009-06-27 |   29 |     31     24     26     29     26     18     35
   343 | 2009-06-27 |   31 |     41     34     24     38     18      8     45
   343 | 2009-06-27 |   43 |     44     44     44      6     44     44     14
   342 | 2009-06-20 |    1 |     15     16     38      1     19     40     44
   342 | 2009-06-20 |   13 |     26     30     28     40     10     36     32
   342 | 2009-06-20 |   14 |     12     22     22     21     29     22     27
   342 | 2009-06-20 |   33 |     36     19     13     35     15     31      2
   342 | 2009-06-20 |   34 |     34     16      7      2     26     27     12
   342 | 2009-06-20 |   43 |     43     25     24      6     30     29     13
   341 | 2009-06-13 |    1 |      9     24     39     18      3     40     38
   341 | 2009-06-13 |    8 |      8     28     18     15     21     32     18
   341 | 2009-06-13 |   19 |     10      9     26     31     23      9     19
   341 | 2009-06-13 |   34 |     28      7      6      7     11     25     12
   341 | 2009-06-13 |   39 |     41     40     37     32     38     32     10
   341 | 2009-06-13 |   43 |     44     42     28     33     39     28      9
   340 | 2009-06-06 |   18 |     16      9     20     20      3      7     17
   340 | 2009-06-06 |   24 |      8      2      8     12     20      6     18
   340 | 2009-06-06 |   26 |     23     28     26     34     40     12     16
   340 | 2009-06-06 |   29 |     17     30     32     32     34      8     28
   340 | 2009-06-06 |   34 |     31     19     15     30     37     21      4
   340 | 2009-06-06 |   38 |     26     17     10     17      2     17     10
   339 | 2009-05-30 |    6 |     40     35     31     35     37     40     25
   339 | 2009-05-30 |    8 |     34      4     15     33     24     28     21
   339 | 2009-05-30 |   14 |     42     38     21     41     44     27     28
   339 | 2009-05-30 |   21 |      3     32     39     22     30     30     26
   339 | 2009-05-30 |   30 |     30     21     10     28      4     10     36
   339 | 2009-05-30 |   37 |     18     40     41     38     21     16     10
   338 | 2009-05-23 |    2 |     43     41     37     41     39     42     32
   338 | 2009-05-23 |   13 |     30     20     28     35     30     31     34
   338 | 2009-05-23 |   34 |     17     18     10     30     10     10      4
   338 | 2009-05-23 |   38 |     12     25      9     19     17     13      8
   338 | 2009-05-23 |   42 |     44     44     44     44     44     44      5
   338 | 2009-05-23 |   45 |     15     27     39     33     40     19     12
   337 | 2009-05-16 |    1 |      7      9      7      9      6      7     36
   337 | 2009-05-16 |    5 |     41     32     42      4     42     43     43
   337 | 2009-05-16 |   14 |     12     18     13     24     36     24     28
   337 | 2009-05-16 |   18 |     30      8     30     16      3     36     15
   337 | 2009-05-16 |   32 |     23     35      8     27     32     32      6
   337 | 2009-05-16 |   37 |      6      3      9     11     12      4     12
   336 | 2009-05-09 |    3 |     33      9     39     34     18     34     41
   336 | 2009-05-09 |    5 |     20      6     30      1     24     45     44
   336 | 2009-05-09 |   20 |     18      6      3     18     16     38     15
   336 | 2009-05-09 |   34 |     44     39     18     36     39     36      3
   336 | 2009-05-09 |   35 |      3     21     11     11      9      6      7
   336 | 2009-05-09 |   44 |     36     45     27     37     42     28     11
   335 | 2009-05-02 |    5 |     40     10     21     34     16     41     39
   335 | 2009-05-02 |    9 |     24     16     17     34     20     33     31
   335 | 2009-05-02 |   16 |     10     39     32     27     41     23     21
   335 | 2009-05-02 |   23 |     34     35     43     39     22     20     16
   335 | 2009-05-02 |   26 |      6     28     12      8     23      5     18
   335 | 2009-05-02 |   45 |     34     36     26     38     14     15     11
   334 | 2009-04-25 |   13 |     32     16     25     40     14     38     30
   334 | 2009-04-25 |   15 |     33     11     24     37     11     25     34
   334 | 2009-04-25 |   21 |     25      7     22     20     10     32     22
   334 | 2009-04-25 |   29 |     20     10     12     18     12      4     32
   334 | 2009-04-25 |   39 |      3     42     43      6     29     17     13
   334 | 2009-04-25 |   43 |     42     40     44      7     33     22     14
   333 | 2009-04-18 |    5 |      9      7      5      8      6      4     43
   333 | 2009-04-18 |   14 |      6     20     10     23     26      9     28
   333 | 2009-04-18 |   27 |     11      6      6      9      7      2     27
   333 | 2009-04-18 |   30 |     14     37     28     37     40     10     33
   333 | 2009-04-18 |   39 |      1     45     45     43     33     36      9
   333 | 2009-04-18 |   43 |     43     44     42     44     32     18      8
   332 | 2009-04-11 |   16 |     16     14      8     21     31      5     19
   332 | 2009-04-11 |   17 |     28     26     34     24     24     40     24
   332 | 2009-04-11 |   34 |     35     44     39     37     40     34      4
   332 | 2009-04-11 |   36 |     13     40     36     38     38     26      7
   332 | 2009-04-11 |   42 |     40     38     42     43     43     38      5
   332 | 2009-04-11 |   45 |     25     36      2     18     22     31     11
   331 | 2009-04-04 |    4 |      2     39     14      6     38     40     41
   331 | 2009-04-04 |    9 |      9     15     13     24     10      6     29
   331 | 2009-04-04 |   14 |     18     18      7     16     25      8     24
   331 | 2009-04-04 |   26 |      4      1      3      7      5      1     17
   331 | 2009-04-04 |   31 |     28     33     41     19     26     29     45
   331 | 2009-04-04 |   44 |     29     45     42     14     44     42     10
   330 | 2009-03-28 |    3 |     22      6     12     25     13     40     40
   330 | 2009-03-28 |    4 |      1     36     18     16     40     45     24
   330 | 2009-03-28 |   16 |     20     18     15     16     26     16     20
   330 | 2009-03-28 |   17 |     11     19     26      4     19     22     42
   330 | 2009-03-28 |   19 |     16     14     16      3     11      7     37
   330 | 2009-03-28 |   20 |     36     34      2     24      3     42     15
   329 | 2009-03-21 |    9 |     15     19     40      3     28     28     40
   329 | 2009-03-21 |   17 |     16     23     10      5      9     13     36
   329 | 2009-03-21 |   19 |     24     18     16     26     27     16     21
   329 | 2009-03-21 |   30 |     13      3      6     10      4      2     33
   329 | 2009-03-21 |   35 |     32     28     35     18     19     15      6
   329 | 2009-03-21 |   42 |     42     33     33     15     42     41      5
   328 | 2009-03-14 |    1 |     26     15     45     45     20     42     34
   328 | 2009-03-14 |    6 |     22     24     27      2     34     45     39
   328 | 2009-03-14 |    9 |      8     23     43     26     28     36     30
   328 | 2009-03-14 |   16 |     19     18     12     28     29     10     19
   328 | 2009-03-14 |   17 |     12     21     36      1     18     14     44
   328 | 2009-03-14 |   28 |     36     40     14     36     36     17     27
   327 | 2009-03-07 |    6 |      5     20      6      8     16      3     24
   327 | 2009-03-07 |   12 |     18     20     24     13     36     28     38
   327 | 2009-03-07 |   13 |      8      5     12      9      7      7     29
   327 | 2009-03-07 |   17 |      2     15      8     16      8     12     23
   327 | 2009-03-07 |   32 |     30     23     18     34     35     13      6
   327 | 2009-03-07 |   44 |     32     41     16     38     38     20      9
   326 | 2009-02-28 |   16 |      8     12      8     10      4      4     19
   326 | 2009-02-28 |   23 |     38     18     28     22     21     10     17
   326 | 2009-02-28 |   25 |     30     31     16     18     16     30     24
   326 | 2009-02-28 |   33 |      1     22     40     39     11     12      3
   326 | 2009-02-28 |   36 |     44     44     44     44      3     44      7
   326 | 2009-02-28 |   39 |     25     28     14     28     20     32     10
   325 | 2009-02-21 |    7 |     31      4     26     22      6     16     34
   325 | 2009-02-21 |   17 |      2     12     33     20     27     22     24
   325 | 2009-02-21 |   20 |      3     32     33     36     38     27     15
   325 | 2009-02-21 |   32 |     15     38     18     32     40     32      6
   325 | 2009-02-21 |   44 |      7      2     28     15     25     17      7
   325 | 2009-02-21 |   45 |      9     40      1     14     13     32     11
   324 | 2009-02-14 |    2 |     43     24     25     36     34     38     31
   324 | 2009-02-14 |    4 |     45     30     34     40     42     30     27
   324 | 2009-02-14 |   21 |     23     17     30     14     14     15     24
   324 | 2009-02-14 |   25 |     38     19     32     20     32     32     28
   324 | 2009-02-14 |   33 |     32     34     28     25     16     15      3
   324 | 2009-02-14 |   36 |     20     39      8      6      2     28     11
   323 | 2009-02-07 |   10 |     31     28     40     31     41     11     40
   323 | 2009-02-07 |   14 |     34     26     23     23     34     21     28
   323 | 2009-02-07 |   15 |      8     17     26     20     20     14     32
   323 | 2009-02-07 |   32 |     26     37     20      2     37     24     12
   323 | 2009-02-07 |   36 |     38     39     42     37      2     34      8
   323 | 2009-02-07 |   42 |      1     41     17     42     39     35      5
   322 | 2009-01-31 |    9 |     11      9     10     14     10      7     36
   322 | 2009-01-31 |   18 |     30     37     34      2     44     36     28
   322 | 2009-01-31 |   29 |      4      1      1      7      5      1     30
   322 | 2009-01-31 |   32 |     15     30     28     39     36     39      7
   322 | 2009-01-31 |   38 |     42     40     45     36     42     44      8
   322 | 2009-01-31 |   43 |     45     44     44     38     26     36     10
   321 | 2009-01-24 |   12 |     14     13     11     12     40     32     39
   321 | 2009-01-24 |   18 |      9     16     24     32     29      8     17
   321 | 2009-01-24 |   20 |     16     19     14     26     28     10     15
   321 | 2009-01-24 |   21 |      3     14     22     38     11     11     19
   321 | 2009-01-24 |   25 |     39     32     35      2     30     26     41
   321 | 2009-01-24 |   34 |     19     28     32     20     24     15      3
   320 | 2009-01-17 |   16 |      9      4     11     13      3     13     20
   320 | 2009-01-17 |   19 |     15     24     14     20     15      7     21
   320 | 2009-01-17 |   23 |     40     32     30     28     16     28     19
   320 | 2009-01-17 |   25 |     12     10      6      9      8      3     28
   320 | 2009-01-17 |   41 |     37     45      2     36     40     44      1
   320 | 2009-01-17 |   45 |     42     36     45     45      7     43     11
   319 | 2009-01-10 |    5 |     22      5      1     16     26     35     43
   319 | 2009-01-10 |    8 |      1      4     10     14     23     14     20
   319 | 2009-01-10 |   22 |     14     11      8     10     19      5     20
   319 | 2009-01-10 |   28 |     32     40     21     36     41     28     28
   319 | 2009-01-10 |   33 |     18     35     33     26     18     16      2
   319 | 2009-01-10 |   42 |     38     44     40     40     40     41      4
   318 | 2009-01-03 |    2 |     19     20     43     45     44     28     34
   318 | 2009-01-03 |   17 |     10      4     22     14      8      5     25
   318 | 2009-01-03 |   19 |     11      3     11     14     10     26     22
   318 | 2009-01-03 |   20 |      9     21      8     18     30     22     15
   318 | 2009-01-03 |   34 |     42     40     24     36     45     41      4
   318 | 2009-01-03 |   45 |     43     44     25     21     30     45     11
   317 | 2008-12-27 |    3 |     42      7     43     42     23     30     40
   317 | 2008-12-27 |   10 |     22     26     41      1     43     35     44
   317 | 2008-12-27 |   11 |     17      6     23      4     11     16     41
   317 | 2008-12-27 |   22 |      4      1      3      7      5      1     24
   317 | 2008-12-27 |   36 |     31     45     32     31      2     34      8
   317 | 2008-12-27 |   39 |     34     36     21      6     22     29     14
   316 | 2008-12-20 |   10 |     24     26     24     24     40      9     41
   316 | 2008-12-20 |   11 |     25     14      8     37     15     34     30
   316 | 2008-12-20 |   21 |     42     24     21     35     14     38     21
   316 | 2008-12-20 |   27 |     38     26     26     42     21     29     34
   316 | 2008-12-20 |   31 |      8      3      3     13      6      3     45
   316 | 2008-12-20 |   39 |      6     22     26     26      7     10     10
   315 | 2008-12-13 |    1 |     41      6      2     28     16      5     34
   315 | 2008-12-13 |   13 |     23     10     17     30     13     15     28
   315 | 2008-12-13 |   33 |     13     15     11     41     14     38      2
   315 | 2008-12-13 |   35 |      6     24      9     32     10      6      3
   315 | 2008-12-13 |   43 |     20     40     31     44     31     42      8
   315 | 2008-12-13 |   45 |     15     44     14     45     20     43      9
   314 | 2008-12-06 |   15 |     20      8      7     32     16     12     30
   314 | 2008-12-06 |   17 |     10      6     10      2     11      3     43
   314 | 2008-12-06 |   19 |     27     29     23     39     26     14     20
   314 | 2008-12-06 |   34 |     27     41     40      4     42     41     12
   314 | 2008-12-06 |   38 |     13     40      1     35     33     35      7
   314 | 2008-12-06 |   41 |     12     42     42     45     34     38      1
   313 | 2008-11-29 |    9 |     44     24     26     37     16     12     28
   313 | 2008-11-29 |   17 |     11     11      1     15      8      2     25
   313 | 2008-11-29 |   34 |     39     45     44     38      2     40      4
   313 | 2008-11-29 |   35 |      6      2     27     10     11     26      7
   313 | 2008-11-29 |   43 |     18      8     45     23     23     45     12
   313 | 2008-11-29 |   45 |     13     42      4     12     35     42     13
   312 | 2008-11-22 |    2 |     43     28     23     42     39     16     33
   312 | 2008-11-22 |    3 |     28     12     15     30     16      5     42
   312 | 2008-11-22 |    5 |      7      4      6     12     10      3     41
   312 | 2008-11-22 |    6 |     38     33     26     30      1     20     26
   312 | 2008-11-22 |   12 |     37     18     37      4     38     12     44
   312 | 2008-11-22 |   20 |     41     36     24     41     37     18     15
   311 | 2008-11-15 |    4 |     43     24     28     29      1      8     26
   311 | 2008-11-15 |   12 |     31     22     23     18     43     19     38
   311 | 2008-11-15 |   24 |      6      3      5      9      3      2     18
   311 | 2008-11-15 |   27 |     25     20     22     27     10     26     30
   311 | 2008-11-15 |   28 |     28     27     28      2     27     24     42
   311 | 2008-11-15 |   32 |     37     27     34     13     42     40      6
   310 | 2008-11-08 |    1 |      6      6     22      1     18      9     43
   310 | 2008-11-08 |    5 |      7     20     12      5     26      8     44
   310 | 2008-11-08 |   19 |      9     32     21     32     11     28     21
   310 | 2008-11-08 |   28 |     21      5     13     17     24     20     29
   310 | 2008-11-08 |   34 |     30     39     36     16      2     38      4
   310 | 2008-11-08 |   41 |     40     42     31     30     28     40      1
   309 | 2008-11-01 |    1 |     12     22     29     34     13     14     30
   309 | 2008-11-01 |    2 |     22      4     28     12     38     12     35
   309 | 2008-11-01 |    5 |     25      6     20     39     23     41     40
   309 | 2008-11-01 |   11 |     15     20     13     26     18     13     27
   309 | 2008-11-01 |   18 |     36     24     12     34     34     11     16
   309 | 2008-11-01 |   36 |      8     19      8     10      2      2      6
   308 | 2008-10-25 |   14 |     31     21     22     18      4     26     25
   308 | 2008-10-25 |   15 |     26     19     15      3     22     14     43
   308 | 2008-10-25 |   17 |     16     15      3     32     10      5     22
   308 | 2008-10-25 |   19 |      1      9     11     28      8     16     20
   308 | 2008-10-25 |   37 |     45     45     45     45     45     45     13
   308 | 2008-10-25 |   45 |     11     36     13      4     24     30     14
   307 | 2008-10-18 |    5 |      7      6     15      8      8      3     42
   307 | 2008-10-18 |   15 |     19      3     34     15     14     17     28
   307 | 2008-10-18 |   21 |     22     21     18     13     17     37     22
   307 | 2008-10-18 |   23 |     36     39     39      4     24     31     39
   307 | 2008-10-18 |   25 |      8      8      6     12      9      5     24
   307 | 2008-10-18 |   45 |     44     44     44     44     44     44     11
   306 | 2008-10-11 |    4 |     17     28     38     29      1     18     24
   306 | 2008-10-11 |   18 |      8     26     10      2     30      6     31
   306 | 2008-10-11 |   23 |      5     29      6      4      7      2     34
   306 | 2008-10-11 |   30 |     23     30     12     25     39     34     34
   306 | 2008-10-11 |   34 |      7      6      5      8      2      3      4
   306 | 2008-10-11 |   41 |     43     19     31     27     32     32      1
   305 | 2008-10-04 |    7 |     23     31     42     30     32     38     39
   305 | 2008-10-04 |    8 |     26     17     36     32     35     37     24
   305 | 2008-10-04 |   18 |     26     12     29     34     38      8     15
   305 | 2008-10-04 |   21 |      9     10     26     17     11     16     22
   305 | 2008-10-04 |   23 |      6      2     16      8      8      3     31
   305 | 2008-10-04 |   39 |     38     20     20     18     24     25     11
   304 | 2008-09-27 |    4 |      2      9     38     13     30     10     25
   304 | 2008-09-27 |   10 |     21     22     29     33     32     18     38
   304 | 2008-09-27 |   16 |      5      4     15     18      4     14     18
   304 | 2008-09-27 |   26 |      3      6      5      9      3      2     17
   304 | 2008-09-27 |   33 |     38     24     22     20     16     22      3
   304 | 2008-09-27 |   41 |     28     39     26     26     32     25      1
   303 | 2008-09-20 |    2 |      9      4     28     12     22     18     32
   303 | 2008-09-20 |   14 |     15     14     25     18      3     12     26
   303 | 2008-09-20 |   17 |     44     44     44     45     44     44     26
   303 | 2008-09-20 |   30 |     25     31     30     35     33     14     35
   303 | 2008-09-20 |   38 |     28      7     41      5     29     40     13
   303 | 2008-09-20 |   45 |     23     40     29     44     26     38     10
   302 | 2008-09-13 |   13 |     15     13     16      4     20     12     44
   302 | 2008-09-13 |   19 |      9     26     20     23      8     28     20
   302 | 2008-09-13 |   20 |     30     43     31     15     37     38     15
   302 | 2008-09-13 |   32 |     45     45     45     45     45     45      7
   302 | 2008-09-13 |   38 |     44     38     40     35     41     42      8
   302 | 2008-09-13 |   42 |     40     30     39     24     39     24      4
   301 | 2008-09-06 |    7 |     16     21     42      1     28     24     44
   301 | 2008-09-06 |   11 |      5      7      5     10      7      2     35
   301 | 2008-09-06 |   13 |     23     14     16     32     23     14     31
   301 | 2008-09-06 |   33 |     31     36     15     19     16     18      7
   301 | 2008-09-06 |   37 |     36     39     40     36     32     40     13
   301 | 2008-09-06 |   43 |     32      2      6     12     11     31      6
   300 | 2008-08-30 |    7 |     14     12     20     36     37     26     39
   300 | 2008-08-30 |    9 |     16     19     33     41      1     33     30
   300 | 2008-08-30 |   10 |     18     27     22     16     22     28     41
   300 | 2008-08-30 |   12 |     24     20     15     30     16     16     38
   300 | 2008-08-30 |   26 |     12      3     11     10      8      4     18
   300 | 2008-08-30 |   38 |     38     34     36     23     24     41      8
   299 | 2008-08-23 |    1 |      9     12     20     30     35      9     32
   299 | 2008-08-23 |    3 |      8      6     14     17     18      5     39
   299 | 2008-08-23 |   20 |     34     45     17     35     26     33     15
   299 | 2008-08-23 |   25 |      6      3      8      8     11      4     25
   299 | 2008-08-23 |   36 |     41     35     38     33     20     41      6
   299 | 2008-08-23 |   45 |     40     27     38     39     39     28     12
   298 | 2008-08-16 |    5 |      5      6      5     10      7      3     42
   298 | 2008-08-16 |    9 |     17      4     25     14      1     30     31
   298 | 2008-08-16 |   27 |     12     38     35     24     43     31     30
   298 | 2008-08-16 |   29 |      7      8     18      8      3      2     28
   298 | 2008-08-16 |   37 |     22     15     39     13     35     18     14
   298 | 2008-08-16 |   40 |     43     32     41     20     32     34      1
   297 | 2008-08-09 |    6 |     34     40     15     40     18     37     27
   297 | 2008-08-09 |   11 |     20     22     24     41     38     26     30
   297 | 2008-08-09 |   19 |      9      3     23     19      3     14     21
   297 | 2008-08-09 |   20 |     24     34      6      9     11     14     15
   297 | 2008-08-09 |   28 |     29     41     22     27     21     34     28
   297 | 2008-08-09 |   32 |     33     19     28     21     10     23      8
   296 | 2008-08-02 |    3 |     24     24      4     39     41     40     42
   296 | 2008-08-02 |    8 |      2     32     22     41     26     37     20
   296 | 2008-08-02 |   15 |     15     18      2     31     32     26     32
   296 | 2008-08-02 |   27 |     19      7     40     25     22     38     35
   296 | 2008-08-02 |   30 |     30     34     14     26     22     26     34
   296 | 2008-08-02 |   45 |     44     44     44     44     44     44     12
   295 | 2008-07-26 |    1 |     28     38     28     43     35     44     29
   295 | 2008-07-26 |    4 |     44     37     19     40     44     42     26
   295 | 2008-07-26 |   12 |     37     35     16     23     36     34     37
   295 | 2008-07-26 |   16 |     22      5     16     18      3     12     18
   295 | 2008-07-26 |   18 |     25     34     11     24     28     16     16
   295 | 2008-07-26 |   38 |     33      9     21      4     26      6     13
   294 | 2008-07-19 |    6 |     29     36     18     34      2     40     32
   294 | 2008-07-19 |   10 |      1     35     12     30     36     30     39
   294 | 2008-07-19 |   17 |     16     24     37      7     28     32     38
   294 | 2008-07-19 |   30 |     33     42     29     18     38     24     33
   294 | 2008-07-19 |   37 |     14      6      1     19     13      7     14
   294 | 2008-07-19 |   38 |     43     18     36     17     31     20     10
   293 | 2008-07-12 |    1 |     42     41      2     32     40     41     32
   293 | 2008-07-12 |    9 |      5      2      4      6      5      1     33
   293 | 2008-07-12 |   17 |     28     23     29      1     18     33     44
   293 | 2008-07-12 |   21 |     12      8     22     22      6     21     22
   293 | 2008-07-12 |   29 |     20     30     22     27     14     11     29
   293 | 2008-07-12 |   33 |     31     10     18      7     12     14      9
   292 | 2008-07-05 |   17 |     18      3     30     27     13     25     22
   292 | 2008-07-05 |   18 |     16     30     15      3     35     35     35
   292 | 2008-07-05 |   31 |     44     43      2     43     43     43     45
   292 | 2008-07-05 |   32 |     26     20     38     20     30     20      6
   292 | 2008-07-05 |   33 |     37     10     28     24     18     19      4
   292 | 2008-07-05 |   34 |     11      8     18     15     23     14      3
   291 | 2008-06-28 |    3 |     41     36     41     37     39     39     40
   291 | 2008-06-28 |    7 |      3     29     24     35     28     37     38
   291 | 2008-06-28 |    8 |     40     40     35      1     41     36     43
   291 | 2008-06-28 |   18 |     12     22     12      5     22     22     42
   291 | 2008-06-28 |   20 |     16     12     10     19     14     27     15
   291 | 2008-06-28 |   42 |     28     18     18     38     30      8      5
   290 | 2008-06-21 |    8 |     30     32     26     20     37     36     23
   290 | 2008-06-21 |   13 |     22      9     33     21     14     12     29
   290 | 2008-06-21 |   18 |     20     35      8     11     31     11     16
   290 | 2008-06-21 |   32 |      7      6      9     12     11      3      5
   290 | 2008-06-21 |   39 |     35     17      1     39     13     20      9
   290 | 2008-06-21 |   45 |     42     24     44     41     22     21     10
   289 | 2008-06-14 |    3 |     42     22     31     40     28     44     39
   289 | 2008-06-14 |   14 |     14     21      6     14     33     24     30
   289 | 2008-06-14 |   33 |     28     26     38     38     10     14      1
   289 | 2008-06-14 |   37 |     31     10     41     23     22     16     13
   289 | 2008-06-14 |   38 |     29     16     38     16     34     28      9
   289 | 2008-06-14 |   42 |     38     38     41     33     38     41      4
   288 | 2008-06-07 |    1 |     44     31     45     32     29     37     33
   288 | 2008-06-07 |   12 |     11     19     21      3     30     20     44
   288 | 2008-06-07 |   17 |      1      1      4      7      5      1     28
   288 | 2008-06-07 |   28 |      7      2      6     13     22      3     31
   288 | 2008-06-07 |   35 |     33     14     15      6     20     18     13
   288 | 2008-06-07 |   41 |      2     38     38     36     26     36      1
   287 | 2008-05-31 |    6 |     41     21     34     19     38     32     26
   287 | 2008-05-31 |   12 |     39     22     40     26      4     39     37
   287 | 2008-05-31 |   24 |      8      8     37     18     36     38     20
   287 | 2008-05-31 |   27 |     44     43     26     35     16     20     32
   287 | 2008-05-31 |   35 |     13     20     21     34     14     13      4
   287 | 2008-05-31 |   37 |      6      5     17     40     20     40     12
   286 | 2008-05-24 |    1 |     36     34     42     26     29     43     36
   286 | 2008-05-24 |   15 |      6      5     14     32      7      8     30
   286 | 2008-05-24 |   19 |     11     30     20     30     10      9     20
   286 | 2008-05-24 |   40 |     38     37     32      2     38     35     12
   286 | 2008-05-24 |   42 |      3     41     39     42     41     26      2
   286 | 2008-05-24 |   44 |     18      6      8     28     11      3      9
   285 | 2008-05-17 |   13 |     13     30     35     23     26     36     34
   285 | 2008-05-17 |   33 |      9      5      8      9      6      3      3
   285 | 2008-05-17 |   37 |     28     26     33     19     18     29     13
   285 | 2008-05-17 |   40 |     34     15     18     15     37     24      2
   285 | 2008-05-17 |   41 |     44     44     44     44     44     44      1
   285 | 2008-05-17 |   45 |     43     36     40      3     30     36     14
   284 | 2008-05-10 |    2 |     10      8      4      9      9      4     32
   284 | 2008-05-10 |    7 |     10     20     33     35     20     26     37
   284 | 2008-05-10 |   15 |     17     13     35     22     16     11     33
   284 | 2008-05-10 |   24 |     28      7      8     36     30     44     17
   284 | 2008-05-10 |   30 |      1      2      7     14      4      5     35
   284 | 2008-05-10 |   45 |     42     34     44      5     36     41     14
   283 | 2008-05-03 |    6 |      5      6      5     14      7      3     31
   283 | 2008-05-03 |    8 |     27     20     26     30      1     18     20
   283 | 2008-05-03 |   18 |     19     40     15      2      4     12     27
   283 | 2008-05-03 |   31 |     37     43     29      5     28     26     45
   283 | 2008-05-03 |   38 |     26     17     13     24      2     42      8
   283 | 2008-05-03 |   45 |     45     44     43     22     22     38     12
   282 | 2008-04-26 |    2 |      4      1      4     19      5      1     26
   282 | 2008-04-26 |    5 |     36     40     42     45     28     41     41
   282 | 2008-04-26 |   10 |     41     27     33     36     40     32     40
   282 | 2008-04-26 |   18 |     14      6     20      9      4     10     16
   282 | 2008-04-26 |   31 |     25     24     26     34     17     12     45
   282 | 2008-04-26 |   32 |     27     20     16     24     34     18      7
   281 | 2008-04-19 |    1 |     45     41     45     43     26     45     36
   281 | 2008-04-19 |    3 |     40     26     38     17     10     35     41
   281 | 2008-04-19 |    4 |     24     44     32     45     40     40     23
   281 | 2008-04-19 |    6 |      7     18      4      8      8      4     24
   281 | 2008-04-19 |   14 |     36     34     31     36     38     40     27
   281 | 2008-04-19 |   41 |     35     19     27     22     24     10      1
   280 | 2008-04-12 |   10 |     40     37     43     25      2     33     35
   280 | 2008-04-12 |   11 |      3     38     24     41     27     38     36
   280 | 2008-04-12 |   23 |      7      2     17     11      8      4     26
   280 | 2008-04-12 |   24 |     16     35      3     24     40     14     30
   280 | 2008-04-12 |   36 |     18     14     32      3     35     12     13
   280 | 2008-04-12 |   37 |     13      6     11      6     10     12     14
   279 | 2008-04-05 |    7 |     32     43     45     39     20     38     39
   279 | 2008-04-05 |   16 |     26     40     14     12      3     15     20
   279 | 2008-04-05 |   31 |     28     20     30     42     25     33     45
   279 | 2008-04-05 |   36 |     16      8      9     25      1     28      6
   279 | 2008-04-05 |   37 |     39      5     11      4     27     28     14
   279 | 2008-04-05 |   38 |     10     30     22     40     41     40      9
   278 | 2008-03-29 |    3 |     20     44     44     44     34     45     40
   278 | 2008-03-29 |   11 |     16     38     24     43     27     41     27
   278 | 2008-03-29 |   37 |     16     18     26     13     21     16     14
   278 | 2008-03-29 |   39 |     34     29     37     36     20     32     12
   278 | 2008-03-29 |   41 |     11     20     20     19     11     25      1
   278 | 2008-03-29 |   43 |     22     30     36     32     26     27     11
   277 | 2008-03-22 |   10 |      5     24      6      9      8      3     40
   277 | 2008-03-22 |   12 |     10     17     26     17     13     15     38
   277 | 2008-03-22 |   13 |     39     34     37     39      4     35     32
   277 | 2008-03-22 |   15 |     31     35     40      4     40     37     43
   277 | 2008-03-22 |   25 |      1     30     11     15     21      4     27
   277 | 2008-03-22 |   29 |     32     38     36     38     43     21     34
   276 | 2008-03-15 |    4 |     39     36     36     32     40     41     23
   276 | 2008-03-15 |   15 |     25     35     39     26     33     34     27
   276 | 2008-03-15 |   21 |     29     13     14     16     12     30     21
   276 | 2008-03-15 |   33 |      6      2     22     13      6      5      2
   276 | 2008-03-15 |   39 |     11      9     27     21     15     30      8
   276 | 2008-03-15 |   41 |      9     39     45     37     17     38      1
   275 | 2008-03-08 |   14 |     17     13     19      6     18     37     42
   275 | 2008-03-08 |   19 |     18      4     14     20     10     18     20
   275 | 2008-03-08 |   20 |     22     17     10     18      3     40     15
   275 | 2008-03-08 |   35 |     19     18     13      4     15     13     13
   275 | 2008-03-08 |   38 |     21     12     28     21     41     31     10
   275 | 2008-03-08 |   40 |     38     42     32     45      2     32      3
   274 | 2008-03-01 |   13 |      9      4     20     19     12     13     29
   274 | 2008-03-01 |   14 |     28     20     21     28     34     23     27
   274 | 2008-03-01 |   15 |      8     19     11     15     10     18     31
   274 | 2008-03-01 |   26 |     33     32     29     18     35     16     17
   274 | 2008-03-01 |   35 |     13     33     34     24     18     12      6
   274 | 2008-03-01 |   39 |     19     39     39     30     23     43     10
   273 | 2008-02-23 |    1 |     16     44     17     42     22     29     34
   273 | 2008-02-23 |    8 |     23     30     27     36      1     35     22
   273 | 2008-02-23 |   24 |     20      6      1      9     20      6     19
   273 | 2008-02-23 |   31 |     20     11      3     34     15     43     45
   273 | 2008-02-23 |   34 |     29     19     18     21     41     18      4
   273 | 2008-02-23 |   44 |     38     22     35     23     29     13     10
   272 | 2008-02-16 |    7 |     16     30     15     41     29     41     37
   272 | 2008-02-16 |    9 |     22     38     24      6     18     25     41
   272 | 2008-02-16 |   12 |     27     35     18     32     40     40     35
   272 | 2008-02-16 |   27 |      1     18     12      2     12      8     43
   272 | 2008-02-16 |   39 |     36     27     42     42     28     32     12
   272 | 2008-02-16 |   43 |     44     28     41     28     22     31      9
   271 | 2008-02-09 |    3 |     36     44     44     42      2     43     41
   271 | 2008-02-09 |    8 |     33     37     43     41     23     35     20
   271 | 2008-02-09 |    9 |     10     35     23      3     38     30     42
   271 | 2008-02-09 |   27 |      1     11      3     20     30      8     34
   271 | 2008-02-09 |   29 |      5     10      6      8     11      2     32
   271 | 2008-02-09 |   40 |     44     29     37     16     29     29      3
   270 | 2008-02-02 |    5 |     16     36     28      1     12     39     44
   270 | 2008-02-02 |    9 |     39     32     38     22     20     38     38
   270 | 2008-02-02 |   12 |      2     27     11     27     38     33     41
   270 | 2008-02-02 |   20 |     36     26     30      4      4     34     30
   270 | 2008-02-02 |   21 |      4     10     16     13     10      3     20
   270 | 2008-02-02 |   26 |     30      4     24     31     25     29     15
   269 | 2008-01-26 |    5 |     45     44     45     42     27     42     41
   269 | 2008-01-26 |   18 |      6      8      6     15     18      8     16
   269 | 2008-01-26 |   20 |      4      7      5      8      3      2     15
   269 | 2008-01-26 |   36 |     40     20     21     22     45     19      8
   269 | 2008-01-26 |   42 |     29     36     44     34     40     25      6
   269 | 2008-01-26 |   43 |     33     28     33     34     20     14     10
   268 | 2008-01-19 |    3 |     44     43     42     32     27     42     40
   268 | 2008-01-19 |   10 |     12      3     14     18      1     32     33
   268 | 2008-01-19 |   19 |     25     18     21     25     20     28     27
   268 | 2008-01-19 |   24 |      5      9      9      3     24      6     43
   268 | 2008-01-19 |   32 |     28     32     40     33     34     30      4
   268 | 2008-01-19 |   45 |     45     45     45     45     45     45      9
   267 | 2008-01-12 |    7 |     40     40     42     42     14     38     37
   267 | 2008-01-12 |    8 |     28     36     30     41     40     36     21
   267 | 2008-01-12 |   24 |     22     20     10     25     38     17     20
   267 | 2008-01-12 |   34 |     24     30     22     28     30     14      4
   267 | 2008-01-12 |   36 |     30     18     28     18     34     28      6
   267 | 2008-01-12 |   41 |     26     12     12     22     28     20      1
   266 | 2008-01-05 |    3 |     40     44     42     41     36     42     42
   266 | 2008-01-05 |    4 |     43     41     41     32     43     40     26
   266 | 2008-01-05 |    9 |     37     40     35      4     24     41     43
   266 | 2008-01-05 |   11 |     42     37     43     40     34     37     32
   266 | 2008-01-05 |   22 |      8      2     10      8      3      7     24
   266 | 2008-01-05 |   42 |     19     27     32     29      4     21      4
   265 | 2007-12-29 |    5 |      2     35     37     26     12     38     41
   265 | 2007-12-29 |    9 |     23     40     40      1     28     39     44
   265 | 2007-12-29 |   34 |      8      9      5     13     30      5      3
   265 | 2007-12-29 |   37 |     40      7      8     34     15     36     12
   265 | 2007-12-29 |   38 |     42     38     34     42     44     24      7
   265 | 2007-12-29 |   39 |     19     10     20     32     18     14      9
   264 | 2007-12-22 |    9 |     10     26     20     19     20     23     34
   264 | 2007-12-22 |   16 |     41     41     27     24     40     38     20
   264 | 2007-12-22 |   27 |      8      9     16      3     13     28     43
   264 | 2007-12-22 |   36 |      2     37     38     38     40     31      6
   264 | 2007-12-22 |   41 |     26     19     35     40     22     12      1
   264 | 2007-12-22 |   44 |     38     32     29     34     43     17      6
   263 | 2007-12-15 |    1 |     38     26     34     42     17     45     37
   263 | 2007-12-15 |   27 |     16     12      2     16      8     12     32
   263 | 2007-12-15 |   28 |     29     26     30     19     40     10     32
   263 | 2007-12-15 |   32 |     32     32     16     22     34      8      8
   263 | 2007-12-15 |   37 |     40     16     34     36     23     26     14
   263 | 2007-12-15 |   40 |     43     45     25     27      2     30      3
   262 | 2007-12-08 |    9 |      8     34     28     22     14      8     29
   262 | 2007-12-08 |   12 |     40     40     10     39     38     40     37
   262 | 2007-12-08 |   24 |     34     30     42     26     32     16     17
   262 | 2007-12-08 |   25 |     21     36     36     34     20     26     24
   262 | 2007-12-08 |   29 |      8      2     16      9      7      3     30
   262 | 2007-12-08 |   31 |     30     31     40      5     29     21     45
   261 | 2007-12-01 |    6 |      8     31     26     41     27     34     25
   261 | 2007-12-01 |   11 |     32     45     41     39     21     40     35
   261 | 2007-12-01 |   16 |     25     14     22     18     20     34     19
   261 | 2007-12-01 |   18 |     13     11     10     14     24      8     16
   261 | 2007-12-01 |   31 |     37     18     11     22     26     30     45
   261 | 2007-12-01 |   43 |      3     35     40     35     38     15     10
   260 | 2007-11-24 |    7 |      7     11      4     10      5      8     37
   260 | 2007-11-24 |   12 |     37     33     34     32     40     40     38
   260 | 2007-11-24 |   15 |      6     12      6     15      7      6     28
   260 | 2007-11-24 |   24 |     16     22     33     16     30     12     18
   260 | 2007-11-24 |   37 |     18     30     20     34     11     18     11
   260 | 2007-11-24 |   40 |     34     37     34     45      2     21      2
   259 | 2007-11-17 |    4 |      2     10     19     26     35     42     29
   259 | 2007-11-17 |    5 |     37     31     38     14     15     41     40
   259 | 2007-11-17 |   14 |     31     14     12      1     38     30     43
   259 | 2007-11-17 |   35 |      7      6      8      9      7      3      7
   259 | 2007-11-17 |   42 |     20     45     40     44     43     28      4
   259 | 2007-11-17 |   45 |     28     44     44     42     32     12     12
   258 | 2007-11-10 |   14 |     35     16     20     22     35     19     29
   258 | 2007-11-10 |   27 |      3     34     34      3     14      8     44
   258 | 2007-11-10 |   30 |     29     45     36     32      4     12     35
   258 | 2007-11-10 |   31 |     36     39     35      2     25     36     45
   258 | 2007-11-10 |   38 |     20     12      3     22     33      9      8
   258 | 2007-11-10 |   40 |     26     19     42     37      2     16      3
   257 | 2007-11-03 |    6 |      9      9     14     37     29     30     24
   257 | 2007-11-03 |   13 |     17     36     30     42     22     28     32
   257 | 2007-11-03 |   27 |      1     20     21     10     11      7     30
   257 | 2007-11-03 |   31 |     38     39     29     13     18     32     45
   257 | 2007-11-03 |   32 |      2     36     39     14     39     22      8
   257 | 2007-11-03 |   37 |     39     20     37     38     20     15     13
   256 | 2007-10-27 |    4 |     20     26     28     44     42     45     26
   256 | 2007-10-27 |   11 |     18     12     18     37     24     38     30
   256 | 2007-10-27 |   14 |      8      6      8     12     16     14     28
   256 | 2007-10-27 |   21 |     21     32     12     15     11      6     22
   256 | 2007-10-27 |   23 |     34     22     12     23     18     41     19
   256 | 2007-10-27 |   43 |     43     44     37     33     31     24     10
   255 | 2007-10-20 |    1 |     35     32     38      1     16     43     43
   255 | 2007-10-20 |    5 |     12      6     24      5      8     21     44
   255 | 2007-10-20 |    6 |     18     14     13     45     42     42     28
   255 | 2007-10-20 |   24 |     27     19     32      4     40     37     34
   255 | 2007-10-20 |   27 |      3     40      3     33     21     19     35
   255 | 2007-10-20 |   42 |     24     26     21     16     45      8      5
   254 | 2007-10-13 |    1 |     22     41     34     37     23     44     36
   254 | 2007-10-13 |    5 |      4      1      3      7      5      2     42
   254 | 2007-10-13 |   19 |     16     32     23      2     17     19     43
   254 | 2007-10-13 |   20 |     10      4     38     39      4     35     15
   254 | 2007-10-13 |   24 |     26     10      2     20     32     22     18
   254 | 2007-10-13 |   30 |     34     16     27     31      3     18     33
   253 | 2007-10-06 |    8 |     15     22     34     18     36     38     20
   253 | 2007-10-06 |   19 |     24     36     28     37     32     36     19
   253 | 2007-10-06 |   25 |     30     32     31     40     28     27     24
   253 | 2007-10-06 |   31 |     22     17     26      2     10      6     45
   253 | 2007-10-06 |   34 |     40     20     27     36     34     12      4
   253 | 2007-10-06 |   36 |     40     10     17     30     38     14      6
   252 | 2007-09-29 |   14 |     10      3     15     12     22     10     28
   252 | 2007-09-29 |   23 |     24     27     40     24     20     32     20
   252 | 2007-09-29 |   26 |     16     25     19     32     42     16     16
   252 | 2007-09-29 |   31 |     40     35     30     30     16     32     45
   252 | 2007-09-29 |   39 |     44     44     44     44     44     44     11
   252 | 2007-09-29 |   45 |      3     36     31     26     38     15     12
   251 | 2007-09-22 |    6 |     32     43     32     21     35     42     28
   251 | 2007-09-22 |    7 |      4      1      4      5      5      1     38
   251 | 2007-09-22 |   19 |     30     30     33      1     24     28     40
   251 | 2007-09-22 |   25 |      6     12     10     14      7      5     22
   251 | 2007-09-22 |   28 |      7     10     18     17     26      7     26
   251 | 2007-09-22 |   38 |      1     18     13     32     32     10     10
   250 | 2007-09-15 |   19 |     30     33     39     24     24     17     21
   250 | 2007-09-15 |   23 |     40     34     35     31     18     24     20
   250 | 2007-09-15 |   30 |      5      2      7     10      4      3     36
   250 | 2007-09-15 |   37 |     25     26     13     23     16     24     13
   250 | 2007-09-15 |   43 |     27     25     13     41     29     33      8
   250 | 2007-09-15 |   45 |     28     38     27     44     34     30     12
   249 | 2007-09-08 |    3 |     18      6     18      1      8      8     44
   249 | 2007-09-08 |    8 |     34     45     44      3     34     32     42
   249 | 2007-09-08 |   27 |     35     14     13     22     28     11     28
   249 | 2007-09-08 |   31 |     31     44     28     37     20     30     45
   249 | 2007-09-08 |   41 |     37     37     41     39     30     38      1
   249 | 2007-09-08 |   44 |     13     24     32     19     39     23      9
   248 | 2007-09-01 |    3 |      5      1      4      6      5      1     40
   248 | 2007-09-01 |    8 |     34     42     38     36     32     36     22
   248 | 2007-09-01 |   17 |     42     30     19     22     20     17     28
   248 | 2007-09-01 |   23 |     43     32     26     26     22     26     18
   248 | 2007-09-01 |   38 |     28     23     39     40     36     19      8
   248 | 2007-09-01 |   45 |     20     37     26     43     23     41     11
   247 | 2007-08-25 |   12 |     22     33     32     21     41     35     39
   247 | 2007-08-25 |   15 |      2     29     22     26     16     16     31
   247 | 2007-08-25 |   28 |     30     22     40     33     39     24     28
   247 | 2007-08-25 |   36 |     12     13     21     16     28     24      7
   247 | 2007-08-25 |   39 |     45     45     45      6     45     45     14
   247 | 2007-08-25 |   40 |     14     24     42     30      2     30      2
   246 | 2007-08-18 |   13 |     35     41     43     40     26     30     36
   246 | 2007-08-18 |   18 |     18      2      9      9     20      4     17
   246 | 2007-08-18 |   21 |     39     18     10     17     14     20     24
   246 | 2007-08-18 |   23 |     16     16     12     14      7      5     19
   246 | 2007-08-18 |   26 |     35      8     10     17     29     28     16
   246 | 2007-08-18 |   39 |     20      9     12     41     21     37     10
   245 | 2007-08-11 |    9 |     30     36     37     21     34     34     24
   245 | 2007-08-11 |   11 |     12     30      3     20     18     18     34
   245 | 2007-08-11 |   27 |     19     16     14     19     13     31     16
   245 | 2007-08-11 |   31 |     44     44     44     44     44     44     45
   245 | 2007-08-11 |   32 |     37     28     23     30     33     26      3
   245 | 2007-08-11 |   38 |     31     12     16      5     36     20     11
   244 | 2007-08-04 |   13 |     33     41     38     24     20     25     34
   244 | 2007-08-04 |   16 |      9     17     10     36     34     32     18
   244 | 2007-08-04 |   25 |     12     14     13     10     10      7     24
   244 | 2007-08-04 |   36 |     34     11     11     30     28     27      5
   244 | 2007-08-04 |   37 |     32      8     30     15     24     18     14
   244 | 2007-08-04 |   38 |     36     22     28     27     31     38      8
   243 | 2007-07-28 |    2 |     14     42     41     41     44     32     34
   243 | 2007-07-28 |   12 |      5     11      9     11     26      4     37
   243 | 2007-07-28 |   17 |     32     33     43     32     29     18     23
   243 | 2007-07-28 |   19 |     42     35     40      3     24     14     40
   243 | 2007-07-28 |   28 |     18     13     16     44     41     30     26
   243 | 2007-07-28 |   42 |     35     11     13     36     43     34      4
   242 | 2007-07-21 |    4 |     17     42     40     26     28     14     24
   242 | 2007-07-21 |   19 |     41     30     43     40     22     17     19
   242 | 2007-07-21 |   20 |      8      4     23     35      4     13     15
   242 | 2007-07-21 |   21 |      1     27      2     38     14     23     20
   242 | 2007-07-21 |   32 |      7      5     11     30     25     26      7
   242 | 2007-07-21 |   34 |     27     22     13     21     34     21      3
   241 | 2007-07-14 |    2 |     26     45     42     44     42     39     37
   241 | 2007-07-14 |   16 |     10     12     10      2     31      7     42
   241 | 2007-07-14 |   24 |     25     28     40     26     40     30     18
   241 | 2007-07-14 |   27 |     42     24     16     19     19     12     33
   241 | 2007-07-14 |   28 |     14     14     22     34      4     17     29
   241 | 2007-07-14 |   35 |      3     26     13     23     12     25      5
   240 | 2007-07-07 |    6 |     25     42     44     38     41     18     35
   240 | 2007-07-07 |   10 |     13     37     30     25      2     19     34
   240 | 2007-07-07 |   16 |      4     10      6      8      8      2     18
   240 | 2007-07-07 |   40 |     22     27     20     40      1     37      3
   240 | 2007-07-07 |   41 |     40     24     14      6     20     38     12
   240 | 2007-07-07 |   43 |     41     18     38     45     28     33      4
   239 | 2007-06-30 |   11 |     25     23     42     25     17     18     30
   239 | 2007-06-30 |   15 |     28     30     35      3     14     20     43
   239 | 2007-06-30 |   24 |     18     26     22     22     43     22     20
   239 | 2007-06-30 |   39 |     44     40     39     34     26     45     11
   239 | 2007-06-30 |   41 |      8      1      3      7      5      2      1
   239 | 2007-06-30 |   44 |     26     39      8     32     39     40      8
   238 | 2007-06-23 |    2 |     41     17     41     43     36     26     32
   238 | 2007-06-23 |    4 |     19     10     13     18     19     12     25
   238 | 2007-06-23 |   15 |     15      4     36     30     11     20     31
   238 | 2007-06-23 |   28 |     13     19     19     22     44     24     26
   238 | 2007-06-23 |   31 |     34     37     36     26     25     28     45
   238 | 2007-06-23 |   34 |     21     35     10     15     38     37      4
   237 | 2007-06-16 |    1 |     39     22     42      1     21     40     43
   237 | 2007-06-16 |   11 |     33     16      3     38     14     22     28
   237 | 2007-06-16 |   17 |     21     22     30     28     10     10     24
   237 | 2007-06-16 |   21 |     22     32     38     31     28     32     21
   237 | 2007-06-16 |   24 |     29     19     22     27     38     37     19
   237 | 2007-06-16 |   44 |     44     44     44     44     44     44     11
   236 | 2007-06-09 |    1 |     38     26     44     29     24     28     37
   236 | 2007-06-09 |    4 |      2      8     34     15     34     18     29
   236 | 2007-06-09 |    8 |      3     24     38     17      1     21     21
   236 | 2007-06-09 |   13 |     36     24     32     25     13     14     38
   236 | 2007-06-09 |   37 |     15     40     31      5     31     34     14
   236 | 2007-06-09 |   39 |      1     37     21     34     20     44     12
   235 | 2007-06-02 |   21 |     14     15     20      3      9     29     32
   235 | 2007-06-02 |   22 |     23     20     22      5     40     34     38
   235 | 2007-06-02 |   26 |      8      4     10      4     23     15     26
   235 | 2007-06-02 |   27 |     27     31     26     45     28     22     28
   235 | 2007-06-02 |   31 |     36     36     36     26     18     35     45
   235 | 2007-06-02 |   37 |     34     39     35      6     20     39     14
   234 | 2007-05-26 |   13 |     38     29     27      5     20     29     44
   234 | 2007-05-26 |   21 |     32     26     26     12     10     10     23
   234 | 2007-05-26 |   22 |     23     16     11     21      4     34     24
   234 | 2007-05-26 |   24 |      4      4      5      8      8      4     19
   234 | 2007-05-26 |   26 |     28     30     21     34     36     32     18
   234 | 2007-05-26 |   37 |     40     36     41     32     15     39     14
   233 | 2007-05-19 |    4 |     11      6     40     43     42      9     25
   233 | 2007-05-19 |    6 |      5      2      9     18     18      3     28
   233 | 2007-05-19 |   13 |     14     11      6      8      6      1     38
   233 | 2007-05-19 |   17 |     23     24     26     10     12     12     23
   233 | 2007-05-19 |   28 |     29     18     26     24      4     24     26
   233 | 2007-05-19 |   40 |     41     43     38     45     45     42      2
   232 | 2007-05-12 |    8 |     22     13     42     24      1     29     21
   232 | 2007-05-12 |    9 |     14      6     22     18     11      5     29
   232 | 2007-05-12 |   10 |      5      6      6      2      8      2     44
   232 | 2007-05-12 |   12 |      1      3     18     15     34     12     40
   232 | 2007-05-12 |   24 |      6      8      6      8     13      4     20
   232 | 2007-05-12 |   44 |     39     42     28      6     44     43     13
   231 | 2007-05-05 |    5 |     30     28     42      2     23     17     44
   231 | 2007-05-05 |   10 |      4      1      4      7      5      1     39
   231 | 2007-05-05 |   19 |     24     15     32     24     21     12     21
   231 | 2007-05-05 |   31 |     33     29     25     40     17     34     45
   231 | 2007-05-05 |   44 |     38     45     23     34     45     44     10
   231 | 2007-05-05 |   45 |      8      2      7     11      9     20     12
   230 | 2007-04-28 |    5 |     43     30     38      6     15     24     44
   230 | 2007-04-28 |   11 |     38     26     26      2     12     19     42
   230 | 2007-04-28 |   14 |     28     10     12     35     28     32     26
   230 | 2007-04-28 |   29 |     39     28     22     32     26     27     33
   230 | 2007-04-28 |   32 |      4      1      4      7      5      1      8
   230 | 2007-04-28 |   33 |     28     34      8     12     38     39      3
   229 | 2007-04-21 |    4 |     28     13     13      9     32      6     27
   229 | 2007-04-21 |    5 |     33     31     22     23     22     24     42
   229 | 2007-04-21 |    9 |      4      1      4      6      5      1     35
   229 | 2007-04-21 |   11 |     10     19     12     44     17     37     32
   229 | 2007-04-21 |   23 |      1     14      9     14      6      3     19
   229 | 2007-04-21 |   38 |      6      6     25     43      2     43      6
   228 | 2007-04-14 |   17 |     13     26     24     28     38     11     23
   228 | 2007-04-14 |   25 |     12     16     16     16     20      8     26
   228 | 2007-04-14 |   35 |     30     34     31     15     30     31      6
   228 | 2007-04-14 |   36 |     24     28     15     27     16     42      5
   228 | 2007-04-14 |   39 |     15     37     21     22      2     43     11
   228 | 2007-04-14 |   44 |     22     44     39     40     38     40      8
   227 | 2007-04-07 |    4 |     27     18     18     45     45     27     23
   227 | 2007-04-07 |    5 |     26     38     33     40     36     17     43
   227 | 2007-04-07 |   15 |     16      4     30     17      7     13     33
   227 | 2007-04-07 |   16 |     16     13     10     41      3     14     20
   227 | 2007-04-07 |   22 |     10      8     12      4     28      3     32
   227 | 2007-04-07 |   42 |     38     31     25     32     40     39      4
   226 | 2007-03-31 |    2 |     31     26      1     34     36     21     32
   226 | 2007-03-31 |    6 |      4      1      4      8      1      1     29
   226 | 2007-03-31 |    8 |      8     14      7      9     10      2     21
   226 | 2007-03-31 |   14 |     36     31     28     22     44     24     26
   226 | 2007-03-31 |   21 |     10     12      8     32     12     28     22
   226 | 2007-03-31 |   22 |      9     10     10     10     27      8     24
   225 | 2007-03-24 |    5 |     27     43     43     44     31     24     40
   225 | 2007-03-24 |   11 |     26     40      2     26     33     16     33
   225 | 2007-03-24 |   13 |     15     18     25     10      8     12     34
   225 | 2007-03-24 |   19 |     11      9     18      2     13     28     38
   225 | 2007-03-24 |   31 |     30     18     23     13     30     22     45
   225 | 2007-03-24 |   36 |     38     31     14     20      2     36      5
   224 | 2007-03-17 |    4 |     38     40     40     42     42     42     28
   224 | 2007-03-17 |   19 |      8     21     20     32     16      8     18
   224 | 2007-03-17 |   26 |     33     26     32      5      3     30     26
   224 | 2007-03-17 |   27 |     14     20     34      3     33     14     42
   224 | 2007-03-17 |   30 |     13      2      6     10     22      8     35
   224 | 2007-03-17 |   42 |     20      8      4      7     18      4      5
   223 | 2007-03-10 |    1 |     22     42      3     42     34     20     33
   223 | 2007-03-10 |    3 |     18     11      1     43     11     43     41
   223 | 2007-03-10 |   18 |     16      9     13     18     35     36     16
   223 | 2007-03-10 |   20 |      8      6     11     11     18      4     15
   223 | 2007-03-10 |   26 |     10      5     30     32      3     30     17
   223 | 2007-03-10 |   27 |     26     18     26     36     25     13     32
   222 | 2007-03-03 |    5 |     40     35     43     38     27     40     42
   222 | 2007-03-03 |    7 |     29     42      3     24     34     43     38
   222 | 2007-03-03 |   28 |     30     40     18     23     37     26     33
   222 | 2007-03-03 |   29 |     26      7     21     20     15     27     30
   222 | 2007-03-03 |   39 |     12     32     26     31     14     39      9
   222 | 2007-03-03 |   43 |     18     30     29     34     24     41     10
   221 | 2007-02-24 |    2 |     43     41      3     34     42     24     36
   221 | 2007-02-24 |   20 |      3      8      6     15     17      9     15
   221 | 2007-02-24 |   33 |     29     29     34     37     22     31      2
   221 | 2007-02-24 |   35 |     44     44     44     44     44     44      5
   221 | 2007-02-24 |   37 |     12     22     26     38     25     27     12
   221 | 2007-02-24 |   40 |     34     42     30     18     40     38      3
   220 | 2007-02-17 |    5 |     13     30     38     39     33     16     42
   220 | 2007-02-17 |   11 |     22     33     43      5     25     14     44
   220 | 2007-02-17 |   19 |     12      9      9     16      8      6     19
   220 | 2007-02-17 |   21 |     24     12     24     32     16      8     21
   220 | 2007-02-17 |   34 |     22     25     14     26     32     24      4
   220 | 2007-02-17 |   43 |      6     37     10     16      9     28     10
   219 | 2007-02-10 |    4 |      8      9      7     13     17      3     23
   219 | 2007-02-10 |   11 |     18     16      3     29     16     20     29
   219 | 2007-02-10 |   20 |      2      7     40     30     20     30     15
   219 | 2007-02-10 |   26 |      5      3     11      9      3      4     16
   219 | 2007-02-10 |   35 |     16     22     19     19     15     24      8
   219 | 2007-02-10 |   37 |     45     45     45     45     45     45     13
   218 | 2007-02-03 |    1 |      2     33     32     26     28     42     36
   218 | 2007-02-03 |    8 |      4      1      6      7      5      1     22
   218 | 2007-02-03 |   14 |     20     20      1     12     34      6     27
   218 | 2007-02-03 |   18 |     18     37     16     17     41     12     15
   218 | 2007-02-03 |   29 |     14     16     17     24     15     29     26
   218 | 2007-02-03 |   44 |     30     28     26     40     38     40      8
   217 | 2007-01-27 |   16 |     28     36     31      3      4     11     39
   217 | 2007-01-27 |   20 |     29     29     17     16     33     14     15
   217 | 2007-01-27 |   27 |      4     10      7      8      7      3     32
   217 | 2007-01-27 |   33 |     32     14     34      2     15     19     13
   217 | 2007-01-27 |   35 |     12     11     23     34     16     21      3
   217 | 2007-01-27 |   39 |     24     23     18     38     24     40      9
   216 | 2007-01-20 |    7 |     23     42     34      5     34     25     42
   216 | 2007-01-20 |   16 |     12     12      7     10      3      3     18
   216 | 2007-01-20 |   17 |      9     15     12     28     13     10     26
   216 | 2007-01-20 |   33 |     32     17     24     31     24     34      3
   216 | 2007-01-20 |   36 |     39      7     19     18      2     25      6
   216 | 2007-01-20 |   40 |     44     35     42     32     40     32      2
   215 | 2007-01-13 |    2 |     39     45     36     41     44     39     35
   215 | 2007-01-13 |    3 |     22     26     14     38     15     16     41
   215 | 2007-01-13 |    7 |     34     44     28      6     40     38     43
   215 | 2007-01-13 |   15 |      7      9     12     14     14      6     32
   215 | 2007-01-13 |   43 |     15      5      5      9      5      3      9
   215 | 2007-01-13 |   44 |     44     33      2     18     36     33     11
   214 | 2007-01-06 |    5 |     20     28     16      2     11     44     44
   214 | 2007-01-06 |    7 |     32     44     37     40     30     39     38
   214 | 2007-01-06 |   20 |     16     12     15      4     22     13     20
   214 | 2007-01-06 |   25 |     10      7     13     11      7      7     29
   214 | 2007-01-06 |   28 |     10      2      7      9      4      4     31
   214 | 2007-01-06 |   37 |     40     14     20     15     27     26     14
   213 | 2006-12-30 |    2 |     21     42     43     40     43     41     36
   213 | 2006-12-30 |    3 |     29     43      3     37     20     39     42
   213 | 2006-12-30 |    4 |      4      1      5      7      5      2     25
   213 | 2006-12-30 |    5 |     18     40     14     15     11     18     41
   213 | 2006-12-30 |   20 |      9     13     26     18     36     27     15
   213 | 2006-12-30 |   24 |     19     23     20     28     44     17     18
   212 | 2006-12-23 |   11 |     36     33      2     38     24     38     29
   212 | 2006-12-23 |   12 |     14     12     18      1     21     20     44
   212 | 2006-12-23 |   18 |     12      8     12     24      3      9     15
   212 | 2006-12-23 |   21 |     18     14     27     20     11     37     23
   212 | 2006-12-23 |   31 |     29     28     32     28     20     26     45
   212 | 2006-12-23 |   38 |     45     29     14     21      2     24      9
   211 | 2006-12-16 |   12 |     12     25      3     31     36     38     37
   211 | 2006-12-16 |   13 |     14     19     15     14     10     13     34
   211 | 2006-12-16 |   17 |      8      8      9     11      6      3     22
   211 | 2006-12-16 |   20 |     11      5     26     24     21     36     15
   211 | 2006-12-16 |   33 |     31     14     38     20     12     41      3
   211 | 2006-12-16 |   41 |     41     45     44     38     32     30      1
   210 | 2006-12-09 |   10 |     17      4     12     32     20     35     40
   210 | 2006-12-09 |   19 |     16     10     16     25     16     26     18
   210 | 2006-12-09 |   22 |     24     24     20     41     41     15     20
   210 | 2006-12-09 |   23 |     42      5     34     36     14     27     17
   210 | 2006-12-09 |   25 |     36     34     35     31     25     28     24
   210 | 2006-12-09 |   37 |      2     44     42     28     36     20     13
   209 | 2006-12-02 |    2 |      6      7      5      8     12      9     37
   209 | 2006-12-02 |    7 |     14     32     21     11     24     35     38
   209 | 2006-12-02 |   18 |     32     29     14     34      4     32     16
   209 | 2006-12-02 |   20 |     18      8     17     29     28     37     15
   209 | 2006-12-02 |   24 |      1     10     16     25     42     21     18
   209 | 2006-12-02 |   33 |     24     25     27     37     10     17      2
   208 | 2006-11-25 |   14 |     13     14     10      3     32     26     43
   208 | 2006-11-25 |   25 |     22     20     19     20     15     32     26
   208 | 2006-11-25 |   31 |     31     20     20      2     22     19     45
   208 | 2006-11-25 |   34 |     34     11     40     22     36      9      4
   208 | 2006-11-25 |   40 |     41     36     43     21     38     32      3
   208 | 2006-11-25 |   44 |     43     34      1     28     43     22      8
   207 | 2006-11-18 |    3 |     21     30     20      4      1     39     44
   207 | 2006-11-18 |   11 |     33     36     27     38     42     34     27
   207 | 2006-11-18 |   14 |     14      8     26     40     19     27     26
   207 | 2006-11-18 |   31 |     43     24     21     35     34     21     45
   207 | 2006-11-18 |   32 |     30     11     38     21     29     30      8
   207 | 2006-11-18 |   37 |     20     13      8     18     28      4     14
   206 | 2006-11-11 |    1 |     39     34     42      1     44     43     43
   206 | 2006-11-11 |    2 |      9      9      8      9      9      6     31
   206 | 2006-11-11 |    3 |     44     15     44      7      1     44     44
   206 | 2006-11-11 |   15 |     19     22     19     26     29     20     33
   206 | 2006-11-11 |   20 |     20     14     40     12     12     18     15
   206 | 2006-11-11 |   25 |     31     43     35     36     31     18     25
   205 | 2006-11-04 |    1 |     44     31     38     34     33     45     37
   205 | 2006-11-04 |    3 |     45     45     45      1      1     44     44
   205 | 2006-11-04 |   21 |     32     38     28     31     40     34     25
   205 | 2006-11-04 |   29 |     26      7     32     29     23     30     32
   205 | 2006-11-04 |   35 |     29     36     14      2     43     24     13
   205 | 2006-11-04 |   37 |     28     41     20     40     36     37     12
   204 | 2006-10-28 |    3 |     43     30     38      6      1     26     44
   204 | 2006-10-28 |   12 |     30     21     26     30     24     28     36
   204 | 2006-10-28 |   14 |     21     22     13     34     26     16     27
   204 | 2006-10-28 |   35 |     24     24     25     17     34     32      7
   204 | 2006-10-28 |   40 |      5      4     30     24      8     40      2
   204 | 2006-10-28 |   45 |     16     40      1     25     36     36     12
   203 | 2006-10-21 |    1 |     45     35     44     38     45     43     35
   203 | 2006-10-21 |    3 |     10     13      5      9      1      6     41
   203 | 2006-10-21 |   11 |     44     42     28     42     39     40     34
   203 | 2006-10-21 |   24 |     37     20     35     30     30     12     20
   203 | 2006-10-21 |   30 |     24     28     30     24     18      8     34
   203 | 2006-10-21 |   32 |     22     25     28     34     22     20      8
   202 | 2006-10-14 |   12 |     25     22     43     26     24     18     38
   202 | 2006-10-14 |   14 |      6      5     11     10     13      5     29
   202 | 2006-10-14 |   27 |     44     39     28     30     31     22     28
   202 | 2006-10-14 |   33 |     12     15      5     12      2      6      3
   202 | 2006-10-14 |   39 |     35     42     29      6     42     33     14
   202 | 2006-10-14 |   44 |     42     40     36      5     35     23     13
   201 | 2006-10-07 |    3 |      6      1      7      8      1      1     42
   201 | 2006-10-07 |   11 |     13      5     28     35     22     19     28
   201 | 2006-10-07 |   24 |     12     15     19     12     10      8     18
   201 | 2006-10-07 |   38 |     18      8     26     16     12     28      9
   201 | 2006-10-07 |   39 |     37     37     36     33     43     35     12
   201 | 2006-10-07 |   44 |     42     23     36     28     34     30     10
   200 | 2006-09-30 |    5 |     25     35     32     14     34     36     41
   200 | 2006-09-30 |    6 |     43     26     44     20     17     38     25
   200 | 2006-09-30 |   13 |      9     20      7      9      4      4     33
   200 | 2006-09-30 |   14 |     40     27     41      1     19     30     42
   200 | 2006-09-30 |   17 |      5      2      8     10     22      5     23
   200 | 2006-09-30 |   20 |     10      9     15     45      7     42     15
   199 | 2006-09-23 |   14 |     38     26      1     21     16     31     27
   199 | 2006-09-23 |   21 |     20     24     18     30     34     29     20
   199 | 2006-09-23 |   22 |     19     12      8      9     10      8     21
   199 | 2006-09-23 |   25 |     14     15     12      2     27      7     43
   199 | 2006-09-23 |   30 |      1     35     29     30     17     20     34
   199 | 2006-09-23 |   36 |     29     13     28     15     15     14      7
   198 | 2006-09-16 |   12 |     30     30     39      4     24     37     43
   198 | 2006-09-16 |   19 |     40     12     20     24     21     37     21
   198 | 2006-09-16 |   20 |     18     26     36     18     19      5     15
   198 | 2006-09-16 |   25 |     17      7      7     21     27     22     28
   198 | 2006-09-16 |   41 |      5      4      5     17     17      6      1
   198 | 2006-09-16 |   45 |     25     32     21      5     40     26     14
   197 | 2006-09-09 |    7 |      6      6     35     10     22      7     40
   197 | 2006-09-09 |   12 |      6      4     38     19     13     23     41
   197 | 2006-09-09 |   16 |     22     23     32     15     11     26     20
   197 | 2006-09-09 |   34 |     38     18     36     41     31     31      3
   197 | 2006-09-09 |   42 |     42     40     12     44     26     35      4
   197 | 2006-09-09 |   45 |     41     11      7      7     28     40     13
   196 | 2006-09-02 |   35 |     18     20     27      4     27     33     14
   196 | 2006-09-02 |   36 |      5      6      6      9      1      2      5
   196 | 2006-09-02 |   37 |     41     35     30     38     32     45     12
   196 | 2006-09-02 |   41 |     15      2      8     11      7     14      1
   196 | 2006-09-02 |   44 |     40     45     23     41     45     34      7
   196 | 2006-09-02 |   45 |     45     41     26     36     26     36     11
   195 | 2006-08-26 |    7 |     11      3     20     12      1      6     39
   195 | 2006-08-26 |   10 |     20     40     35     22     15     27     41
   195 | 2006-08-26 |   19 |     26     10      7     36     24     33     18
   195 | 2006-08-26 |   22 |      6      2      4     14      7      4     21
   195 | 2006-08-26 |   35 |      7      8      9      9     14      7      6
   195 | 2006-08-26 |   40 |     34     14     40     45     29     41      2
   194 | 2006-08-19 |   15 |     42     41     42     31     40     21     28
   194 | 2006-08-19 |   20 |      9     15     24     32     13     22     15
   194 | 2006-08-19 |   23 |     27     22     14     11     31      8     18
   194 | 2006-08-19 |   26 |     18     11     19      2     21     20     39
   194 | 2006-08-19 |   39 |     39     42     38      3     43     28     14
   194 | 2006-08-19 |   44 |     31      6     30     44     15     45     10
   193 | 2006-08-12 |    6 |     40     36     43     44      2     26     23
   193 | 2006-08-12 |   14 |     18      7     26     28     24      6     24
   193 | 2006-08-12 |   18 |     13     16     26      1     36     20     39
   193 | 2006-08-12 |   26 |      7      8      7     16      3      8     16
   193 | 2006-08-12 |   36 |      8      6      6      8      1      2      7
   193 | 2006-08-12 |   39 |     28     28     20     26     11     36     12
   192 | 2006-08-05 |    4 |     44     41      2     43     43     40     25
   192 | 2006-08-05 |    8 |      3     42     43     44     44     34     19
   192 | 2006-08-05 |   11 |     10     34     30     18      9      5     29
   192 | 2006-08-05 |   18 |     16     17     16     12     34      7     16
   192 | 2006-08-05 |   37 |     15     24     20      4     16     25     14
   192 | 2006-08-05 |   45 |     27     33     17     42     28     38     12
   191 | 2006-07-29 |    5 |     18     43     42     23     40     30     44
   191 | 2006-07-29 |    6 |     10     40     15     17     24      9     27
   191 | 2006-07-29 |   24 |     32     13     27     38     18     24     19
   191 | 2006-07-29 |   25 |     12     15     11      9     28     26     28
   191 | 2006-07-29 |   32 |     34     14     36     41     15     17      6
   191 | 2006-07-29 |   37 |     29     21     32     20      2     16     13
   190 | 2006-07-22 |    8 |     34     44     28      1     29     27     44
   190 | 2006-07-22 |   14 |     20     15     15      2      7      5     43
   190 | 2006-07-22 |   18 |     21      4      9     26     17     31     16
   190 | 2006-07-22 |   30 |     42     24     19     23     14     33     37
   190 | 2006-07-22 |   31 |     24     26     40     37     41     18     45
   190 | 2006-07-22 |   44 |     29      2      8     24      5      9      7
   189 | 2006-07-15 |    8 |     43     37     37     37     30     34     20
   189 | 2006-07-15 |   14 |     28     42     32     35     20     22     24
   189 | 2006-07-15 |   32 |     30     27     30     23     24     29      5
   189 | 2006-07-15 |   35 |     36     36     34     35     38     28      7
   189 | 2006-07-15 |   37 |     38     30     28     30      2     44     14
   189 | 2006-07-15 |   45 |     44     45     34     40     42     42     12
   188 | 2006-07-08 |   19 |      5      5      6     15     26      3     20
   188 | 2006-07-08 |   24 |      8     12     11     18     10     12     19
   188 | 2006-07-08 |   27 |     24     22     25     26      4     16     30
   188 | 2006-07-08 |   30 |     26     24     23     40     20     22     33
   188 | 2006-07-08 |   31 |     24     30     36     14     38     32     45
   188 | 2006-07-08 |   34 |     32     35      1     32     15     36      3
   187 | 2006-07-01 |    1 |     33     22     26     43     39     43     31
   187 | 2006-07-01 |    2 |     34     43     24     42     25     45     35
   187 | 2006-07-01 |    8 |      8     24      4     11      8      2     21
   187 | 2006-07-01 |   18 |     20     26     15     23     20     12     16
   187 | 2006-07-01 |   29 |     26     18     34     26     31     24     33
   187 | 2006-07-01 |   38 |      7     16     10      9     10      7     10
   186 | 2006-06-24 |    4 |     38     37     12      5     44     38     39
   186 | 2006-06-24 |   10 |     32     28     17     42     38     32     38
   186 | 2006-06-24 |   14 |      2     35     24     39     40     37     24
   186 | 2006-06-24 |   19 |     25     17     28      3     14     15     41
   186 | 2006-06-24 |   21 |     17      5     23     17      7     10     23
   186 | 2006-06-24 |   45 |     41     44     45     18     27     32     12
   185 | 2006-06-17 |    1 |     39     45     25      2     23     35     44
   185 | 2006-06-17 |    2 |      9     14     16      6     30     45     43
   185 | 2006-06-17 |    4 |     42     35     15     44     42     42     24
   185 | 2006-06-17 |    8 |     11      3      4     26      1     20     20
   185 | 2006-06-17 |   19 |     28     12     19     25     12     12     19
   185 | 2006-06-17 |   38 |     16      2     35     10      2      6      8
   184 | 2006-06-10 |    1 |     24     21     12     23     15     45     37
   184 | 2006-06-10 |    2 |     37     45     32      1     42     44     44
   184 | 2006-06-10 |    6 |     15      5     10     34     12     37     25
   184 | 2006-06-10 |   16 |      8     29     26     43     40     27     17
   184 | 2006-06-10 |   20 |      5     18      5     20     22      4     15
   184 | 2006-06-10 |   33 |     37     23     40     35     17     18      2
   183 | 2006-06-03 |    2 |     10     28     30     12     32     34     34
   183 | 2006-06-03 |   18 |     33     39     24     17      3     27     16
   183 | 2006-06-03 |   24 |     24     19      9     24     34     19     19
   183 | 2006-06-03 |   34 |     19     14      4      3      9      2     14
   183 | 2006-06-03 |   40 |     42     44     23      6     41     36     13
   183 | 2006-06-03 |   42 |     45     45     28     36     42     28      3
   182 | 2006-05-27 |   13 |     14     27      1     31     20     39     32
   182 | 2006-05-27 |   15 |     20     24     41     40     22     32     28
   182 | 2006-05-27 |   27 |     11      5     23     24     13      8     30
   182 | 2006-05-27 |   29 |     24     25     30     26     16     31     31
   182 | 2006-05-27 |   34 |     35     30     10     16     30     14      3
   182 | 2006-05-27 |   40 |     42     31     28      7     40     33     11
   181 | 2006-05-20 |   14 |      5     15      5      8      9      5     29
   181 | 2006-05-20 |   21 |     27      9     16      2      6     18     38
   181 | 2006-05-20 |   23 |     20      6      6     11      5      7     19
   181 | 2006-05-20 |   32 |      1     12     30     10     28      4      6
   181 | 2006-05-20 |   40 |     42     41     43     40     41     23      3
   181 | 2006-05-20 |   45 |     35     25     40     16     26     30     12
   180 | 2006-05-13 |    2 |     35      2      7     10     22     32     35
   180 | 2006-05-13 |   15 |      8      5     16     28     10     24     30
   180 | 2006-05-13 |   20 |      4      1      3      4      2      1     15
   180 | 2006-05-13 |   21 |     20     32     14     36     10     21     22
   180 | 2006-05-13 |   29 |     13     23     20     39     32      5     32
   180 | 2006-05-13 |   34 |     25     28     38     13     37     10      4
   179 | 2006-05-06 |    5 |     43     15     14      6     40     44     44
   179 | 2006-05-06 |    9 |      1     32     28     38     42     41     30
   179 | 2006-05-06 |   17 |     10      8     10     14      3      5     23
   179 | 2006-05-06 |   25 |     28     22     29     39     41     11     26
   179 | 2006-05-06 |   39 |      8      8      1     18     23      6     10
   179 | 2006-05-06 |   43 |     13     22     45     26     36      8     12
   178 | 2006-04-29 |    1 |     41     32     18      2     38     42     42
   178 | 2006-04-29 |    5 |     42     40     38     42     38     45     40
   178 | 2006-04-29 |   11 |     36     22     35     38     43     38     30
   178 | 2006-04-29 |   12 |     13     17      8     22      7     18     38
   178 | 2006-04-29 |   18 |     31     30     30     24     18     26     16
   178 | 2006-04-29 |   23 |      7      1      6      8     10      2     18
   177 | 2006-04-22 |    1 |     42     41     14     29     43     43     37
   177 | 2006-04-22 |   10 |     24     20     17     42     14     32     39
   177 | 2006-04-22 |   13 |     35     28     35     23     32     36     32
   177 | 2006-04-22 |   16 |      3     27     12     37     20     30     18
   177 | 2006-04-22 |   37 |     21     23     38     16      1      7     14
   177 | 2006-04-22 |   43 |     27     34     43     34     40     11      9
   176 | 2006-04-15 |    4 |     42     28     15     17     26     39     25
   176 | 2006-04-15 |   17 |      1      1      3      6      3      1     23
   176 | 2006-04-15 |   30 |     25      9     26     44      9     21     36
   176 | 2006-04-15 |   32 |      5      6     11     10      5      2      5
   176 | 2006-04-15 |   33 |     15     21     36      5     28     22     12
   176 | 2006-04-15 |   34 |     32     25     41     41     24     26      3
   175 | 2006-04-08 |   19 |     40     45     19     38     40     26     19
   175 | 2006-04-08 |   26 |     29     15     22     36     25     17     16
   175 | 2006-04-08 |   28 |     29     16     26     17     23     16     27
   175 | 2006-04-08 |   31 |     19     24     33     24     32     32     45
   175 | 2006-04-08 |   33 |     29     35     40     28     36     20      2
   175 | 2006-04-08 |   36 |     44     21     43     39     26     22      6
   174 | 2006-04-01 |   13 |     31     45     21     28     27     29     35
   174 | 2006-04-01 |   14 |      4      1      3      7      5      1     28
   174 | 2006-04-01 |   18 |      2     38      1     40     18     35     16
   174 | 2006-04-01 |   22 |     18     44     32     31     24     33     21
   174 | 2006-04-01 |   35 |      1     30     28     20     32     18      5
   174 | 2006-04-01 |   39 |     34     41      2     40     39     20     10
   173 | 2006-03-25 |    3 |     40     34     18     40     40     42     43
   173 | 2006-03-25 |    9 |     40     26     15     24     37     36     28
   173 | 2006-03-25 |   24 |     19     28     41      2     17     30     32
   173 | 2006-03-25 |   30 |     12     35      2     38     26     12     35
   173 | 2006-03-25 |   33 |     33     43     38     26     42     27      1
   173 | 2006-03-25 |   34 |     26     12     36     20     14     15      3
   172 | 2006-03-18 |    4 |     42     39     35      1     20     43     44
   172 | 2006-03-18 |   19 |      2     31     34     38     38     32     20
   172 | 2006-03-18 |   21 |     30     35     33     26     39     24     23
   172 | 2006-03-18 |   24 |     10     13      7     12      8      4     19
   172 | 2006-03-18 |   26 |     25     21     16     36     15     16     17
   172 | 2006-03-18 |   41 |      7      7      3      9     22      2      1
   171 | 2006-03-11 |    4 |      5     12      5     11      6      6     29
   171 | 2006-03-11 |   16 |     14     23     16     24     16     38     19
   171 | 2006-03-11 |   25 |      6      8      6      8     14      2     27
   171 | 2006-03-11 |   29 |     32     17     38     26     35     11     32
   171 | 2006-03-11 |   34 |     20      7     22     20     14      4      4
   171 | 2006-03-11 |   35 |     18     30     42     27     35     32      6
   170 | 2006-03-04 |    2 |     29     28     32     14     36     40     37
   170 | 2006-03-04 |   11 |     18     36     28     21     19     35     32
   170 | 2006-03-04 |   13 |     17     43      4     23     22     37     36
   170 | 2006-03-04 |   15 |      9      3      9     26     13     12     27
   170 | 2006-03-04 |   31 |      7      9      6     15      8      4     45
   170 | 2006-03-04 |   42 |      8      7      7     43     27     31      5
   169 | 2006-02-25 |   16 |     22     22      8     12      8     10     21
   169 | 2006-02-25 |   27 |     17     31     22     32      4     24     34
   169 | 2006-02-25 |   35 |     10     16     36     21     28     11      6
   169 | 2006-02-25 |   37 |     11     17     26     33      2     14     12
   169 | 2006-02-25 |   43 |     15     32     40      5     38     18     14
   169 | 2006-02-25 |   45 |     44     44     44     44     44     44     10
   168 | 2006-02-18 |    3 |     42     40     39     24     36     42     41
   168 | 2006-02-18 |   10 |     27     14     25     27     16     38     39
   168 | 2006-02-18 |   31 |      2      4     14     14     15      6     45
   168 | 2006-02-18 |   40 |     32     20     26     44     19     16      1
   168 | 2006-02-18 |   42 |     25     19     17     37     23     10      5
   168 | 2006-02-18 |   43 |     11     17     29     34     37     15     10
   167 | 2006-02-11 |   24 |      4      4     12     13      7     19     18
   167 | 2006-02-11 |   27 |      3      5     40      3      3     34     42
   167 | 2006-02-11 |   28 |     24     20     14     18     16     11     31
   167 | 2006-02-11 |   30 |     21     11     13     17     12     24     38
   167 | 2006-02-11 |   36 |     14     19     25      2     26     21     12
   167 | 2006-02-11 |   39 |     42     18     30      5     34     10     14
   166 | 2006-02-04 |    9 |     10     30     12     24     33     40     28
   166 | 2006-02-04 |   12 |      7     17      9     12      7      7     37
   166 | 2006-02-04 |   27 |      2     16     27     31      4     22     33
   166 | 2006-02-04 |   36 |     27     28     43     14     28     30      5
   166 | 2006-02-04 |   39 |     45     45     45     45     45     45     11
   166 | 2006-02-04 |   45 |     44     39     42     39     38     31     12
   165 | 2006-01-28 |    5 |     16     41     38     45     42     41     39
   165 | 2006-01-28 |   13 |     23     38      2     32     26     26     34
   165 | 2006-01-28 |   18 |     38     36      1     22     18     18     17
   165 | 2006-01-28 |   19 |     33     36     36     28     40     22     21
   165 | 2006-01-28 |   22 |     12      5     28     20      8     29     24
   165 | 2006-01-28 |   42 |     43     40     39     39     27     37      4
   164 | 2006-01-21 |    6 |     30     42     35     26     27     36     26
   164 | 2006-01-21 |    9 |      5      4     27     16     32     36     32
   164 | 2006-01-21 |   10 |     22     33     14     18      8     11     38
   164 | 2006-01-21 |   11 |     12     14     31      4     38     42     43
   164 | 2006-01-21 |   39 |     24     35     40     39     40     33     12
   164 | 2006-01-21 |   41 |     30     42     32     42     43     28      1
   163 | 2006-01-14 |    7 |      8      4     43     31      2     33     38
   163 | 2006-01-14 |   11 |     26     40     40     43     40     37     33
   163 | 2006-01-14 |   26 |     23     28     35     23     30     25     17
   163 | 2006-01-14 |   28 |     21     21     11     21     26     16     30
   163 | 2006-01-14 |   29 |     12      7     18     30     28      7     32
   163 | 2006-01-14 |   44 |      1     19      7     10     10      3     11
   162 | 2006-01-07 |    1 |      1     43     43     19     43     42     39
   162 | 2006-01-07 |    5 |     24     42     37     16     39     38     42
   162 | 2006-01-07 |   21 |     20     12     26     26     37     26     23
   162 | 2006-01-07 |   25 |     21     27     25     27     34     15     25
   162 | 2006-01-07 |   38 |     26      4     15     40     14      8      5
   162 | 2006-01-07 |   41 |     37     14     19     44     42     12      1
   161 | 2005-12-31 |   22 |      6      3      8      9      8      3     21
   161 | 2005-12-31 |   34 |      9      6     15      1     10      5     12
   161 | 2005-12-31 |   36 |     24     23     31     26     22     23      9
   161 | 2005-12-31 |   40 |     30     42     34     40     25     22      2
   161 | 2005-12-31 |   42 |     13     35     26     35     12     27      5
   161 | 2005-12-31 |   45 |     25     36     13     32     45     14      8
   160 | 2005-12-24 |    3 |     40     36     43     28     43     44     41
   160 | 2005-12-24 |    7 |      1      1      3      7      1      1     37
   160 | 2005-12-24 |    8 |     34     42     41     30     26     35     23
   160 | 2005-12-24 |   34 |     35     36     34     37     29     34      3
   160 | 2005-12-24 |   39 |     24     12      6     32     31     38     10
   160 | 2005-12-24 |   41 |     37     22      5      3     33     12      7
   159 | 2005-12-17 |    1 |     44     44     45     42     44     37     28
   159 | 2005-12-17 |   18 |     11     20     29      1     20     12     32
   159 | 2005-12-17 |   30 |     25     39     34     35     22     13     35
   159 | 2005-12-17 |   41 |     30     34     25     21     38     27      3
   159 | 2005-12-17 |   42 |     24     18      9     13     16      9      4
   159 | 2005-12-17 |   43 |     28     24     16     33     45     24      9
   158 | 2005-12-10 |    4 |      3     41     30     11      1     40     32
   158 | 2005-12-10 |    9 |     19     18     23     10     10     18     32
   158 | 2005-12-10 |   13 |     38     36      1     27     28     34     28
   158 | 2005-12-10 |   18 |      8     10     12     13     12      8     16
   158 | 2005-12-10 |   21 |     11     14     16     33     16     39     22
   158 | 2005-12-10 |   34 |     32     23     18     40      2     19      3
   157 | 2005-12-03 |   19 |     29      7      8     27     13     17     21
   157 | 2005-12-03 |   26 |     32     33     41     40     39     20     16
   157 | 2005-12-03 |   30 |     38     34     31      3     35     30     43
   157 | 2005-12-03 |   33 |     23     19     32     32     26     12      3
   157 | 2005-12-03 |   35 |     10     18     22     20     24     29      6
   157 | 2005-12-03 |   39 |     10     15     16     22     15     13     11
   156 | 2005-11-26 |    5 |     35     26     13     16     14     26     44
   156 | 2005-11-26 |   18 |     19     22     25     26     30     32     15
   156 | 2005-11-26 |   28 |     12     16      2     15     22      6     26
   156 | 2005-11-26 |   30 |     33     34     27     39     37      9     33
   156 | 2005-11-26 |   42 |     22     22      3     37     36     10      3
   156 | 2005-11-26 |   45 |     26     40     31     41     31     24     10
   155 | 2005-11-19 |   16 |     13     13     17     20     23     14     20
   155 | 2005-11-19 |   19 |     30      6     16      2      8     30     42
   155 | 2005-11-19 |   20 |      1     38     30     34     38     23     15
   155 | 2005-11-19 |   32 |     17      2     12     12     28      5      6
   155 | 2005-11-19 |   33 |      2     44     38     40     26     17      2
   155 | 2005-11-19 |   41 |     42     36     44     44     32     42      1
   154 | 2005-11-12 |    6 |     16     29     26     39     38     43     30
   154 | 2005-11-12 |   19 |     24      8     20     19     10     34     21
   154 | 2005-11-12 |   21 |     30     16     40     24     16     16     24
   154 | 2005-11-12 |   35 |     41     21     32     15     26     12      6
   154 | 2005-11-12 |   40 |     28     34     34     22     37     23      2
   154 | 2005-11-12 |   45 |     44     42     42     29     30     32     12
   153 | 2005-11-05 |    3 |     22     13     20     38     12     26     40
   153 | 2005-11-05 |    8 |     13      4     14     21     32     34     20
   153 | 2005-11-05 |   11 |     22     15     20     30     22     27     28
   153 | 2005-11-05 |   12 |     16     26     12     36     39     28     37
   153 | 2005-11-05 |   13 |     16      8     19      4      8     37     41
   153 | 2005-11-05 |   36 |     36     40     45     17     43     23      6
   152 | 2005-10-29 |    1 |     17      5     38      1     10     32     42
   152 | 2005-10-29 |    5 |      4      1      5      8      5      1     41
   152 | 2005-10-29 |   13 |     12     13     26      2      6     13     43
   152 | 2005-10-29 |   26 |     36     29     30     29     39     30     16
   152 | 2005-10-29 |   29 |     34      4     39     16     30     21     33
   152 | 2005-10-29 |   34 |     14     38     20     23     44     19      5
   151 | 2005-10-22 |    1 |      5      1      8      7      7      7     36
   151 | 2005-10-22 |    2 |     18     42     42      1     27     41     44
   151 | 2005-10-22 |   10 |     31     40     39     22     26     40     39
   151 | 2005-10-22 |   13 |     28     30     30     19     43     34     33
   151 | 2005-10-22 |   18 |     36     18     16      3     15     18     30
   151 | 2005-10-22 |   19 |     38     18     34     22      4     27     20
   150 | 2005-10-15 |    2 |     17     44     36      1     37     41     43
   150 | 2005-10-15 |   18 |     23     16     18     12      3     20     17
   150 | 2005-10-15 |   25 |     38     28     31     33     23     16     25
   150 | 2005-10-15 |   28 |     33     15      1     17      4     28     33
   150 | 2005-10-15 |   37 |     43     18     16     22     24     18     12
   150 | 2005-10-15 |   39 |     39     21     23     28     32     11     10
   149 | 2005-10-08 |    2 |     26     45     44     29     44     45     38
   149 | 2005-10-08 |   11 |     20     38     31     32     29     40     32
   149 | 2005-10-08 |   21 |     26     10     16      1     18     34     43
   149 | 2005-10-08 |   34 |     32     21     22      2     36     25     13
   149 | 2005-10-08 |   41 |     43     33     41     44     37     32      1
   149 | 2005-10-08 |   42 |     36      5     43     40     40     28      3
   148 | 2005-10-01 |   21 |     14     18     20      1      3     34     43
   148 | 2005-10-01 |   25 |      2     36     33     20     35     24     26
   148 | 2005-10-01 |   33 |      5     16      5      7     14      1      2
   148 | 2005-10-01 |   34 |     35     21     21     28     24     10      3
   148 | 2005-10-01 |   35 |     39     17     23     32     38     22      6
   148 | 2005-10-01 |   36 |      1     27     41     40     30     30      4
   147 | 2005-09-24 |    4 |     14     25     29     26     22     38     24
   147 | 2005-09-24 |    6 |      4     11      5      9      8      8     26
   147 | 2005-09-24 |   13 |     39     40     37     29     34     36     33
   147 | 2005-09-24 |   21 |     24      4      8     14      3     12     21
   147 | 2005-09-24 |   40 |     27     22     14     44     18     18      1
   147 | 2005-09-24 |   42 |     18     17     12      5     16      6     13
   146 | 2005-09-17 |    2 |     38     37     35      2     39     44     41
   146 | 2005-09-17 |   19 |     18     15     33     18     31     12     20
   146 | 2005-09-17 |   27 |     13     18     25      3     21      6     42
   146 | 2005-09-17 |   35 |     27     30     24     16     35      9      8
   146 | 2005-09-17 |   41 |     42     44     31     30      5     30      2
   146 | 2005-09-17 |   42 |     30     14     11     14     17     16      5
   145 | 2005-09-10 |    2 |     26     45     45     44     33     44     35
   145 | 2005-09-10 |    3 |     18     44      2     31     41     38     40
   145 | 2005-09-10 |   13 |      5     30      5      8     12      3     30
   145 | 2005-09-10 |   20 |     38     29      1     43     23     35     15
   145 | 2005-09-10 |   27 |     30     32     32     42     32     18     28
   145 | 2005-09-10 |   44 |     44      2     34     40      6     29     11
   144 | 2005-09-03 |    4 |     45     43     45     28     27     43     27
   144 | 2005-09-03 |   15 |     36     37     42     22     42     36     31
   144 | 2005-09-03 |   17 |     29     31     28     31     29     22     25
   144 | 2005-09-03 |   26 |     34     21     28      1     12     24     36
   144 | 2005-09-03 |   36 |     14     22     14     39     22     18      5
   144 | 2005-09-03 |   37 |     26     36     22     38     41     28     12
   143 | 2005-08-27 |   26 |      6      3      6     15      6      2     16
   143 | 2005-08-27 |   27 |     34     32     27     28     40     13     34
   143 | 2005-08-27 |   28 |     28     14     12     43     18      7     28
   143 | 2005-08-27 |   42 |      7      6     26     38     14     10      3
   143 | 2005-08-27 |   43 |     20     30     44     32     37     28      8
   143 | 2005-08-27 |   45 |     15     20     42     28     44     28     10
   142 | 2005-08-20 |   12 |     45     32     32      4     44     34     44
   142 | 2005-08-20 |   16 |     30     16     11     15     24      8     20
   142 | 2005-08-20 |   30 |     24     26     22     30     30     20     36
   142 | 2005-08-20 |   34 |     29     37     18     28      4     17      4
   142 | 2005-08-20 |   40 |     28     42     33     45     42     40      2
   142 | 2005-08-20 |   44 |      4      1      4      7      2      1      8
   141 | 2005-08-13 |    8 |      2     14     18     40     43     45     20
   141 | 2005-08-13 |   12 |     35     33     24     40     39     38     39
   141 | 2005-08-13 |   29 |     27     24     25     42     18      8     33
   141 | 2005-08-13 |   31 |     11      7     38     15      8     31     45
   141 | 2005-08-13 |   42 |     21     40      2     32     45     28      4
   141 | 2005-08-13 |   43 |     28     43     45     28     25     22     12
   140 | 2005-08-06 |    3 |     43     32     28     38     30     43     41
   140 | 2005-08-06 |   13 |      1      1      3      7      6      1     34
   140 | 2005-08-06 |   17 |     36     15     23     24     13     19     24
   140 | 2005-08-06 |   18 |     24     12      6     13     28     10     15
   140 | 2005-08-06 |   19 |      2      7     21     25     11     36     20
   140 | 2005-08-06 |   28 |     11     18     24      3     35     14     43
   139 | 2005-07-30 |    9 |     16      5     10      9      1      2     31
   139 | 2005-07-30 |   11 |      3     26     37      3     38     34     42
   139 | 2005-07-30 |   15 |      2     23     34     24     40     36     30
   139 | 2005-07-30 |   20 |     18     18     16     15     11      9     15
   139 | 2005-07-30 |   28 |     12     19      8      2     10     25     42
   139 | 2005-07-30 |   43 |     45     44     41     41     44     38     10
   138 | 2005-07-23 |   10 |     31     22      2     18      8     10     40
   138 | 2005-07-23 |   11 |      2      7     12     28     36     36     32
   138 | 2005-07-23 |   27 |     30     27     39     37     42     29     29
   138 | 2005-07-23 |   28 |     18     34     34     36     34     17     30
   138 | 2005-07-23 |   37 |     24     32     19     32     40     15     12
   138 | 2005-07-23 |   39 |     20     38     32      6      2     43     14
   137 | 2005-07-16 |    7 |     21     37     31     13     25     17     38
   137 | 2005-07-16 |    9 |      5      1      8      6      1      2     30
   137 | 2005-07-16 |   20 |     11      9     10     22      7     14     15
   137 | 2005-07-16 |   25 |     38     36     32     22     37     29     25
   137 | 2005-07-16 |   36 |     10      6      9      2      9      7     14
   137 | 2005-07-16 |   39 |      6      8      5     10      2      3      9
   136 | 2005-07-09 |    2 |     30     37     43     40     18     27     33
   136 | 2005-07-09 |   16 |      1     20     24     24      9      5     20
   136 | 2005-07-09 |   30 |     26     10     16     32     34     12     36
   136 | 2005-07-09 |   36 |     12     23      2     38     16     24      6
   136 | 2005-07-09 |   41 |     22      6      7      9     22      6      1
   136 | 2005-07-09 |   42 |     42     21     38     45     31     28      5
   135 | 2005-07-02 |    6 |     10     10     12     20      8     14     26
   135 | 2005-07-02 |   14 |     26     11     19     19     29     16     28
   135 | 2005-07-02 |   22 |     20     13     36     29     14     28     20
   135 | 2005-07-02 |   28 |     22     24      3     26     26     28     28
   135 | 2005-07-02 |   35 |     42     36     42      6     40     35     14
   135 | 2005-07-02 |   39 |     10      1      4      7      2      2     12
   134 | 2005-06-25 |    3 |     18     12     10     33     31      7     40
   134 | 2005-06-25 |   12 |     28     16     26     41     15     26     38
   134 | 2005-06-25 |   20 |      5      4      5      9      6      2     15
   134 | 2005-06-25 |   23 |     39     36     35      6     43     29     30
   134 | 2005-06-25 |   31 |     29     38     13     12     29      8     45
   134 | 2005-06-25 |   35 |     19     27      9      8     16      6      7
   133 | 2005-06-18 |    4 |      6     14      1     16     18     22     26
   133 | 2005-06-18 |    7 |     28     27     31     34     34     41     37
   133 | 2005-06-18 |   15 |     16     17      9     24     12      6     32
   133 | 2005-06-18 |   18 |      4      5      4      7      5      2     16
   133 | 2005-06-18 |   23 |     32     32     18      3     37     29     39
   133 | 2005-06-18 |   26 |      5      4      8      9      6      4     17
   132 | 2005-06-11 |    3 |     21     27     44     40     30     27     42
   132 | 2005-06-11 |   17 |      3     23      2     15     27     12     23
   132 | 2005-06-11 |   23 |     36     38     38     27     40     11     18
   132 | 2005-06-11 |   34 |     34     38     34     33     16     36      4
   132 | 2005-06-11 |   41 |     43     44     24     19     42     30      1
   132 | 2005-06-11 |   45 |     45     43     23     17     45     43     13
   131 | 2005-06-04 |    8 |      5      4     14      9      8     24     22
   131 | 2005-06-04 |   10 |     10     11     36     12     20     17     40
   131 | 2005-06-04 |   11 |     28     20      4     20     34     27     31
   131 | 2005-06-04 |   14 |     12     24     31     29     15     35     28
   131 | 2005-06-04 |   15 |      4      1      3      5      5      1     30
   131 | 2005-06-04 |   21 |     20     26     18     16     30      9     20
   130 | 2005-05-28 |    7 |     29     25     37     17     34     40     38
   130 | 2005-05-28 |   19 |     34     16     30      1      3     10     39
   130 | 2005-05-28 |   24 |      7      3      7     10      6      2     17
   130 | 2005-05-28 |   27 |     21     10      8     20     17      6     30
   130 | 2005-05-28 |   42 |     36     35     22      3     27      9     13
   130 | 2005-05-28 |   45 |     43     41     29     43     39     32     11
   129 | 2005-05-21 |   19 |     24     15     19     21      3     12     21
   129 | 2005-05-21 |   23 |     32     42     38     26     37     22     19
   129 | 2005-05-21 |   25 |     40     38     21     28     42     19     28
   129 | 2005-05-21 |   28 |     12     18      3     14     18      9     29
   129 | 2005-05-21 |   38 |     14      7     26     42     13     29      7
   129 | 2005-05-21 |   42 |     30     39     34     43     25     31      4
   128 | 2005-05-14 |   12 |     17      4     24     20      9     18     40
   128 | 2005-05-14 |   30 |     22     17     32     30     21     16     38
   128 | 2005-05-14 |   34 |     34     28     15     18     31     29      4
   128 | 2005-05-14 |   36 |     22     30      8     23     26     28      7
   128 | 2005-05-14 |   37 |     26     22     10     26     35     32     12
   128 | 2005-05-14 |   45 |     32     44     43     42      5     26     11
   127 | 2005-05-07 |    3 |     43     40     39     38     44     32     39
   127 | 2005-05-07 |    5 |     38     27     38     40      2     14     42
   127 | 2005-05-07 |   10 |     37     17     43     24     21     23     40
   127 | 2005-05-07 |   29 |     40     37     24     45     36     42     26
   127 | 2005-05-07 |   32 |     15     22     26     22     16     20      6
   127 | 2005-05-07 |   43 |     22     45     36      6     45     40     14
   126 | 2005-04-30 |    7 |     40     28     18     18     38     43     38
   126 | 2005-04-30 |   20 |     15      7     12     14      8      5     15
   126 | 2005-04-30 |   22 |      8     10      1     14      9     12     22
   126 | 2005-04-30 |   27 |      3      3      7      8     12      4     37
   126 | 2005-04-30 |   40 |     10     32     36     40     19     30      2
   126 | 2005-04-30 |   43 |     28     44     34     41     45     40      7
   125 | 2005-04-23 |    2 |     44     24     23     20     30     15     33
   125 | 2005-04-23 |    8 |      2      4     24     16      7     26     20
   125 | 2005-04-23 |   32 |      5      5     43     42     15     40      7
   125 | 2005-04-23 |   33 |     35     35      2     34     43     33      3
   125 | 2005-04-23 |   35 |     14      2      9      9      3     27      6
   125 | 2005-04-23 |   36 |      8     13     18     13     12     10      5
   124 | 2005-04-16 |    4 |     39     16     15     24     30     35     28
   124 | 2005-04-16 |   16 |      9      8      8     11     12      4     17
   124 | 2005-04-16 |   23 |     23     19     23     20     28     34     19
   124 | 2005-04-16 |   25 |     22     38     28     43      4     18     24
   124 | 2005-04-16 |   29 |     34     34     31     45     37     24     31
   124 | 2005-04-16 |   42 |     30     40     42     26     34     39      5
   123 | 2005-04-09 |    7 |     45     33     30     45     23     36     35
   123 | 2005-04-09 |   17 |     32     29     28      2     32     12     42
   123 | 2005-04-09 |   18 |     22      8     13     22      3     10     16
   123 | 2005-04-09 |   28 |     24     24     19     26      4     18     29
   123 | 2005-04-09 |   30 |      1     20     26     29     40     12     36
   123 | 2005-04-09 |   45 |     26     43     44     41     35     40     11
   122 | 2005-04-02 |    1 |     36     34     39     20     26     26     37
   122 | 2005-04-02 |   11 |     22     16     23     34     23     18     32
   122 | 2005-04-02 |   16 |      4      1      4      6      5      1     20
   122 | 2005-04-02 |   17 |      9     28     11     12     13      8     26
   122 | 2005-04-02 |   36 |     44     45      2     42     44     40      7
   122 | 2005-04-02 |   40 |     28     41     20     40     32     36      3
   121 | 2005-03-26 |   12 |      7      5      9     37     16     16     36
   121 | 2005-03-26 |   28 |     34     36     21     33      4     14     28
   121 | 2005-03-26 |   30 |      1     32     28     29     36     20     37
   121 | 2005-03-26 |   34 |     34     36     19     12     19     13      4
   121 | 2005-03-26 |   38 |      2      3     13     16      2      4      8
   121 | 2005-03-26 |   43 |     38     39     40     30     28     38      9
   120 | 2005-03-19 |    4 |     12     19     39     40     30     28     26
   120 | 2005-03-19 |    6 |     12     16     30     37     38     38     25
   120 | 2005-03-19 |   10 |     20     39     38     42     44     37     40
   120 | 2005-03-19 |   11 |     22     31     35      4     20     28     39
   120 | 2005-03-19 |   32 |     35     33     17     14     32     18      8
   120 | 2005-03-19 |   37 |     44     42     38     30     29     34     14
   119 | 2005-03-12 |    3 |     22     40     39      3     28     40     44
   119 | 2005-03-12 |   11 |     38     41     42     41     22     34     25
   119 | 2005-03-12 |   13 |      4      1      4      8      5      1     39
   119 | 2005-03-12 |   14 |     26     38     17     37     41     33     24
   119 | 2005-03-12 |   17 |      3     43     37      1     26     25     40
   119 | 2005-03-12 |   21 |      9      2     10     24      6      3     22
   118 | 2005-03-05 |    3 |     34     34     38     40     29     38     41
   118 | 2005-03-05 |    4 |     11     23     15     42     31     32     23
   118 | 2005-03-05 |   10 |     22     33     30      5     42     34     43
   118 | 2005-03-05 |   17 |      1     26     34     26     21     28     28
   118 | 2005-03-05 |   19 |     38      4     38     28      8     31     22
   118 | 2005-03-05 |   22 |      9     17     11      3     37      7     42
   117 | 2005-02-26 |    5 |     41     37     39     42     12     17     41
   117 | 2005-02-26 |   10 |     28     24     14     33     42     36     40
   117 | 2005-02-26 |   22 |      7      9      3      9     14      5     22
   117 | 2005-02-26 |   34 |     24     32     16      5     34     29     13
   117 | 2005-02-26 |   36 |     19     22     18     30     43     13      7
   117 | 2005-02-26 |   44 |     13     38     17     39     40     14      9
   116 | 2005-02-19 |    2 |      1     11      5      6     16      3     37
   116 | 2005-02-19 |    4 |     40     21     40     44     40     32     27
   116 | 2005-02-19 |   25 |      9      6     36      4      8     31     38
   116 | 2005-02-19 |   31 |      2     24     22     32     26     18     45
   116 | 2005-02-19 |   34 |     21     21     10     13     36     14      4
   116 | 2005-02-19 |   37 |     19     44     37     23     26     40     14
   115 | 2005-02-12 |    1 |     42     44      2     45     25     40     31
   115 | 2005-02-12 |    2 |      1      1      5      7      5      1     34
   115 | 2005-02-12 |    6 |     32     38     23     30     34     43     24
   115 | 2005-02-12 |    9 |     16     39     44     32     24     33     30
   115 | 2005-02-12 |   25 |      8      2      7     10      6      6     23
   115 | 2005-02-12 |   28 |     34     12     26      6      4     24     43
   114 | 2005-02-05 |   11 |      9     16     23     11     10     21     33
   114 | 2005-02-05 |   14 |     10     25     35     37     34     30     26
   114 | 2005-02-05 |   19 |     12      2     16     10      8      5     20
   114 | 2005-02-05 |   26 |      1     26     18     26     40     20     17
   114 | 2005-02-05 |   28 |     39     19     12      3      4      7     43
   114 | 2005-02-05 |   41 |     32     10     15     24      9     34      1
   113 | 2005-01-29 |    4 |     24     37     33     21     40     40     28
   113 | 2005-01-29 |    9 |     38     38     39     35     27     33     31
   113 | 2005-01-29 |   28 |     16      4     20     28      3      7     28
   113 | 2005-01-29 |   33 |     43     43     43      2     43     43     13
   113 | 2005-01-29 |   36 |     43     43     43     44     43     43      4
   113 | 2005-01-29 |   45 |     43     43     43     44     43     43     11
   112 | 2005-01-22 |   26 |     20     23     33     26     19     20     16
   112 | 2005-01-22 |   29 |     39     33     27     30      4     14     33
   112 | 2005-01-22 |   30 |     11     18     21     12     16      8     35
   112 | 2005-01-22 |   33 |      3     44     44      5     44     44     12
   112 | 2005-01-22 |   41 |     28     11     12     28     34     15      1
   112 | 2005-01-22 |   42 |      9      6     19     18     10      6      3
   111 | 2005-01-15 |    7 |     40     38     40      1     38     35     44
   111 | 2005-01-15 |   18 |     28     30     32     20      4     30     16
   111 | 2005-01-15 |   31 |     32     22     25     26     25     29     45
   111 | 2005-01-15 |   33 |      1     20     14     36     31     21      4
   111 | 2005-01-15 |   36 |     44     44     44     44     44     44      6
   111 | 2005-01-15 |   40 |     15     10     11     16     37     17      2
   110 | 2005-01-08 |    7 |     39     41     42     33     34     37     40
   110 | 2005-01-08 |   20 |     14     25     18     19     28     10     15
   110 | 2005-01-08 |   22 |      8     14      7     14     18      5     24
   110 | 2005-01-08 |   23 |     24     30     27     22     18     29     18
   110 | 2005-01-08 |   29 |     34     29     28     20     26     24     35
   110 | 2005-01-08 |   43 |     23     15     17     43     18      7      7
   109 | 2005-01-01 |    1 |     42     39     43     41     23     42     34
   109 | 2005-01-01 |    5 |     29     43     41     38     26     41     40
   109 | 2005-01-01 |   34 |     14     20     27     25     29     29      3
   109 | 2005-01-01 |   36 |     20     12     12     35     37     24      6
   109 | 2005-01-01 |   42 |     18     32     32     28     44     24      5
   109 | 2005-01-01 |   44 |      7     15     24      5     31     12     14
   108 | 2004-12-25 |    7 |     38     42     44     44     36     43     38
   108 | 2004-12-25 |   18 |     26      2      6      8      3     10     16
   108 | 2004-12-25 |   22 |     32     34     19     36     40     35     22
   108 | 2004-12-25 |   23 |     34     16     24     23     14     31     18
   108 | 2004-12-25 |   29 |      2     23      3     26     19     24     36
   108 | 2004-12-25 |   44 |     14     32     17     15     39     19     12
   107 | 2004-12-18 |    1 |     34     45      2     44     42     44     33
   107 | 2004-12-18 |    4 |     18     44     40      1     26     40     40
   107 | 2004-12-18 |    5 |     31     43     45     40     35     42     41
   107 | 2004-12-18 |    6 |     22     42     28     43     20     38     25
   107 | 2004-12-18 |    9 |      9     10     28     18      1     24     31
   107 | 2004-12-18 |   31 |     32     26     43     28     37     17     45
   106 | 2004-12-11 |    4 |     40     34     36     42     42     44     22
   106 | 2004-12-11 |   10 |      3     26     29      4     34     37     44
   106 | 2004-12-11 |   12 |     38     42     42     38     43     39     40
   106 | 2004-12-11 |   22 |     10      7     15     13     26      6     21
   106 | 2004-12-11 |   24 |     22     14     11     18     32     16     17
   106 | 2004-12-11 |   33 |     21     32     20     43     14     28      2
   105 | 2004-12-04 |    8 |     31     28     43     26      2     44     21
   105 | 2004-12-04 |   10 |      1     16     16     15     31     26     41
   105 | 2004-12-04 |   20 |     15     32     17     23     26     28     15
   105 | 2004-12-04 |   34 |     44     36     25      2     35     23     10
   105 | 2004-12-04 |   41 |     38     32     33     41     16     18      1
   105 | 2004-12-04 |   45 |     40     20     19     45     28     23      8
   104 | 2004-11-27 |   17 |      8     44     21     34     18     24     27
   104 | 2004-11-27 |   32 |     41     17     39     26     38     22      8
   104 | 2004-11-27 |   33 |     25     15     30     40     16     14      3
   104 | 2004-11-27 |   34 |     34     22      1     31     35     11      4
   104 | 2004-11-27 |   42 |      1     28     44     24     40     21      5
   104 | 2004-11-27 |   44 |     45     32     42     30     45     26     10
   103 | 2004-11-20 |    5 |      8      7      8      8      8      4     43
   103 | 2004-11-20 |   14 |     38     37     35     22     44     30     26
   103 | 2004-11-20 |   15 |     19     20     20     18     11     23     30
   103 | 2004-11-20 |   27 |     23     44     15     36     16     34     28
   103 | 2004-11-20 |   30 |     36     42     30     30     44     18     33
   103 | 2004-11-20 |   45 |     29     36     32     32     24     16     11
   102 | 2004-11-13 |   17 |     20     36     18      3     19     20     42
   102 | 2004-11-13 |   22 |     32     34     35     31     24     12     24
   102 | 2004-11-13 |   24 |     10     34     11      9     15      5     19
   102 | 2004-11-13 |   26 |     32     45     28     21     45     23     17
   102 | 2004-11-13 |   35 |     12     26     40      6     14     16     12
   102 | 2004-11-13 |   40 |     22     30     43     18     35     32      3
   101 | 2004-11-06 |    1 |     22     10      6      1      6      4     42
   101 | 2004-11-06 |    3 |     39     10     22     34     22     23     40
   101 | 2004-11-06 |   17 |     19     41      2     29     15     16     25
   101 | 2004-11-06 |   32 |     26     38     34     23     34     20      6
   101 | 2004-11-06 |   35 |     14     14     38     42     18     11      5
   101 | 2004-11-06 |   45 |     37     35     43     40     32     36     12
   100 | 2004-10-30 |    1 |     37     18     29      2     12     45     42
   100 | 2004-10-30 |    7 |     41     45     24     38     39     34     37
   100 | 2004-10-30 |   11 |      2      3      9     29      8      8     33
   100 | 2004-10-30 |   23 |     22     25     11     30      7      6     18
   100 | 2004-10-30 |   37 |     39     19     32      5     24     27     14
   100 | 2004-10-30 |   42 |     31     22     39     25     41     28      5
    99 | 2004-10-23 |    1 |     28     44     41     36     40     35     29
    99 | 2004-10-23 |    3 |      1     40     43     31     26     17     43
    99 | 2004-10-23 |   10 |      9      3      3     29      9     10     40
    99 | 2004-10-23 |   27 |     36     38     38     24     43     36     27
    99 | 2004-10-23 |   29 |     24     19     23     21      4     24     34
    99 | 2004-10-23 |   37 |      8      6     13      8     10      7     13
    98 | 2004-10-16 |    6 |     37     30     12      1     10     34     38
    98 | 2004-10-16 |    9 |      4      1      4      7      1      1     34
    98 | 2004-10-16 |   16 |     29     12     22     34     15     13     17
    98 | 2004-10-16 |   23 |     20     34     32     15     29     20     18
    98 | 2004-10-16 |   24 |      5      3      1      9      6      3     19
    98 | 2004-10-16 |   32 |     30     14     23     31     18     16      7
    97 | 2004-10-09 |    6 |      3     41     15     39     28     40     28
    97 | 2004-10-09 |    7 |     12      5     14     32     14     21     38
    97 | 2004-10-09 |   14 |      2     22     11     34     13     34     24
    97 | 2004-10-09 |   15 |      8     15      5      8     19      2     34
    97 | 2004-10-09 |   20 |      1     11      9     38     26     22     15
    97 | 2004-10-09 |   36 |     21     12     23     16     18     14      7
    96 | 2004-10-02 |    1 |     43     43      2     30     26     42     32
    96 | 2004-10-02 |    3 |     41     40     43     24     22     43     40
    96 | 2004-10-02 |    8 |     44     44     38      1      2     38     41
    96 | 2004-10-02 |   21 |      8      2     23     25     10     14     23
    96 | 2004-10-02 |   22 |     27     12     16     16     31     16     22
    96 | 2004-10-02 |   31 |     14     32     40      2     16     37     45
    95 | 2004-09-25 |    8 |     14     44     20     16      1     18     22
    95 | 2004-09-25 |   17 |      3     26      1      9     14      5     28
    95 | 2004-09-25 |   27 |     38     26     30     32     29     32     34
    95 | 2004-09-25 |   31 |      6     17      6     14     10      3     44
    95 | 2004-09-25 |   34 |      8     11      9      4     31     14     12
    95 | 2004-09-25 |   43 |     32     28     36     41     29     32      8
    94 | 2004-09-18 |    5 |     45     45     43     27     26     42     42
    94 | 2004-09-18 |   32 |     16     17     25     42     30     28      6
    94 | 2004-09-18 |   34 |     12     16      1     44     44     26      4
    94 | 2004-09-18 |   40 |      7      5     34     31     22     32      1
    94 | 2004-09-18 |   41 |     42     36     35     28     33     35      2
    94 | 2004-09-18 |   45 |     37     31     21     40     41     29      9
    93 | 2004-09-11 |    6 |     33     36     45     42     30     40     24
    93 | 2004-09-11 |   22 |      5      4     10     10     14      4     21
    93 | 2004-09-11 |   24 |     15      8     16      2     32      6     42
    93 | 2004-09-11 |   36 |      7     14     23      5     42     27     14
    93 | 2004-09-11 |   38 |      8     14     28     29      1     30      6
    93 | 2004-09-11 |   44 |     17     18     37     38     38     25      7
    92 | 2004-09-04 |    3 |     42     45      3     38     29     44     42
    92 | 2004-09-04 |   14 |      4     12     10      8     10      2     26
    92 | 2004-09-04 |   24 |      9      7      8      4     21     10     33
    92 | 2004-09-04 |   33 |     36     33     17     29     24     24      4
    92 | 2004-09-04 |   35 |     31     24     21     35     33     28      6
    92 | 2004-09-04 |   36 |     40     11     30     36     38     28      5
    91 | 2004-08-28 |    1 |     33     44     43     18     29     43     37
    91 | 2004-08-28 |   21 |      4      1      3      7      5      1     21
    91 | 2004-08-28 |   24 |     20     28     28     38     44     14     18
    91 | 2004-08-28 |   26 |     42     15     35     34     42     24     16
    91 | 2004-08-28 |   29 |     14     20      7      4     11      8     43
    91 | 2004-08-28 |   42 |     26     21     40     40     30     36      5
    90 | 2004-08-21 |   17 |     22     23     30     19     22      8     27
    90 | 2004-08-21 |   20 |     22     22     15     32     34      9     15
    90 | 2004-08-21 |   29 |     40     40     25      2     28     15     43
    90 | 2004-08-21 |   35 |     37     28     32     21     17     35      6
    90 | 2004-08-21 |   38 |     21      2      6     11      2      4      7
    90 | 2004-08-21 |   44 |     43     42     24     43     43     42      8
    89 | 2004-08-14 |    4 |     30     37     41     40     44     21     25
    89 | 2004-08-14 |   26 |      1     10     14     13     20     26     16
    89 | 2004-08-14 |   28 |     33      3     12     15      3     13     27
    89 | 2004-08-14 |   29 |     37     38     40     34     15     42     28
    89 | 2004-08-14 |   33 |      2     34     33     28     18     30      2
    89 | 2004-08-14 |   40 |     24     14      8     14     24     37      2
    88 | 2004-08-07 |    1 |     27     14     44     45      1     29     35
    88 | 2004-08-07 |   17 |     16      9     28     14     27     12     24
    88 | 2004-08-07 |   20 |     18      4     14     24      9     13     15
    88 | 2004-08-07 |   24 |     23     13      9     26     10     17     18
    88 | 2004-08-07 |   30 |     37     34     20     24     24     40     36
    88 | 2004-08-07 |   41 |     38     24     17     25      5     43      1
    87 | 2004-07-31 |    4 |      4      2     30     10      7      3     24
    87 | 2004-07-31 |   12 |     14     11     25      3     28     16     44
    87 | 2004-07-31 |   16 |     18     32     40     25     15     24     19
    87 | 2004-07-31 |   23 |     34     26     37     28     37     19     18
    87 | 2004-07-31 |   34 |     30     19     27     35     20     39      3
    87 | 2004-07-31 |   43 |     37     34     31     42     40     42     11
    86 | 2004-07-24 |    2 |     38     10     41     36     26      6     32
    86 | 2004-07-24 |   12 |     27      4      3     38     11     33     37
    86 | 2004-07-24 |   37 |      9     12      7     10     18     36     13
    86 | 2004-07-24 |   39 |     16     28     12     26     38     44     12
    86 | 2004-07-24 |   41 |     14      6     33     22      4     43      1
    86 | 2004-07-24 |   45 |     32     44     26     31     38     45     11
    85 | 2004-07-17 |    6 |     26     25     25     20     26     19     26
    85 | 2004-07-17 |    8 |     10      4      9     10      7      4     21
    85 | 2004-07-17 |   13 |     42     28     27     28     38     28     34
    85 | 2004-07-17 |   23 |     13     19     10      3     18     13     39
    85 | 2004-07-17 |   31 |      7      1      7     14      1     12     45
    85 | 2004-07-17 |   36 |     17     26     11     30     20     33      5
    84 | 2004-07-10 |   16 |     10      6      9     31     13     10     19
    84 | 2004-07-10 |   23 |      4      1      4      7      6      1     20
    84 | 2004-07-10 |   27 |     30     40     30     40     43     30     37
    84 | 2004-07-10 |   34 |     24     18     24      3     14     35     14
    84 | 2004-07-10 |   42 |     18     30     28     20     17     40      4
    84 | 2004-07-10 |   45 |     12      2     12     12     21     39     12
    83 | 2004-07-03 |    6 |      2      3      7     22     10      5     29
    83 | 2004-07-03 |   10 |     33     13     34     40     27     10     40
    83 | 2004-07-03 |   15 |     39     32      1     34     38     14     33
    83 | 2004-07-03 |   17 |     28     24     16     39     42     22     25
    83 | 2004-07-03 |   19 |     16     23     22     17     28     20     20
    83 | 2004-07-03 |   34 |     11      9     44     31      9     41      3
    82 | 2004-06-26 |    1 |      2     11      8     25      2      2     36
    82 | 2004-06-26 |    2 |     42     30      4     41     23     18     30
    82 | 2004-06-26 |    3 |     34     14     43     42     34     32     41
    82 | 2004-06-26 |   14 |      3     13     40     27     14     13     27
    82 | 2004-06-26 |   27 |     22     32     27     37     41     32     35
    82 | 2004-06-26 |   42 |      5      3      7      8      6     15      6
    81 | 2004-06-19 |    5 |     39     29      4     31     41     35     43
    81 | 2004-06-19 |    7 |     40     27     40     37     42     32     39
    81 | 2004-06-19 |   11 |     20     17     16     13      4      6     27
    81 | 2004-06-19 |   13 |     16     13     12      9     24      2     40
    81 | 2004-06-19 |   20 |      8      4     11     34      7     24     15
    81 | 2004-06-19 |   33 |     24     37     38     23     26     30      1
    80 | 2004-06-12 |   17 |     22     36     22     34     33     14     25
    80 | 2004-06-12 |   18 |     17     10     16     24     12      5     17
    80 | 2004-06-12 |   24 |     23      9     30      3     18     25     34
    80 | 2004-06-12 |   25 |     14     28     18     44     44     32     24
    80 | 2004-06-12 |   26 |     24     17     26     43      8     13     16
    80 | 2004-06-12 |   30 |     28     20     24      6     20     19     41
    79 | 2004-06-05 |    3 |     10     22      9     30     44     20     40
    79 | 2004-06-05 |   12 |     15     17     19     18     19     16     38
    79 | 2004-06-05 |   24 |     19     10     28     15     12      7     18
    79 | 2004-06-05 |   27 |     32     28     22     37     27     12     34
    79 | 2004-06-05 |   30 |     29     39     36     42     14     25     35
    79 | 2004-06-05 |   32 |     34     41     37     21     22     17      6
    78 | 2004-05-29 |   10 |     14     12     22     22     28     20     40
    78 | 2004-05-29 |   13 |      4      2      3      7      7      1     31
    78 | 2004-05-29 |   25 |     36     39     30     42     36     25     30
    78 | 2004-05-29 |   29 |     36     24     31      4     33     16     43
    78 | 2004-05-29 |   33 |     30     30     32     21     32     45      3
    78 | 2004-05-29 |   35 |     38     45     45     38     43     42      6
    77 | 2004-05-22 |    2 |     24     36     37     44     37     34     28
    77 | 2004-05-22 |   18 |      7      8     24     19     23     24     16
    77 | 2004-05-22 |   29 |     44     40      2     37     30     18     33
    77 | 2004-05-22 |   32 |     16     21     17     15     24     14      8
    77 | 2004-05-22 |   43 |      2     42     39     22     35     45     10
    77 | 2004-05-22 |   44 |     42     37     44     26     20     36     11
    76 | 2004-05-15 |    1 |      4      2      4      7      1      2     34
    76 | 2004-05-15 |    3 |     13     43     16     21     41     17     41
    76 | 2004-05-15 |   15 |     18     38     14     18     34     13     30
    76 | 2004-05-15 |   22 |     43     24     26     28     22     10     22
    76 | 2004-05-15 |   25 |     37     35      2     30     32     32     28
    76 | 2004-05-15 |   37 |     36     30     40     32     40     28     12
    75 | 2004-05-08 |    2 |     31     42     33     44     33     43     37
    75 | 2004-05-08 |    5 |     30     26     16     33     45     44     41
    75 | 2004-05-08 |   24 |     34     22     42     36     23     18     19
    75 | 2004-05-08 |   32 |      6      4     36     23      9     28      5
    75 | 2004-05-08 |   34 |      7      2      9     11      7      4      3
    75 | 2004-05-08 |   44 |     22     25     45     40     24     22      7
    74 | 2004-05-01 |    6 |      8     17      6      9      9      4     24
    74 | 2004-05-01 |   15 |     26     22      4     22     30     20     30
    74 | 2004-05-01 |   17 |     12     17      9     12     34     13     28
    74 | 2004-05-01 |   18 |     10      8     13      3     12      7     40
    74 | 2004-05-01 |   35 |     33     41     31     32     38     29      5
    74 | 2004-05-01 |   40 |     22     25     44      6     22     35     10
    73 | 2004-04-24 |    3 |     44     27      2     45     44     44     42
    73 | 2004-04-24 |   12 |     26     38     42     39     18     34     35
    73 | 2004-04-24 |   18 |      9      6      6     15      8      5     16
    73 | 2004-04-24 |   32 |     12     29     24     27     19      9      8
    73 | 2004-04-24 |   40 |     16     28     36     18     15     27      3
    73 | 2004-04-24 |   43 |     35     39     36     25     45     38     12
    72 | 2004-04-17 |    2 |     28     33     43     39     26     42     34
    72 | 2004-04-17 |    4 |     22     35     33     43     27     27     26
    72 | 2004-04-17 |   11 |      4      1      4      7      3      1     33
    72 | 2004-04-17 |   17 |     30     25     28     41     36     17     24
    72 | 2004-04-17 |   26 |      1     14     10     18     18      9     16
    72 | 2004-04-17 |   27 |     42     23     18     33     39     14     30
    71 | 2004-04-10 |    5 |     17     34     41      1     41     41     44
    71 | 2004-04-10 |    9 |      4      2      5      7      9      1     32
    71 | 2004-04-10 |   12 |      8     24      7      8     14     14     36
    71 | 2004-04-10 |   16 |     22     26     28     28     20     24     20
    71 | 2004-04-10 |   29 |     18     28      3     41     38     28     28
    71 | 2004-04-10 |   41 |     36     13     18     18      4      6      1
    70 | 2004-04-03 |    5 |     12     30     18      1     41     12     44
    70 | 2004-04-03 |   19 |     11     26     22      4     26      7     37
    70 | 2004-04-03 |   22 |     20     23     38     13     18     16     22
    70 | 2004-04-03 |   25 |     25     29      3     28     27     23     25
    70 | 2004-04-03 |   28 |      7      2     10      8      7      3     27
    70 | 2004-04-03 |   43 |     43     37     43     35     40     34     11
    69 | 2004-03-27 |    5 |      4      1      3      7      7      2     40
    69 | 2004-03-27 |    8 |     19     37      4     40     29     36     19
    69 | 2004-03-27 |   14 |     44     44      2     44     44     44     26
    69 | 2004-03-27 |   15 |     12     22     15      5     26      9     42
    69 | 2004-03-27 |   19 |     17     21      7     18     22      7     20
    69 | 2004-03-27 |   39 |     40     30     21      3     36     26     14
    68 | 2004-03-20 |   10 |      7     28     24      4     23     16     43
    68 | 2004-03-20 |   12 |      6     26     14     10     14      3     39
    68 | 2004-03-20 |   15 |     26     20     39      2     38     41     41
    68 | 2004-03-20 |   16 |     12     23      2     38     20     34     18
    68 | 2004-03-20 |   26 |     18     16     29     16     11     12     16
    68 | 2004-03-20 |   39 |      3     44     44     44     44     44     10
    67 | 2004-03-13 |    3 |     32     40     36      6     38     38     44
    67 | 2004-03-13 |    7 |     30     38     38      5     36     37     43
    67 | 2004-03-13 |   10 |      8     21      1     29     18     22     41
    67 | 2004-03-13 |   15 |     38     39     33     34     40     30     31
    67 | 2004-03-13 |   36 |     26      7     18     10     15     12      7
    67 | 2004-03-13 |   38 |     31     10     34     22     10     26      9
    66 | 2004-03-06 |    2 |     25     39      2     39      2     37     37
    66 | 2004-03-06 |    3 |     42     41     38     36     36     39     42
    66 | 2004-03-06 |    7 |     41     35     32     26     28     33     39
    66 | 2004-03-06 |   17 |     24     24      8     16      9     30     26
    66 | 2004-03-06 |   22 |      5      5     32     29      3     26     21
    66 | 2004-03-06 |   24 |     17     26     26     33     34     17     18
    65 | 2004-02-28 |    4 |     29     41     40     25     42     38     26
    65 | 2004-02-28 |   25 |     31     32     16     32     10     14     23
    65 | 2004-02-28 |   33 |     41     33      3     28     36     24      3
    65 | 2004-02-28 |   36 |      9      5     18      3     19      6     14
    65 | 2004-02-28 |   40 |     44     44     44     44     44     44      2
    65 | 2004-02-28 |   43 |     40     11     40     11     12     19     10
    64 | 2004-02-21 |   14 |     30     32     32     37     34     34     27
    64 | 2004-02-21 |   15 |     28     18     14     12     11      7     29
    64 | 2004-02-21 |   18 |      7     14      6     10     18      5     15
    64 | 2004-02-21 |   21 |      1     30     21     40     20     25     23
    64 | 2004-02-21 |   26 |     21     27     26     32     27     23     16
    64 | 2004-02-21 |   36 |     23     28     38      2     37     21     14
    63 | 2004-02-14 |    3 |     40     39     39      1     32     40     44
    63 | 2004-02-14 |   20 |     31     27     38     33     34     28     15
    63 | 2004-02-14 |   23 |     39      7     28     42      8     25     17
    63 | 2004-02-14 |   36 |     45     45     45     45     45     45      6
    63 | 2004-02-14 |   38 |     16     19     40     26     40      9     10
    63 | 2004-02-14 |   40 |     19     24     27     29     43     36      3
    62 | 2004-02-07 |    3 |     42     24     28     23     34     41     40
    62 | 2004-02-07 |    8 |      1     42     25     34     44     34     22
    62 | 2004-02-07 |   15 |     38     32     34      5     23     38     43
    62 | 2004-02-07 |   27 |     32     32     37     26     12     18     28
    62 | 2004-02-07 |   29 |     26     38     33     29     20      8     33
    62 | 2004-02-07 |   35 |     16     21     31     16     13     28      7
    61 | 2004-01-31 |   14 |     31     42     18     29     40     30     26
    61 | 2004-01-31 |   15 |     32     27     14     20     16     24     29
    61 | 2004-01-31 |   19 |     21     13     15     10      8     20     21
    61 | 2004-01-31 |   30 |     12     14     20     19     32     10     34
    61 | 2004-01-31 |   38 |      9     11      3     26     37      7      8
    61 | 2004-01-31 |   43 |     37     37     42     44     27     22      9
    60 | 2004-01-24 |    2 |     45     45     31     28      1     40     38
    60 | 2004-01-24 |    8 |     42     44     35     27     43     44     24
    60 | 2004-01-24 |   25 |     36     35     41     22     20     11     26
    60 | 2004-01-24 |   36 |     12     34     45      4     35     24     12
    60 | 2004-01-24 |   39 |     24     33     38      3     31     22     13
    60 | 2004-01-24 |   42 |      8      4     33     32      5     28      4
    59 | 2004-01-17 |    6 |      1     41     24     27     42     43     25
    59 | 2004-01-17 |   29 |     33     30     19     31     20     10     29
    59 | 2004-01-17 |   36 |     12     19     26     28     38     28      6
    59 | 2004-01-17 |   39 |     24     44     45     40     23     27     10
    59 | 2004-01-17 |   41 |      9      5     35     29     15     37      1
    59 | 2004-01-17 |   45 |     20     35     43     44     18     34     11
    58 | 2004-01-10 |   10 |     39     38     41      6     39     38     44
    58 | 2004-01-10 |   24 |      6      2      6     11     17      3     17
    58 | 2004-01-10 |   25 |     24     33     28      2     22     22     41
    58 | 2004-01-10 |   33 |     22     27     35     24     26     20      3
    58 | 2004-01-10 |   40 |     20     26     37     33     38     36      2
    58 | 2004-01-10 |   44 |      6      7     33      4     25     22     14
    57 | 2004-01-03 |    7 |      1     35     18     26     38     34     39
    57 | 2004-01-03 |   10 |     10     12     22      1     18     37     44
    57 | 2004-01-03 |   16 |     17     29     36     32     22     18     19
    57 | 2004-01-03 |   25 |     40     11     25     26     25     30     26
    57 | 2004-01-03 |   29 |     27     26     22     36      4      9     33
    57 | 2004-01-03 |   44 |     44     44     44     44     44     44      9
    56 | 2003-12-27 |   10 |     20     31      2     13     16     28     41
    56 | 2003-12-27 |   14 |     18     28     36     16     14     23     28
    56 | 2003-12-27 |   30 |     19     20     35     36     21     14     35
    56 | 2003-12-27 |   31 |     40     23     21      3     41     21     45
    56 | 2003-12-27 |   33 |     39     26     31     41     36     26      2
    56 | 2003-12-27 |   37 |      3     44     44      5     44     44     14
    55 | 2003-12-20 |   17 |     18     28     11     26     12     13     23
    55 | 2003-12-20 |   21 |     34     35     33      4     22     23     40
    55 | 2003-12-20 |   31 |     37     30     27     26     20     35     45
    55 | 2003-12-20 |   37 |      3     44     44     44     44     44     12
    55 | 2003-12-20 |   40 |     30     10     20     14     32     33      2
    55 | 2003-12-20 |   44 |     44     16     43     23      5     38     10
    54 | 2003-12-13 |    1 |      2     34     16     34     22     32     33
    54 | 2003-12-13 |    8 |     28     38     22      5     34     39     40
    54 | 2003-12-13 |   21 |     32     40     20     29     16     23     24
    54 | 2003-12-13 |   27 |     26     27     28     27     15     22     34
    54 | 2003-12-13 |   36 |     41     37     41     36     41     31      5
    54 | 2003-12-13 |   39 |     39     20     40      4     22     35     14
    53 | 2003-12-06 |    7 |     14     17     14     31     27     18     36
    53 | 2003-12-06 |    8 |      6     29      5     16      6      5     19
    53 | 2003-12-06 |   14 |     11     16     10     27      9      9     25
    53 | 2003-12-06 |   32 |     14     15     32     20     18     31      7
    53 | 2003-12-06 |   33 |     36     35     40     22     30     29      2
    53 | 2003-12-06 |   39 |     18     21     38     11      1      4     11
    52 | 2003-11-29 |    2 |     39     42     34      2     30     43     42
    52 | 2003-11-29 |    4 |     42     38     24     44     22     40     24
    52 | 2003-11-29 |   15 |     22     32     30     38     33     28     31
    52 | 2003-11-29 |   16 |     11     21      9      1     14     17     36
    52 | 2003-11-29 |   20 |     17     26     22     41     26     17     15
    52 | 2003-11-29 |   29 |     16      2     12      9      4      4     30
    51 | 2003-11-22 |    2 |     43     32     20      1     20     38     39
    51 | 2003-11-22 |    3 |      3     30     39     42     33     42     41
    51 | 2003-11-22 |   11 |     36     28     42     36     39     33     30
    51 | 2003-11-22 |   16 |     25     15     10     34     16     20     20
    51 | 2003-11-22 |   26 |     12     16     14     28     12      9     17
    51 | 2003-11-22 |   44 |     14     20     33      3     24     21     14
    50 | 2003-11-15 |    2 |     32      8      8     34      2     38     35
    50 | 2003-11-15 |   10 |     24     42     14     36     38     32     38
    50 | 2003-11-15 |   12 |      8      3      4     12      4     23     37
    50 | 2003-11-15 |   15 |     25     16     21     24     21     34     27
    50 | 2003-11-15 |   22 |     10     28      7     14      3      8     21
    50 | 2003-11-15 |   44 |     14     18     42     27     39     10      8
    49 | 2003-11-08 |    4 |     34      5     24     35     30     38     33
    49 | 2003-11-08 |    7 |     29     14      1     16     20     40     39
    49 | 2003-11-08 |   16 |      7     12      8     17     18     11     15
    49 | 2003-11-08 |   19 |     32     12     15     19     13     21     20
    49 | 2003-11-08 |   33 |     28     11     27     14     19     17     11
    49 | 2003-11-08 |   40 |     30     35      3     43     42     29      3
    48 | 2003-11-01 |    6 |     10     30     38     21     35     39     24
    48 | 2003-11-01 |   10 |     17     45     37     32     41     36     40
    48 | 2003-11-01 |   18 |     38     38      2     24     43     35     16
    48 | 2003-11-01 |   26 |     12     15     10      4     25      7     35
    48 | 2003-11-01 |   37 |     22      8      3     15      9      5     12
    48 | 2003-11-01 |   38 |     33     28     36     45     44     28      8
    47 | 2003-10-25 |   14 |      8     14      9     22     36     12     26
    47 | 2003-10-25 |   17 |      2     13     11     22     11     30     23
    47 | 2003-10-25 |   26 |     12     45      2     26     40     29     17
    47 | 2003-10-25 |   31 |     28     16     26      4     21     20     45
    47 | 2003-10-25 |   36 |     19     39     43     24     34     31      6
    47 | 2003-10-25 |   45 |     34     18     29     28     16     10     12
    46 | 2003-10-18 |    8 |     12      4     33     20     21     28     22
    46 | 2003-10-18 |   13 |     42     38     34     37     28     26     33
    46 | 2003-10-18 |   15 |     30      9     11     16     10      9     30
    46 | 2003-10-18 |   23 |     34     40     25     42     23     12     18
    46 | 2003-10-18 |   31 |     39     28     34     24     30     18     45
    46 | 2003-10-18 |   38 |     28     32     30     28     40     34      8
    45 | 2003-10-11 |    1 |      1     40     44     40     40     40     36
    45 | 2003-10-11 |   10 |     16      4     30     22     25     28     39
    45 | 2003-10-11 |   20 |      9     15     10     16     36     11     15
    45 | 2003-10-11 |   27 |     19     31     32     31     16     14     30
    45 | 2003-10-11 |   33 |     39      8     19     28     19     19      2
    45 | 2003-10-11 |   35 |     21      6      8     11      8      6      5
    44 | 2003-10-04 |    3 |     11      6      4      8      7     11     42
    44 | 2003-10-04 |   11 |     25     18     15     15     24     28     29
    44 | 2003-10-04 |   21 |     32     20     22     24     21     16     24
    44 | 2003-10-04 |   30 |     14     26     18     24     40      6     37
    44 | 2003-10-04 |   38 |     35     42     44      3     40     23     12
    44 | 2003-10-04 |   45 |      6      2     39     30      9      3      9
    43 | 2003-09-27 |    6 |      3     17     16     16     41     14     28
    43 | 2003-09-27 |   31 |      7      2     34     18     10      7     45
    43 | 2003-09-27 |   35 |     34     28     37     30     14     18      6
    43 | 2003-09-27 |   38 |     22     24     41     13     45     27      8
    43 | 2003-09-27 |   39 |     10     11     38     20     15     14     11
    43 | 2003-09-27 |   44 |     30     44     44     35     41     22      9
    42 | 2003-09-20 |   17 |     17     10     15     24     12     30     22
    42 | 2003-09-20 |   18 |     29     16     19     15     34      8     15
    42 | 2003-09-20 |   19 |      9      6      9     18     10     23     18
    42 | 2003-09-20 |   21 |     16     34     26     33     14     10     19
    42 | 2003-09-20 |   23 |     11     18     10      4     22     20     41
    42 | 2003-09-20 |   32 |     32     22     26     17      1     22      7
    41 | 2003-09-13 |   13 |     34     18     20      5     34     42     43
    41 | 2003-09-13 |   20 |     23     11     17     30     13      7     15
    41 | 2003-09-13 |   23 |     12     30     38     41     38     26     16
    41 | 2003-09-13 |   35 |     31     33     23     26     33     29      6
    41 | 2003-09-13 |   38 |     10      3      8      8      9      5      9
    41 | 2003-09-13 |   43 |     22     40     39     33     40     38     10
    40 | 2003-09-06 |    7 |     12     10     34      7     28     28     42
    40 | 2003-09-06 |   13 |     10      8     20      6     30     22     44
    40 | 2003-09-06 |   18 |     20     16      1     10      7      7     16
    40 | 2003-09-06 |   19 |     11      5     40     30      3     33     21
    40 | 2003-09-06 |   25 |     22     33     35     34     40     36     27
    40 | 2003-09-06 |   26 |     35     40     32     27     21     10     18
    39 | 2003-08-30 |    6 |     24     12     38     16     28     39     24
    39 | 2003-08-30 |    7 |     28     41     39     28     43     40     37
    39 | 2003-08-30 |   13 |     10     15     34     15     38     21     34
    39 | 2003-08-30 |   15 |      4      1      3      7      6      1     30
    39 | 2003-08-30 |   21 |     24      4     31     13      3     29     21
    39 | 2003-08-30 |   43 |     41     27     20      3     36     42     13
    38 | 2003-08-23 |   16 |      6      3     16     10     10      9     19
    38 | 2003-08-23 |   17 |     27     43     43     26     38     21     26
    38 | 2003-08-23 |   22 |      7      2      8      9      8      3     24
    38 | 2003-08-23 |   30 |     34     34     35      2     23     17     44
    38 | 2003-08-23 |   37 |     32     12     10      5     35      6     14
    38 | 2003-08-23 |   43 |     44     42     34     42     40     44      7
    37 | 2003-08-16 |    7 |     31     34     29     34     36     17     39
    37 | 2003-08-16 |   27 |      7      7      7     10     12      6     29
    37 | 2003-08-16 |   30 |     22     21     35     29     18     12     34
    37 | 2003-08-16 |   33 |     32     15     22     29     38     18      2
    37 | 2003-08-16 |   35 |     26      8     11     27     30     39      7
    37 | 2003-08-16 |   37 |     41     38     38     37     34     28     14
    36 | 2003-08-09 |    1 |     43     36     31     44      1     43     34
    36 | 2003-08-09 |   10 |     26      4     12     23     21     14     39
    36 | 2003-08-09 |   23 |     16     28     16     26     27     34     18
    36 | 2003-08-09 |   26 |     44     44     44      2     44     44     41
    36 | 2003-08-09 |   28 |     24     33     37     36     20     16     32
    36 | 2003-08-09 |   40 |     38     27     16     19     26     15      3
    35 | 2003-08-02 |    2 |      1      5     40     25     25     20     34
    35 | 2003-08-02 |    3 |     44     42     34     30     44     44     42
    35 | 2003-08-02 |   11 |      2      1      4      7      2      1     37
    35 | 2003-08-02 |   26 |     18     24     27      2     17     16     43
    35 | 2003-08-02 |   37 |      9     16     18      3     26     12     14
    35 | 2003-08-02 |   43 |     45     45     45     45     45     45      8
    34 | 2003-07-26 |    9 |      3     41     28     38     42     18     29
    34 | 2003-07-26 |   26 |     15     16     20     17     13     27     17
    34 | 2003-07-26 |   35 |     33     26     36     30     37     32      3
    34 | 2003-07-26 |   37 |     43     40      1     26     44     41     12
    34 | 2003-07-26 |   40 |     32     24     43      5     27     44     10
    34 | 2003-07-26 |   42 |     24     10     29     37     16     32      2
    33 | 2003-07-19 |    4 |      3     28      3     26     22     10     24
    33 | 2003-07-19 |    7 |     43     43     41     40     43     36     36
    33 | 2003-07-19 |   32 |      2     18     28     34     22     28      6
    33 | 2003-07-19 |   33 |     38     29     34     27     36     36      3
    33 | 2003-07-19 |   40 |     27     20     36     28     13     27      1
    33 | 2003-07-19 |   41 |     10      2     34     13      5     17      2
    32 | 2003-07-12 |    6 |     34      9      3     40     30     42     25
    32 | 2003-07-12 |   14 |     22      6     28     24     10      8     28
    32 | 2003-07-12 |   19 |      6      9      7     22     16      4     19
    32 | 2003-07-12 |   25 |      8     21     16     29     25     14     24
    32 | 2003-07-12 |   34 |     12     22     12      9     12     21      4
    32 | 2003-07-12 |   44 |     33     42     39     28     28     38      8
    31 | 2003-07-05 |    7 |     41     44      2     43     38     32     38
    31 | 2003-07-05 |    9 |     40     43     40     31      1     22     35
    31 | 2003-07-05 |   18 |     35     20     29     30     28     25     15
    31 | 2003-07-05 |   23 |     33     33     36     28     41     27     17
    31 | 2003-07-05 |   28 |     11     12     33     39     20     18     27
    31 | 2003-07-05 |   35 |     13     20     17      2     33     26     13
    30 | 2003-06-28 |    8 |     28     21     30     32     16     23     21
    30 | 2003-06-28 |   17 |     38     40      3     30     36     14     28
    30 | 2003-06-28 |   20 |     11      8     20     11     10     22     15
    30 | 2003-06-28 |   35 |     24     25     10     33     32     16      4
    30 | 2003-06-28 |   36 |      9     16     17     18     18     41      5
    30 | 2003-06-28 |   44 |     16     38     44     36     27     30      9
    29 | 2003-06-21 |    1 |      2     15     33     45     45     40     32
    29 | 2003-06-21 |    5 |     40     35     39     44     32     42     41
    29 | 2003-06-21 |   13 |     36     26     24     34     35     14     34
    29 | 2003-06-21 |   34 |      7      1      7      8      6      4      4
    29 | 2003-06-21 |   39 |     34     36     14     36      2     24     11
    29 | 2003-06-21 |   40 |     17     45     34     28     22     19      3
    28 | 2003-06-14 |    9 |     34     42     36     35     44     32     32
    28 | 2003-06-14 |   18 |     32     14     20     23     26     13     15
    28 | 2003-06-14 |   23 |     41     36     22     38     38     22     16
    28 | 2003-06-14 |   25 |     28      6     14     25     36     43     25
    28 | 2003-06-14 |   35 |     35     34     34     31     34     18      6
    28 | 2003-06-14 |   37 |     22     16     28      5     32     19     14
    27 | 2003-06-07 |    1 |     10      5     10     32      1      9     36
    27 | 2003-06-07 |   20 |     14     13      9      4     15     35     22
    27 | 2003-06-07 |   26 |     23     27     21     34     18     15     15
    27 | 2003-06-07 |   28 |      6      1      8     10      8      4     32
    27 | 2003-06-07 |   37 |      8      8      1      9     14      6     14
    27 | 2003-06-07 |   43 |     33     40     44     22     36     43     11
    26 | 2003-05-31 |    4 |     31     18      9      4     22     28     43
    26 | 2003-05-31 |    5 |     24     17     21     13     41     14     42
    26 | 2003-05-31 |    7 |     40     16     15     27     40     43     37
    26 | 2003-05-31 |   18 |     30     16     17     38      9     10     16
    26 | 2003-05-31 |   20 |     18     36     11     18     11      6     15
    26 | 2003-05-31 |   25 |     16     41      4     40     35     42     24
    25 | 2003-05-24 |    2 |     39     34     18     34     41     44     36
    25 | 2003-05-24 |    4 |     36     23     15     42     24     43     26
    25 | 2003-05-24 |   21 |      8      6     10     12      3      6     23
    25 | 2003-05-24 |   26 |     40     40     32     30     20     14     17
    25 | 2003-05-24 |   43 |     44     26     43      4     44     26     13
    25 | 2003-05-24 |   44 |      1     43     33     40     26     24      9
    24 | 2003-05-17 |    7 |     17     14     13     35     24     41     38
    24 | 2003-05-17 |    8 |     11     29     18     32      1     27     22
    24 | 2003-05-17 |   27 |     35     44     26     31     14     10     30
    24 | 2003-05-17 |   29 |     27     12     32     35     18     20     35
    24 | 2003-05-17 |   36 |     33     41     41     26     39     25      6
    24 | 2003-05-17 |   43 |     43     18     38     28     19     14      8
    23 | 2003-05-10 |    5 |     13      4     14      7      9     32     44
    23 | 2003-05-10 |   13 |     20      3     17     28      6     22     34
    23 | 2003-05-10 |   17 |     37     39     41      4     21     30     39
    23 | 2003-05-10 |   18 |     21     42     34     20      4     37     16
    23 | 2003-05-10 |   33 |     40     34     39     27     31     35      3
    23 | 2003-05-10 |   42 |     35     30     42     24     34     14      5
    22 | 2003-05-03 |    4 |     16     44     23     44     42     45     24
    22 | 2003-05-03 |    5 |      4      2      3      7      5      1     42
    22 | 2003-05-03 |    6 |     15     45     22      2     45     41     41
    22 | 2003-05-03 |    8 |      5      8      5     13      1      7     21
    22 | 2003-05-03 |   17 |     32     43     39      3     24     28     39
    22 | 2003-05-03 |   39 |     45     24     44     19     31     21     12
    21 | 2003-04-26 |    6 |     16     44     43     42     40     40     26
    21 | 2003-04-26 |   12 |     14     25     24     39     33     33     36
    21 | 2003-04-26 |   17 |     32     14     19     27     16     38     24
    21 | 2003-04-26 |   18 |      8     24     14      3      4     14     21
    21 | 2003-04-26 |   31 |     32     20     22     20     14     27     45
    21 | 2003-04-26 |   32 |     20      9     15     21     40     26      8

━━━━━━━━━━━━━━━━━━━━━━━━━━━━━━━━━━━━━━━━━━━━━━━━━━━━━━━━━━━━━━━━━━━━━━━━━━━━━━━━━━━━
[3] 요약 — 실제 당첨번호들의 평균 순위 (45개 중 23.0위 = 예측력 없음)
━━━━━━━━━━━━━━━━━━━━━━━━━━━━━━━━━━━━━━━━━━━━━━━━━━━━━━━━━━━━━━━━━━━━━━━━━━━━━━━━━━━━
전략                평균순위     ±SE     23과 차이       z          판정
---------------------------------------------------------------
🎯보너스추적           22.91   0.140      -0.09   -0.67      예측력 없음
🤫분배회피            23.01   0.142      +0.01   +0.09      예측력 없음
🔁이월수             23.06   0.142      +0.06   +0.45      예측력 없음
🎲합계정밀            23.09   0.141      +0.09   +0.64      예측력 없음
🚀미출현폭탄           23.18   0.141      +0.18   +1.29      예측력 없음
✨최약끝수            23.25   0.138      +0.25   +1.81      예측력 없음
🔄휴식회귀            23.25   0.143      +0.25   +1.75      예측력 없음

  7전략 z 제곱합 = 9.05 (자유도 7, 기대 7.0, 유의임계 18.48) → 전부 무작위와 구분 불가 (p>0.05)
  ※ |z| > 2.58 (p<0.01) 이어야 '우연이 아니다'라고 말할 수 있음

  [보강] 순위 상위권 적중률 — 시뮬 잡음에 강한 지표
  전략              TOP5 적중       기대       z      TOP10 적중       기대       z
  --------------------------------------------------------------------------
  🎯보너스추적              798      807   -0.37         1,604    1,606   -0.07
  🚀미출현폭탄              773      805   -1.28         1,581    1,606   -0.74
  🔄휴식회귀               780      808   -1.11         1,569    1,606   -1.10
  🔁이월수                843      808   +1.37         1,632    1,614   +0.54
  ✨최약끝수               786      809   -0.93         1,564    1,609   -1.34
  🎲합계정밀               800      803   -0.11         1,596    1,602   -0.18
  🤫분배회피               814      803   +0.42         1,618    1,617   +0.04
  ※ 전략이 1~5위로 꼽은 번호가 실제로 당첨된 횟수 vs 무작위 기대치
